block_s,block_frames,participant,rep,ex,region,kind,DET,LAM,Lmean,RR,n
0.2,24,651,1,11,trunk_spine,identity,0.9937476005045796,0.9972028739099436,7.487190082644628,0.02783919137630928,1199.0
0.2,24,651,1,11,trunk_spine,full_shuffle,0.033740942028985504,0.04849788647342995,2.041095890410959,0.020227807127370444,1199.0
0.2,24,651,1,11,trunk_spine,block_shuffle,0.929099920982688,0.9734932835284822,4.50976290097629,0.02125538217241274,1199.0
0.2,24,651,1,11,left_arm,identity,0.9653287404522989,0.9818406469971545,4.643731988472623,0.020389654014108163,1199.0
0.2,24,651,1,11,left_arm,full_shuffle,0.045882083046570314,0.08251127934541562,2.0202020202020203,0.019966714508199226,1199.0
0.2,24,651,1,11,left_arm,block_shuffle,0.8776990275259601,0.9495220042854788,3.271889400921659,0.01852688795920237,1199.0
0.2,24,651,1,11,right_arm,identity,0.9700228832951945,0.9857360793287566,4.773648648648648,0.020017100803127005,1199.0
0.2,24,651,1,11,right_arm,full_shuffle,0.040016570008285006,0.0512013256006628,2.004149377593361,0.018429169084190917,1199.0
0.2,24,651,1,11,right_arm,block_shuffle,0.8861219195849546,0.9566364029399049,3.5071868583162216,0.017658106086053685,1199.0
0.2,24,651,1,13,trunk_spine,identity,0.9797875479492476,0.9896540277367956,5.113378248315688,0.02828822436927443,1439.0
0.2,24,651,1,13,trunk_spine,full_shuffle,0.04854141445698442,0.08273128441441793,2.034369885433715,0.02671793159575134,1439.0
0.2,24,651,1,13,trunk_spine,block_shuffle,0.8938782747462211,0.9579325324704109,3.5161290322580645,0.02353769746040358,1439.0
0.2,24,651,1,13,left_arm,identity,0.985290404040404,0.9917140151515151,7.508780370459466,0.03305440203668538,1439.0
0.2,24,651,1,13,left_arm,full_shuffle,0.04862848564800073,0.05206295774007187,2.0284629981024667,0.022936708332463848,1439.0
0.2,24,651,1,13,left_arm,block_shuffle,0.9020237712817218,0.9610848515442155,3.8174402796659543,0.022736378623150602,1439.0
0.2,24,651,1,13,right_arm,identity,0.9857976574297025,0.9925315267518263,6.157277593678307,0.025566035767200183,1439.0
0.2,24,651,1,13,right_arm,full_shuffle,0.050762527233115466,0.0947276688453159,2.019064124783362,0.02394566056634878,1439.0
0.2,24,651,1,13,right_arm,block_shuffle,0.8895357442399724,0.957891361191968,3.613950691521347,0.02114834832328207,1439.0
0.2,24,651,2,11,trunk_spine,identity,0.9829069134458356,0.9922518599165305,5.403830806065443,0.042072556264696005,1199.0
0.2,24,651,2,11,trunk_spine,full_shuffle,0.08171830638192816,0.159856807801506,2.036923076923077,0.037107215928176625,1199.0
0.2,24,651,2,11,trunk_spine,block_shuffle,0.9023658345655389,0.9634469861703053,3.4889860433832185,0.03510855956270804,1199.0
0.2,24,651,2,11,left_arm,identity,0.9862923287810327,0.9939330862567903,6.334202804043039,0.030074510642196232,1199.0
0.2,24,651,2,11,left_arm,full_shuffle,0.04685445359540453,0.05550557131981452,2.02089552238806,0.022061562891257214,1199.0
0.2,24,651,2,11,left_arm,block_shuffle,0.8987264183068855,0.9634270925560172,3.7563336179903217,0.022418847528017833,1199.0
0.2,24,651,2,11,right_arm,identity,0.984172815741632,0.9927013153673404,7.338915470494418,0.028555287507252572,1199.0
0.2,24,651,2,11,right_arm,full_shuffle,0.040994143693758034,0.048993000999857164,2.0140350877192983,0.02137905762359911,1199.0
0.2,24,651,2,11,right_arm,block_shuffle,0.8886439647309212,0.9564457281848586,3.612793572311496,0.020087336244541485,1199.0
0.2,24,651,2,13,trunk_spine,identity,0.9724730714829725,0.9878032858230879,4.899144924358693,0.03482758620689655,1679.0
0.2,24,651,2,13,trunk_spine,full_shuffle,0.059877089361295106,0.10637509266123055,2.0291734197730955,0.03169306555513452,1679.0
0.2,24,651,2,13,trunk_spine,block_shuffle,0.8820976874636186,0.9509710536063926,3.3556114745848014,0.028642667677150437,1679.0
0.2,24,651,2,13,left_arm,identity,0.9625416204217536,0.9834558823529411,4.296640346802911,0.021850701023114816,1679.0
0.2,24,651,2,13,left_arm,full_shuffle,0.03870611003594139,0.07002646234053478,2.016460905349794,0.019188328912466843,1679.0
0.2,24,651,2,13,left_arm,block_shuffle,0.8970058932879801,0.9611201202388957,3.4330911292764155,0.01916104585070102,1679.0
0.2,24,651,2,13,right_arm,identity,0.9714140781189389,0.9866469728165189,4.845936290562667,0.025398256915498296,1679.0
0.2,24,651,2,13,right_arm,full_shuffle,0.05179305457122608,0.081218993621545,2.036789297658863,0.026733611216369836,1679.0
0.2,24,651,2,13,right_arm,block_shuffle,0.8955763314316437,0.9601242569969235,3.60329287345271,0.02537248957938613,1679.0
0.2,24,790,1,11,trunk_spine,identity,0.9935296161195067,0.9962654160152857,8.168154230631917,0.035160472715057865,1199.0
0.2,24,790,1,11,trunk_spine,full_shuffle,0.04916660324225588,0.05304817718243397,2.0378548895899056,0.020061379668366568,1199.0
0.2,24,790,1,11,trunk_spine,block_shuffle,0.918491074435837,0.9742758504546986,3.8449065914698624,0.018132958744312457,1199.0
0.2,24,790,1,11,left_arm,identity,0.9849523573815122,0.9920430639772305,8.483692176508207,0.06169267413808899,1199.0
0.2,24,790,1,11,left_arm,full_shuffle,0.083869670152856,0.17077299544113703,2.0441176470588234,0.0455492106147128,1199.0
0.2,24,790,1,11,left_arm,block_shuffle,0.9415616710875332,0.9774812113174182,4.717845770455489,0.05526002381897578,1199.0
0.2,24,790,1,11,right_arm,identity,0.9755931742470596,0.9869467672853355,5.35048471290082,0.022458545820991237,1199.0
0.2,24,790,1,11,right_arm,full_shuffle,0.04839041801084495,0.08524950236804173,2.020057306590258,0.022244785781903687,1199.0
0.2,24,790,1,11,right_arm,block_shuffle,0.8617682680662091,0.9472749293500202,3.1171144859813085,0.018910129172137906,1199.0
0.2,24,790,1,13,trunk_spine,identity,0.9501374570446736,0.9754123711340206,5.823907319641917,0.044107616521409626,1679.0
0.2,24,790,1,13,trunk_spine,full_shuffle,0.07172573714961239,0.10919135199036079,2.042071197411003,0.03333611216369837,1679.0
0.2,24,790,1,13,trunk_spine,block_shuffle,0.8809512574906809,0.9479899023262398,3.9334246286737597,0.032122773777946194,1679.0
0.2,24,790,1,13,left_arm,identity,0.9785310405977005,0.9891855749523962,6.460032626427406,0.05213868889730959,1679.0
0.2,24,790,1,13,left_arm,full_shuffle,0.06525709996246716,0.11284874264981859,2.0343213728549143,0.03028798787419477,1679.0
0.2,24,790,1,13,left_arm,block_shuffle,0.8797658014844867,0.9500138306209949,3.5556176634991616,0.03287760515346722,1679.0
0.2,24,790,1,13,right_arm,identity,0.9774812182545047,0.9891558353772765,5.245957711442786,0.039241379310344826,1679.0
0.2,24,790,1,13,right_arm,full_shuffle,0.04922707069577614,0.08872613423531714,2.0381944444444446,0.027111026904130354,1679.0
0.2,24,790,1,13,right_arm,block_shuffle,0.8945153520307871,0.9581937484426479,3.64373519792489,0.02737324744221296,1679.0
0.2,24,790,2,11,trunk_spine,identity,0.9965332064441574,0.9978077628985114,10.524048815506102,0.04492319907167069,1199.0
0.2,24,790,2,11,trunk_spine,full_shuffle,0.037149028077753776,0.05533477321814255,2.0187793427230045,0.017673374660274223,1199.0
0.2,24,790,2,11,trunk_spine,block_shuffle,0.9067434700566094,0.9658853908034561,3.871925360474979,0.015373927382661008,1199.0
0.2,24,790,2,11,left_arm,identity,0.983637352315982,0.9932028276237085,6.897053726169844,0.030886798790728923,1199.0
0.2,24,790,2,11,left_arm,full_shuffle,0.05360348807386509,0.0911772249294691,2.0242130750605325,0.023812868354353072,1199.0
0.2,24,790,2,11,left_arm,block_shuffle,0.9080091533180779,0.9639588100686499,4.042791645440652,0.02668946773750267,1199.0
0.2,24,790,2,11,right_arm,identity,0.9900306114006784,0.9945809547447672,8.336119818878439,0.03691025132073167,1199.0
0.2,24,790,2,11,right_arm,full_shuffle,0.05189780534987659,0.09569074778200254,2.0366492146596857,0.022889119614010443,1199.0
0.2,24,790,2,11,right_arm,block_shuffle,0.9120603015075377,0.9653951576062129,3.9757716561566543,0.0200537453812563,1199.0
0.2,24,790,2,13,trunk_spine,identity,0.9891259829619922,0.9950954292267365,6.641138457307851,0.0370079575596817,1679.0
0.2,24,790,2,13,trunk_spine,full_shuffle,0.044336524351897146,0.09078680735098875,2.011093502377179,0.021691549829480863,1679.0
0.2,24,790,2,13,trunk_spine,block_shuffle,0.9008047466412058,0.9637693514287663,3.742844998583168,0.02222508525956802,1679.0
0.2,24,790,2,13,left_arm,identity,0.9757235997234022,0.9879111923342883,5.05230179028133,0.030687381583933308,1679.0
0.2,24,790,2,13,left_arm,full_shuffle,0.06313401959073801,0.12669175743376287,2.041095890410959,0.030406214475179993,1679.0
0.2,24,790,2,13,left_arm,block_shuffle,0.8897709168818326,0.9546503323627974,3.567511013215859,0.027590754073512695,1679.0
0.2,24,790,2,13,right_arm,identity,0.9916279814310869,0.9958540099247639,8.873657069187795,0.04734369079196665,1679.0
0.2,24,790,2,13,right_arm,full_shuffle,0.04862429605792438,0.08022526146419952,2.020053475935829,0.023550587343690792,1679.0
0.2,24,790,2,13,right_arm,block_shuffle,0.9102656879975188,0.9658844205520521,3.8282608695652174,0.021992421371731716,1679.0
0.3,36,651,1,11,trunk_spine,identity,0.9937476005045796,0.9972028739099436,7.487190082644628,0.02783919137630928,1199.0
0.3,36,651,1,11,trunk_spine,full_shuffle,0.033740942028985504,0.04849788647342995,2.041095890410959,0.020227807127370444,1199.0
0.3,36,651,1,11,trunk_spine,block_shuffle,0.9645929339477727,0.9870967741935484,5.109438567941416,0.01987968363514215,1199.0
0.3,36,651,1,11,left_arm,identity,0.9653287404522989,0.9818406469971545,4.643731988472623,0.020389654014108163,1199.0
0.3,36,651,1,11,left_arm,full_shuffle,0.045882083046570314,0.08251127934541562,2.0202020202020203,0.019966714508199226,1199.0
0.3,36,651,1,11,left_arm,block_shuffle,0.9306690615177369,0.9700044903457566,4.060736677115988,0.017001557394570495,1199.0
0.3,36,651,1,11,right_arm,identity,0.9700228832951945,0.9857360793287566,4.773648648648648,0.020017100803127005,1199.0
0.3,36,651,1,11,right_arm,full_shuffle,0.040016570008285006,0.0512013256006628,2.004149377593361,0.018429169084190917,1199.0
0.3,36,651,1,11,right_arm,block_shuffle,0.9212160836874795,0.967581998474447,4.014245014245014,0.014011970562188903,1199.0
0.3,36,651,1,13,trunk_spine,identity,0.9797875479492476,0.9896540277367956,5.113378248315688,0.02828822436927443,1439.0
0.3,36,651,1,13,trunk_spine,full_shuffle,0.04854141445698442,0.08273128441441793,2.034369885433715,0.02671793159575134,1439.0
0.3,36,651,1,13,trunk_spine,block_shuffle,0.9475000880871005,0.9790528874951552,4.253559000316356,0.029612278541766658,1439.0
0.3,36,651,1,13,left_arm,identity,0.985290404040404,0.9917140151515151,7.508780370459466,0.03305440203668538,1439.0
0.3,36,651,1,13,left_arm,full_shuffle,0.04862848564800073,0.05206295774007187,2.0284629981024667,0.022936708332463848,1439.0
0.3,36,651,1,13,left_arm,block_shuffle,0.9367282180678212,0.9750927094085713,4.032587228439763,0.027291792742221575,1439.0
0.3,36,651,1,13,right_arm,identity,0.9857976574297025,0.9925315267518263,6.157277593678307,0.025566035767200183,1439.0
0.3,36,651,1,13,right_arm,full_shuffle,0.050762527233115466,0.0947276688453159,2.019064124783362,0.02394566056634878,1439.0
0.3,36,651,1,13,right_arm,block_shuffle,0.9487423780487805,0.9790396341463414,4.730641330166271,0.021902714884914756,1439.0
0.3,36,651,2,11,trunk_spine,identity,0.9829069134458356,0.9922518599165305,5.403830806065443,0.042072556264696005,1199.0
0.3,36,651,2,11,trunk_spine,full_shuffle,0.08171830638192816,0.159856807801506,2.036923076923077,0.037107215928176625,1199.0
0.3,36,651,2,11,trunk_spine,block_shuffle,0.9491917973462003,0.9781182147165259,4.438628158844765,0.03164412007206767,1199.0
0.3,36,651,2,11,left_arm,identity,0.9862923287810327,0.9939330862567903,6.334202804043039,0.030074510642196232,1199.0
0.3,36,651,2,11,left_arm,full_shuffle,0.04685445359540453,0.05550557131981452,2.02089552238806,0.022061562891257214,1199.0
0.3,36,651,2,11,left_arm,block_shuffle,0.942346256684492,0.9748495989304813,4.3900350330868045,0.018273429627141416,1199.0
0.3,36,651,2,11,right_arm,identity,0.984172815741632,0.9927013153673404,7.338915470494418,0.028555287507252572,1199.0
0.3,36,651,2,11,right_arm,full_shuffle,0.040994143693758034,0.048993000999857164,2.0140350877192983,0.02137905762359911,1199.0
0.3,36,651,2,11,right_arm,block_shuffle,0.9549119525253177,0.9837773334193382,4.863337713534823,0.023670870614102054,1199.0
0.3,36,651,2,13,trunk_spine,identity,0.9724730714829725,0.9878032858230879,4.899144924358693,0.03482758620689655,1679.0
0.3,36,651,2,13,trunk_spine,full_shuffle,0.059877089361295106,0.10637509266123055,2.0291734197730955,0.03169306555513452,1679.0
0.3,36,651,2,13,trunk_spine,block_shuffle,0.9257947477539737,0.9724285878829763,3.566389351081531,0.02631906025009473,1679.0
0.3,36,651,2,13,left_arm,identity,0.9625416204217536,0.9834558823529411,4.296640346802911,0.021850701023114816,1679.0
0.3,36,651,2,13,left_arm,full_shuffle,0.03870611003594139,0.07002646234053478,2.016460905349794,0.019188328912466843,1679.0
0.3,36,651,2,13,left_arm,block_shuffle,0.9175909840081964,0.967325938794601,3.584928646014619,0.017013262599469496,1679.0
0.3,36,651,2,13,right_arm,identity,0.9714140781189389,0.9866469728165189,4.845936290562667,0.025398256915498296,1679.0
0.3,36,651,2,13,right_arm,full_shuffle,0.05179305457122608,0.081218993621545,2.036789297658863,0.026733611216369836,1679.0
0.3,36,651,2,13,right_arm,block_shuffle,0.93064914270465,0.9714123690706518,3.970257577913761,0.0227192118226601,1679.0
0.3,36,790,1,11,trunk_spine,identity,0.9935296161195067,0.9962654160152857,8.168154230631917,0.035160472715057865,1199.0
0.3,36,790,1,11,trunk_spine,full_shuffle,0.04916660324225588,0.05304817718243397,2.0378548895899056,0.020061379668366568,1199.0
0.3,36,790,1,11,trunk_spine,block_shuffle,0.9515613910574876,0.9811479772888574,4.735540838852097,0.017210736861391882,1199.0
0.3,36,790,1,11,left_arm,identity,0.9849523573815122,0.9920430639772305,8.483692176508207,0.06169267413808899,1199.0
0.3,36,790,1,11,left_arm,full_shuffle,0.083869670152856,0.17077299544113703,2.0441176470588234,0.0455492106147128,1199.0
0.3,36,790,1,11,left_arm,block_shuffle,0.9419959347578206,0.9753110901789698,5.107795698924731,0.030798241060249795,1199.0
0.3,36,790,1,11,right_arm,identity,0.9755931742470596,0.9869467672853355,5.35048471290082,0.022458545820991237,1199.0
0.3,36,790,1,11,right_arm,full_shuffle,0.04839041801084495,0.08524950236804173,2.020057306590258,0.022244785781903687,1199.0
0.3,36,790,1,11,right_arm,block_shuffle,0.9329640333975594,0.9737074502247912,3.920715249662618,0.019018536049103734,1199.0
0.3,36,790,1,13,trunk_spine,identity,0.9501374570446736,0.9754123711340206,5.823907319641917,0.044107616521409626,1679.0
0.3,36,790,1,13,trunk_spine,full_shuffle,0.07172573714961239,0.10919135199036079,2.042071197411003,0.03333611216369837,1679.0
0.3,36,790,1,13,trunk_spine,block_shuffle,0.9092153166877533,0.9590487748199024,4.269277400581959,0.029351269420234936,1679.0
0.3,36,790,1,13,left_arm,identity,0.9785310405977005,0.9891855749523962,6.460032626427406,0.05213868889730959,1679.0
0.3,36,790,1,13,left_arm,full_shuffle,0.06525709996246716,0.11284874264981859,2.0343213728549143,0.03028798787419477,1679.0
0.3,36,790,1,13,left_arm,block_shuffle,0.9172558029928125,0.9657417226346177,3.8904297851074463,0.025727927245168626,1679.0
0.3,36,790,1,13,right_arm,identity,0.9774812182545047,0.9891558353772765,5.245957711442786,0.039241379310344826,1679.0
0.3,36,790,1,13,right_arm,full_shuffle,0.04922707069577614,0.08872613423531714,2.0381944444444446,0.027111026904130354,1679.0
0.3,36,790,1,13,right_arm,block_shuffle,0.9340148927281217,0.9730652969944213,4.318863636363637,0.03083819628647215,1679.0
0.3,36,790,2,11,trunk_spine,identity,0.9965332064441574,0.9978077628985114,10.524048815506102,0.04492319907167069,1199.0
0.3,36,790,2,11,trunk_spine,full_shuffle,0.037149028077753776,0.05533477321814255,2.0187793427230045,0.017673374660274223,1199.0
0.3,36,790,2,11,trunk_spine,block_shuffle,0.9654678833422795,0.9858650921452854,5.497707590422822,0.017067212263718812,1199.0
0.3,36,790,2,11,left_arm,identity,0.983637352315982,0.9932028276237085,6.897053726169844,0.030886798790728923,1199.0
0.3,36,790,2,11,left_arm,full_shuffle,0.05360348807386509,0.0911772249294691,2.0242130750605325,0.023812868354353072,1199.0
0.3,36,790,2,11,left_arm,block_shuffle,0.9324127906976745,0.9719749273255814,4.16220600162206,0.016807646501969645,1199.0
0.3,36,790,2,11,right_arm,identity,0.9900306114006784,0.9945809547447672,8.336119818878439,0.03691025132073167,1199.0
0.3,36,790,2,11,right_arm,full_shuffle,0.05189780534987659,0.09569074778200254,2.0366492146596857,0.022889119614010443,1199.0
0.3,36,790,2,11,right_arm,block_shuffle,0.9537923570060778,0.9830988260760969,4.593424218123497,0.018339084496289737,1199.0
0.3,36,790,2,13,trunk_spine,identity,0.9891259829619922,0.9950954292267365,6.641138457307851,0.0370079575596817,1679.0
0.3,36,790,2,13,trunk_spine,full_shuffle,0.044336524351897146,0.09078680735098875,2.011093502377179,0.021691549829480863,1679.0
0.3,36,790,2,13,trunk_spine,block_shuffle,0.9512288786482335,0.9817762882279011,4.503636363636364,0.021708222811671087,1679.0
0.3,36,790,2,13,left_arm,identity,0.9757235997234022,0.9879111923342883,5.05230179028133,0.030687381583933308,1679.0
0.3,36,790,2,13,left_arm,full_shuffle,0.06313401959073801,0.12669175743376287,2.041095890410959,0.030406214475179993,1679.0
0.3,36,790,2,13,left_arm,block_shuffle,0.9398474787300269,0.9754746835443038,4.153255387436955,0.02921712769988632,1679.0
0.3,36,790,2,13,right_arm,identity,0.9916279814310869,0.9958540099247639,8.873657069187795,0.04734369079196665,1679.0
0.3,36,790,2,13,right_arm,full_shuffle,0.04862429605792438,0.08022526146419952,2.020053475935829,0.023550587343690792,1679.0
0.3,36,790,2,13,right_arm,block_shuffle,0.9523321064381826,0.9814608097507995,4.700819061801936,0.025120121258052294,1679.0
0.45,54,651,1,11,trunk_spine,identity,0.9937476005045796,0.9972028739099436,7.487190082644628,0.02783919137630928,1199.0
0.45,54,651,1,11,trunk_spine,full_shuffle,0.033740942028985504,0.04849788647342995,2.041095890410959,0.020227807127370444,1199.0
0.45,54,651,1,11,trunk_spine,block_shuffle,0.9590582231500812,0.982428670842032,4.7495692130959215,0.013164564692948973,1199.0
0.45,54,651,1,11,left_arm,identity,0.9653287404522989,0.9818406469971545,4.643731988472623,0.020389654014108163,1199.0
0.45,54,651,1,11,left_arm,full_shuffle,0.045882083046570314,0.08251127934541562,2.0202020202020203,0.019966714508199226,1199.0
0.45,54,651,1,11,left_arm,block_shuffle,0.9423404981235073,0.9758188331627431,4.476499189627228,0.01790087641616026,1199.0
0.45,54,651,1,11,right_arm,identity,0.9700228832951945,0.9857360793287566,4.773648648648648,0.020017100803127005,1199.0
0.45,54,651,1,11,right_arm,full_shuffle,0.040016570008285006,0.0512013256006628,2.004149377593361,0.018429169084190917,1199.0
0.45,54,651,1,11,right_arm,block_shuffle,0.9447829398324448,0.9779131759329779,3.998388396454472,0.016038110361254465,1199.0
0.45,54,651,1,13,trunk_spine,identity,0.9797875479492476,0.9896540277367956,5.113378248315688,0.02828822436927443,1439.0
0.45,54,651,1,13,trunk_spine,full_shuffle,0.04854141445698442,0.08273128441441793,2.034369885433715,0.02671793159575134,1439.0
0.45,54,651,1,13,trunk_spine,block_shuffle,0.9406376868996931,0.9746757104663828,4.104342190537913,0.021074268066192274,1439.0
0.45,54,651,1,13,left_arm,identity,0.985290404040404,0.9917140151515151,7.508780370459466,0.03305440203668538,1439.0
0.45,54,651,1,13,left_arm,full_shuffle,0.04862848564800073,0.05206295774007187,2.0284629981024667,0.022936708332463848,1439.0
0.45,54,651,1,13,left_arm,block_shuffle,0.9512136850152905,0.9786649464831805,4.67849588719154,0.021835938315143674,1439.0
0.45,54,651,1,13,right_arm,identity,0.9857976574297025,0.9925315267518263,6.157277593678307,0.025566035767200183,1439.0
0.45,54,651,1,13,right_arm,full_shuffle,0.050762527233115466,0.0947276688453159,2.019064124783362,0.02394566056634878,1439.0
0.45,54,651,1,13,right_arm,block_shuffle,0.9537378668331725,0.9801895896009536,4.635034482758621,0.018381294213392876,1439.0
0.45,54,651,2,11,trunk_spine,identity,0.9829069134458356,0.9922518599165305,5.403830806065443,0.042072556264696005,1199.0
0.45,54,651,2,11,trunk_spine,full_shuffle,0.08171830638192816,0.159856807801506,2.036923076923077,0.037107215928176625,1199.0
0.45,54,651,2,11,trunk_spine,block_shuffle,0.9473551255494367,0.9766078916788764,4.380051389862182,0.03022108895471341,1199.0
0.45,54,651,2,11,left_arm,identity,0.9862923287810327,0.9939330862567903,6.334202804043039,0.030074510642196232,1199.0
0.45,54,651,2,11,left_arm,full_shuffle,0.04685445359540453,0.05550557131981452,2.02089552238806,0.022061562891257214,1199.0
0.45,54,651,2,11,left_arm,block_shuffle,0.9518243299657677,0.9794188861985472,4.481132075471698,0.018287171343939902,1199.0
0.45,54,651,2,11,right_arm,identity,0.984172815741632,0.9927013153673404,7.338915470494418,0.028555287507252572,1199.0
0.45,54,651,2,11,right_arm,full_shuffle,0.040994143693758034,0.048993000999857164,2.0140350877192983,0.02137905762359911,1199.0
0.45,54,651,2,11,right_arm,block_shuffle,0.960967484973568,0.9831631544644797,5.32717784022481,0.0210843741411427,1199.0
0.45,54,651,2,13,trunk_spine,identity,0.9724730714829725,0.9878032858230879,4.899144924358693,0.03482758620689655,1679.0
0.45,54,651,2,13,trunk_spine,full_shuffle,0.059877089361295106,0.10637509266123055,2.0291734197730955,0.03169306555513452,1679.0
0.45,54,651,2,13,trunk_spine,block_shuffle,0.9555528989838613,0.9822355050806933,4.29741935483871,0.03169761273209549,1679.0
0.45,54,651,2,13,left_arm,identity,0.9625416204217536,0.9834558823529411,4.296640346802911,0.021850701023114816,1679.0
0.45,54,651,2,13,left_arm,full_shuffle,0.03870611003594139,0.07002646234053478,2.016460905349794,0.019188328912466843,1679.0
0.45,54,651,2,13,left_arm,block_shuffle,0.9293677133860948,0.9703642243213344,3.8467770341669603,0.01781129215611974,1679.0
0.45,54,651,2,13,right_arm,identity,0.9714140781189389,0.9866469728165189,4.845936290562667,0.025398256915498296,1679.0
0.45,54,651,2,13,right_arm,full_shuffle,0.05179305457122608,0.081218993621545,2.036789297658863,0.026733611216369836,1679.0
0.45,54,651,2,13,right_arm,block_shuffle,0.9458712671366325,0.9774168408374366,4.357212793733681,0.021393709738537325,1679.0
0.45,54,790,1,11,trunk_spine,identity,0.9935296161195067,0.9962654160152857,8.168154230631917,0.035160472715057865,1199.0
0.45,54,790,1,11,trunk_spine,full_shuffle,0.04916660324225588,0.05304817718243397,2.0378548895899056,0.020061379668366568,1199.0
0.45,54,790,1,11,trunk_spine,block_shuffle,0.9666079553794217,0.9862028474974314,5.413481298808056,0.02080495923290683,1199.0
0.45,54,790,1,11,left_arm,identity,0.9849523573815122,0.9920430639772305,8.483692176508207,0.06169267413808899,1199.0
0.45,54,790,1,11,left_arm,full_shuffle,0.083869670152856,0.17077299544113703,2.0441176470588234,0.0455492106147128,1199.0
0.45,54,790,1,11,left_arm,block_shuffle,0.928269532665137,0.9661272793140925,5.6260063430104905,0.03793171893608575,1199.0
0.45,54,790,1,11,right_arm,identity,0.9755931742470596,0.9869467672853355,5.35048471290082,0.022458545820991237,1199.0
0.45,54,790,1,11,right_arm,full_shuffle,0.04839041801084495,0.08524950236804173,2.020057306590258,0.022244785781903687,1199.0
0.45,54,790,1,11,right_arm,block_shuffle,0.9500388299249288,0.9788161187332816,4.159425765017001,0.017694750664182978,1199.0
0.45,54,790,1,13,trunk_spine,identity,0.9501374570446736,0.9754123711340206,5.823907319641917,0.044107616521409626,1679.0
0.45,54,790,1,13,trunk_spine,full_shuffle,0.07172573714961239,0.10919135199036079,2.042071197411003,0.03333611216369837,1679.0
0.45,54,790,1,13,trunk_spine,block_shuffle,0.9324935471773037,0.9708133865737166,4.640865173473869,0.03435316407730201,1679.0
0.45,54,790,1,13,left_arm,identity,0.9785310405977005,0.9891855749523962,6.460032626427406,0.05213868889730959,1679.0
0.45,54,790,1,13,left_arm,full_shuffle,0.06525709996246716,0.11284874264981859,2.0343213728549143,0.03028798787419477,1679.0
0.45,54,790,1,13,left_arm,block_shuffle,0.9378304315332023,0.972735073490741,4.518671645772206,0.027379310344827587,1679.0
0.45,54,790,1,13,right_arm,identity,0.9774812182545047,0.9891558353772765,5.245957711442786,0.039241379310344826,1679.0
0.45,54,790,1,13,right_arm,full_shuffle,0.04922707069577614,0.08872613423531714,2.0381944444444446,0.027111026904130354,1679.0
0.45,54,790,1,13,right_arm,block_shuffle,0.9459219858156028,0.9765809692671394,4.843273231622746,0.030775293671845397,1679.0
0.45,54,790,2,11,trunk_spine,identity,0.9965332064441574,0.9978077628985114,10.524048815506102,0.04492319907167069,1199.0
0.45,54,790,2,11,trunk_spine,full_shuffle,0.037149028077753776,0.05533477321814255,2.0187793427230045,0.017673374660274223,1199.0
0.45,54,790,2,11,trunk_spine,block_shuffle,0.9694963771357009,0.9870292512747115,5.601033591731266,0.017068739121140868,1199.0
0.45,54,790,2,11,left_arm,identity,0.983637352315982,0.9932028276237085,6.897053726169844,0.030886798790728923,1199.0
0.45,54,790,2,11,left_arm,full_shuffle,0.05360348807386509,0.0911772249294691,2.0242130750605325,0.023812868354353072,1199.0
0.45,54,790,2,11,left_arm,block_shuffle,0.9350563286944996,0.9710625138060526,4.5927667269439425,0.020736250648914406,1199.0
0.45,54,790,2,11,right_arm,identity,0.9900306114006784,0.9945809547447672,8.336119818878439,0.03691025132073167,1199.0
0.45,54,790,2,11,right_arm,full_shuffle,0.05189780534987659,0.09569074778200254,2.0366492146596857,0.022889119614010443,1199.0
0.45,54,790,2,11,right_arm,block_shuffle,0.9624114500506,0.9871331502096284,4.846741900254823,0.02112254557669405,1199.0
0.45,54,790,2,13,trunk_spine,identity,0.9891259829619922,0.9950954292267365,6.641138457307851,0.0370079575596817,1679.0
0.45,54,790,2,13,trunk_spine,full_shuffle,0.044336524351897146,0.09078680735098875,2.011093502377179,0.021691549829480863,1679.0
0.45,54,790,2,13,trunk_spine,block_shuffle,0.9630968707143748,0.9845405809749408,5.012978585334198,0.02431527093596059,1679.0
0.45,54,790,2,13,left_arm,identity,0.9757235997234022,0.9879111923342883,5.05230179028133,0.030687381583933308,1679.0
0.45,54,790,2,13,left_arm,full_shuffle,0.06313401959073801,0.12669175743376287,2.041095890410959,0.030406214475179993,1679.0
0.45,54,790,2,13,left_arm,block_shuffle,0.9494630448515476,0.9799589387239419,4.401171303074671,0.023993937097385374,1679.0
0.45,54,790,2,13,right_arm,identity,0.9916279814310869,0.9958540099247639,8.873657069187795,0.04734369079196665,1679.0
0.45,54,790,2,13,right_arm,full_shuffle,0.04862429605792438,0.08022526146419952,2.020053475935829,0.023550587343690792,1679.0
0.45,54,790,2,13,right_arm,block_shuffle,0.9691682092677449,0.9876490759566655,5.834307636097917,0.024973853732474422,1679.0
0.5,60,651,1,11,trunk_spine,identity,0.9937476005045796,0.9972028739099436,7.487190082644628,0.02783919137630928,1199.0
0.5,60,651,1,11,trunk_spine,full_shuffle,0.033740942028985504,0.04849788647342995,2.041095890410959,0.020227807127370444,1199.0
0.5,60,651,1,11,trunk_spine,block_shuffle,0.9679181843653685,0.9877416643317456,5.074550128534704,0.021797416557241885,1199.0
0.5,60,651,1,11,left_arm,identity,0.9653287404522989,0.9818406469971545,4.643731988472623,0.020389654014108163,1199.0
0.5,60,651,1,11,left_arm,full_shuffle,0.045882083046570314,0.08251127934541562,2.0202020202020203,0.019966714508199226,1199.0
0.5,60,651,1,11,left_arm,block_shuffle,0.9463460427498556,0.9763503755054882,4.162960609911055,0.021143921580602805,1199.0
0.5,60,651,1,11,right_arm,identity,0.9700228832951945,0.9857360793287566,4.773648648648648,0.020017100803127005,1199.0
0.5,60,651,1,11,right_arm,full_shuffle,0.040016570008285006,0.0512013256006628,2.004149377593361,0.018429169084190917,1199.0
0.5,60,651,1,11,right_arm,block_shuffle,0.9527645051194539,0.9784641638225255,4.781774580335731,0.022368461233090053,1199.0
0.5,60,651,1,13,trunk_spine,identity,0.9797875479492476,0.9896540277367956,5.113378248315688,0.02828822436927443,1439.0
0.5,60,651,1,13,trunk_spine,full_shuffle,0.04854141445698442,0.08273128441441793,2.034369885433715,0.02671793159575134,1439.0
0.5,60,651,1,13,trunk_spine,block_shuffle,0.9504189407333384,0.9800330540395111,4.481333816600218,0.027146762379750004,1439.0
0.5,60,651,1,13,left_arm,identity,0.985290404040404,0.9917140151515151,7.508780370459466,0.03305440203668538,1439.0
0.5,60,651,1,13,left_arm,full_shuffle,0.04862848564800073,0.05206295774007187,2.0284629981024667,0.022936708332463848,1439.0
0.5,60,651,1,13,left_arm,block_shuffle,0.9419147437026598,0.9754051435617404,4.419214876033058,0.02369316166190188,1439.0
0.5,60,651,1,13,right_arm,identity,0.9857976574297025,0.9925315267518263,6.157277593678307,0.025566035767200183,1439.0
0.5,60,651,1,13,right_arm,full_shuffle,0.050762527233115466,0.0947276688453159,2.019064124783362,0.02394566056634878,1439.0
0.5,60,651,1,13,right_arm,block_shuffle,0.9577652779101916,0.9816474401754218,4.962212892072117,0.02188810751027733,1439.0
0.5,60,651,2,11,trunk_spine,identity,0.9829069134458356,0.9922518599165305,5.403830806065443,0.042072556264696005,1199.0
0.5,60,651,2,11,trunk_spine,full_shuffle,0.08171830638192816,0.159856807801506,2.036923076923077,0.037107215928176625,1199.0
0.5,60,651,2,11,trunk_spine,block_shuffle,0.9521749775565168,0.9792091732636905,4.298820928518792,0.037417167984853575,1199.0
0.5,60,651,2,11,left_arm,identity,0.9862923287810327,0.9939330862567903,6.334202804043039,0.030074510642196232,1199.0
0.5,60,651,2,11,left_arm,full_shuffle,0.04685445359540453,0.05550557131981452,2.02089552238806,0.022061562891257214,1199.0
0.5,60,651,2,11,left_arm,block_shuffle,0.9548606652112496,0.9811544882496468,4.7847490347490345,0.023779277491067886,1199.0
0.5,60,651,2,11,right_arm,identity,0.984172815741632,0.9927013153673404,7.338915470494418,0.028555287507252572,1199.0
0.5,60,651,2,11,right_arm,full_shuffle,0.040994143693758034,0.048993000999857164,2.0140350877192983,0.02137905762359911,1199.0
0.5,60,651,2,11,right_arm,block_shuffle,0.9488752556237219,0.9787193251533742,5.01113736078299,0.023892264940299876,1199.0
0.5,60,651,2,13,trunk_spine,identity,0.9724730714829725,0.9878032858230879,4.899144924358693,0.03482758620689655,1679.0
0.5,60,651,2,13,trunk_spine,full_shuffle,0.059877089361295106,0.10637509266123055,2.0291734197730955,0.03169306555513452,1679.0
0.5,60,651,2,13,trunk_spine,block_shuffle,0.9481543580204868,0.9773519163763066,4.33177737881508,0.02892838196286472,1679.0
0.5,60,651,2,13,left_arm,identity,0.9625416204217536,0.9834558823529411,4.296640346802911,0.021850701023114816,1679.0
0.5,60,651,2,13,left_arm,full_shuffle,0.03870611003594139,0.07002646234053478,2.016460905349794,0.019188328912466843,1679.0
0.5,60,651,2,13,left_arm,block_shuffle,0.9475283630470016,0.9772420313344138,4.379896987669736,0.02244486547934824,1679.0
0.5,60,651,2,13,right_arm,identity,0.9714140781189389,0.9866469728165189,4.845936290562667,0.025398256915498296,1679.0
0.5,60,651,2,13,right_arm,full_shuffle,0.05179305457122608,0.081218993621545,2.036789297658863,0.026733611216369836,1679.0
0.5,60,651,2,13,right_arm,block_shuffle,0.940533021403054,0.9754354904998261,4.115938018815717,0.02397195907540735,1679.0
0.5,60,790,1,11,trunk_spine,identity,0.9935296161195067,0.9962654160152857,8.168154230631917,0.035160472715057865,1199.0
0.5,60,790,1,11,trunk_spine,full_shuffle,0.04916660324225588,0.05304817718243397,2.0378548895899056,0.020061379668366568,1199.0
0.5,60,790,1,11,trunk_spine,block_shuffle,0.9793460461676615,0.9909143732502245,6.4375,0.028904937856902922,1199.0
0.5,60,790,1,11,left_arm,identity,0.9849523573815122,0.9920430639772305,8.483692176508207,0.06169267413808899,1199.0
0.5,60,790,1,11,left_arm,full_shuffle,0.083869670152856,0.17077299544113703,2.0441176470588234,0.0455492106147128,1199.0
0.5,60,790,1,11,left_arm,block_shuffle,0.968185035064016,0.9875024126616483,5.802390591864276,0.047463889821968426,1199.0
0.5,60,790,1,11,right_arm,identity,0.9755931742470596,0.9869467672853355,5.35048471290082,0.022458545820991237,1199.0
0.5,60,790,1,11,right_arm,full_shuffle,0.04839041801084495,0.08524950236804173,2.020057306590258,0.022244785781903687,1199.0
0.5,60,790,1,11,right_arm,block_shuffle,0.9328464552903456,0.973459209120057,4.044015444015444,0.01714355513482151,1199.0
0.5,60,790,1,13,trunk_spine,identity,0.9501374570446736,0.9754123711340206,5.823907319641917,0.044107616521409626,1679.0
0.5,60,790,1,13,trunk_spine,full_shuffle,0.07172573714961239,0.10919135199036079,2.042071197411003,0.03333611216369837,1679.0
0.5,60,790,1,13,trunk_spine,block_shuffle,0.9272125723738627,0.9673076923076923,4.815809257867039,0.03665024630541872,1679.0
0.5,60,790,1,13,left_arm,identity,0.9785310405977005,0.9891855749523962,6.460032626427406,0.05213868889730959,1679.0
0.5,60,790,1,13,left_arm,full_shuffle,0.06525709996246716,0.11284874264981859,2.0343213728549143,0.03028798787419477,1679.0
0.5,60,790,1,13,left_arm,block_shuffle,0.9450606925708807,0.9757883496415106,4.468878812860676,0.034776051534672225,1679.0
0.5,60,790,1,13,right_arm,identity,0.9774812182545047,0.9891558353772765,5.245957711442786,0.039241379310344826,1679.0
0.5,60,790,1,13,right_arm,full_shuffle,0.04922707069577614,0.08872613423531714,2.0381944444444446,0.027111026904130354,1679.0
0.5,60,790,1,13,right_arm,block_shuffle,0.9545644660664363,0.9793735003412067,4.9882664212584835,0.034427434634331185,1679.0
0.5,60,790,2,11,trunk_spine,identity,0.9965332064441574,0.9978077628985114,10.524048815506102,0.04492319907167069,1199.0
0.5,60,790,2,11,trunk_spine,full_shuffle,0.037149028077753776,0.05533477321814255,2.0187793427230045,0.017673374660274223,1199.0
0.5,60,790,2,11,trunk_spine,block_shuffle,0.9749905267146647,0.9881448600660423,6.330755711775044,0.02820563715760222,1199.0
0.5,60,790,2,11,left_arm,identity,0.983637352315982,0.9932028276237085,6.897053726169844,0.030886798790728923,1199.0
0.5,60,790,2,11,left_arm,full_shuffle,0.05360348807386509,0.0911772249294691,2.0242130750605325,0.023812868354353072,1199.0
0.5,60,790,2,11,left_arm,block_shuffle,0.9328025259111813,0.9712059853112773,4.858777261351448,0.022244785781903687,1199.0
0.5,60,790,2,11,right_arm,identity,0.9900306114006784,0.9945809547447672,8.336119818878439,0.03691025132073167,1199.0
0.5,60,790,2,11,right_arm,full_shuffle,0.05189780534987659,0.09569074778200254,2.0366492146596857,0.022889119614010443,1199.0
0.5,60,790,2,11,right_arm,block_shuffle,0.9533993978926242,0.9827207727044657,4.579993974088581,0.024344214737227837,1199.0
0.5,60,790,2,13,trunk_spine,identity,0.9891259829619922,0.9950954292267365,6.641138457307851,0.0370079575596817,1679.0
0.5,60,790,2,13,trunk_spine,full_shuffle,0.044336524351897146,0.09078680735098875,2.011093502377179,0.021691549829480863,1679.0
0.5,60,790,2,13,trunk_spine,block_shuffle,0.952218534906588,0.9812254178957719,4.643938258654279,0.02466388783630163,1679.0
0.5,60,790,2,13,left_arm,identity,0.9757235997234022,0.9879111923342883,5.05230179028133,0.030687381583933308,1679.0
0.5,60,790,2,13,left_arm,full_shuffle,0.06313401959073801,0.12669175743376287,2.041095890410959,0.030406214475179993,1679.0
0.5,60,790,2,13,left_arm,block_shuffle,0.947607289829512,0.977554379776602,4.352197861540123,0.03222811671087533,1679.0
0.5,60,790,2,13,right_arm,identity,0.9916279814310869,0.9958540099247639,8.873657069187795,0.04734369079196665,1679.0
0.5,60,790,2,13,right_arm,full_shuffle,0.04862429605792438,0.08022526146419952,2.020053475935829,0.023550587343690792,1679.0
0.5,60,790,2,13,right_arm,block_shuffle,0.9721673675162047,0.9890690704644193,5.842641720189891,0.03262068965517241,1679.0
0.75,90,651,1,11,trunk_spine,identity,0.9937476005045796,0.9972028739099436,7.487190082644628,0.02783919137630928,1199.0
0.75,90,651,1,11,trunk_spine,full_shuffle,0.033740942028985504,0.04849788647342995,2.041095890410959,0.020227807127370444,1199.0
0.75,90,651,1,11,trunk_spine,block_shuffle,0.9740941561235906,0.9896720888200361,5.556210112911144,0.017740556386844596,1199.0
0.75,90,651,1,11,left_arm,identity,0.9653287404522989,0.9818406469971545,4.643731988472623,0.020389654014108163,1199.0
0.75,90,651,1,11,left_arm,full_shuffle,0.045882083046570314,0.08251127934541562,2.0202020202020203,0.019966714508199226,1199.0
0.75,90,651,1,11,left_arm,block_shuffle,0.9391207361278929,0.9741146946742262,4.039984006397441,0.01642745900387822,1199.0
0.75,90,651,1,11,right_arm,identity,0.9700228832951945,0.9857360793287566,4.773648648648648,0.020017100803127005,1199.0
0.75,90,651,1,11,right_arm,full_shuffle,0.040016570008285006,0.0512013256006628,2.004149377593361,0.018429169084190917,1199.0
0.75,90,651,1,11,right_arm,block_shuffle,0.9448443488828644,0.9749929886884173,4.300851063829787,0.016332793843710874,1199.0
0.75,90,651,1,13,trunk_spine,identity,0.9797875479492476,0.9896540277367956,5.113378248315688,0.02828822436927443,1439.0
0.75,90,651,1,13,trunk_spine,full_shuffle,0.04854141445698442,0.08273128441441793,2.034369885433715,0.02671793159575134,1439.0
0.75,90,651,1,13,trunk_spine,block_shuffle,0.9504855532909723,0.9793789713463613,4.376886271623114,0.02610859539659022,1439.0
0.75,90,651,1,13,left_arm,identity,0.985290404040404,0.9917140151515151,7.508780370459466,0.03305440203668538,1439.0
0.75,90,651,1,13,left_arm,full_shuffle,0.04862848564800073,0.05206295774007187,2.0284629981024667,0.022936708332463848,1439.0
0.75,90,651,1,13,left_arm,block_shuffle,0.976233807943475,0.9881525889447953,6.350278551532034,0.02923874710460967,1439.0
0.75,90,651,1,13,right_arm,identity,0.9857976574297025,0.9925315267518263,6.157277593678307,0.025566035767200183,1439.0
0.75,90,651,1,13,right_arm,full_shuffle,0.050762527233115466,0.0947276688453159,2.019064124783362,0.02394566056634878,1439.0
0.75,90,651,1,13,right_arm,block_shuffle,0.9703279299422396,0.985746226942426,5.256371435780974,0.022399365622587174,1439.0
0.75,90,651,2,11,trunk_spine,identity,0.9829069134458356,0.9922518599165305,5.403830806065443,0.042072556264696005,1199.0
0.75,90,651,2,11,trunk_spine,full_shuffle,0.08171830638192816,0.159856807801506,2.036923076923077,0.037107215928176625,1199.0
0.75,90,651,2,11,trunk_spine,block_shuffle,0.9593237941380106,0.983267943687976,4.374375164430413,0.02646349283903869,1199.0
0.75,90,651,2,11,left_arm,identity,0.9862923287810327,0.9939330862567903,6.334202804043039,0.030074510642196232,1199.0
0.75,90,651,2,11,left_arm,full_shuffle,0.04685445359540453,0.05550557131981452,2.02089552238806,0.022061562891257214,1199.0
0.75,90,651,2,11,left_arm,block_shuffle,0.9640350242419857,0.9831391562341704,5.106170946722882,0.02109964271536324,1199.0
0.75,90,651,2,11,right_arm,identity,0.984172815741632,0.9927013153673404,7.338915470494418,0.028555287507252572,1199.0
0.75,90,651,2,11,right_arm,full_shuffle,0.040994143693758034,0.048993000999857164,2.0140350877192983,0.02137905762359911,1199.0
0.75,90,651,2,11,right_arm,block_shuffle,0.9761596268463333,0.9896022285566208,6.414644529587059,0.023568571166824443,1199.0
0.75,90,651,2,13,trunk_spine,identity,0.9724730714829725,0.9878032858230879,4.899144924358693,0.03482758620689655,1679.0
0.75,90,651,2,13,trunk_spine,full_shuffle,0.059877089361295106,0.10637509266123055,2.0291734197730955,0.03169306555513452,1679.0
0.75,90,651,2,13,trunk_spine,block_shuffle,0.9556106534431736,0.9812045109173798,4.376022463679648,0.02842667677150436,1679.0
0.75,90,651,2,13,left_arm,identity,0.9625416204217536,0.9834558823529411,4.296640346802911,0.021850701023114816,1679.0
0.75,90,651,2,13,left_arm,full_shuffle,0.03870611003594139,0.07002646234053478,2.016460905349794,0.019188328912466843,1679.0
0.75,90,651,2,13,left_arm,block_shuffle,0.9496680231312915,0.9776183336902977,4.311551925320887,0.01769230769230769,1679.0
0.75,90,651,2,13,right_arm,identity,0.9714140781189389,0.9866469728165189,4.845936290562667,0.025398256915498296,1679.0
0.75,90,651,2,13,right_arm,full_shuffle,0.05179305457122608,0.081218993621545,2.036789297658863,0.026733611216369836,1679.0
0.75,90,651,2,13,right_arm,block_shuffle,0.944491107621517,0.9756966000803419,4.440762362637362,0.020752557787040545,1679.0
0.75,90,790,1,11,trunk_spine,identity,0.9935296161195067,0.9962654160152857,8.168154230631917,0.035160472715057865,1199.0
0.75,90,790,1,11,trunk_spine,full_shuffle,0.04916660324225588,0.05304817718243397,2.0378548895899056,0.020061379668366568,1199.0
0.75,90,790,1,11,trunk_spine,block_shuffle,0.9654104284976768,0.9841249354672174,5.08843537414966,0.017745136959110758,1199.0
0.75,90,790,1,11,left_arm,identity,0.9849523573815122,0.9920430639772305,8.483692176508207,0.06169267413808899,1199.0
0.75,90,790,1,11,left_arm,full_shuffle,0.083869670152856,0.17077299544113703,2.0441176470588234,0.0455492106147128,1199.0
0.75,90,790,1,11,left_arm,block_shuffle,0.9779409253884241,0.9902509817312617,7.046998031496063,0.044714019604849296,1199.0
0.75,90,790,1,11,right_arm,identity,0.9755931742470596,0.9869467672853355,5.35048471290082,0.022458545820991237,1199.0
0.75,90,790,1,11,right_arm,full_shuffle,0.04839041801084495,0.08524950236804173,2.020057306590258,0.022244785781903687,1199.0
0.75,90,790,1,11,right_arm,block_shuffle,0.9409661747181226,0.9738289485745715,3.8941578148710168,0.016656487617186307,1199.0
0.75,90,790,1,13,trunk_spine,identity,0.9501374570446736,0.9754123711340206,5.823907319641917,0.044107616521409626,1679.0
0.75,90,790,1,13,trunk_spine,full_shuffle,0.07172573714961239,0.10919135199036079,2.042071197411003,0.03333611216369837,1679.0
0.75,90,790,1,13,trunk_spine,block_shuffle,0.9281635696485686,0.964631203029649,4.731146229245849,0.0386229632436529,1679.0
0.75,90,790,1,13,left_arm,identity,0.9785310405977005,0.9891855749523962,6.460032626427406,0.05213868889730959,1679.0
0.75,90,790,1,13,left_arm,full_shuffle,0.06525709996246716,0.11284874264981859,2.0343213728549143,0.03028798787419477,1679.0
0.75,90,790,1,13,left_arm,block_shuffle,0.9610017205123303,0.9829966651798041,5.162368781378366,0.03567942402425161,1679.0
0.75,90,790,1,13,right_arm,identity,0.9774812182545047,0.9891558353772765,5.245957711442786,0.039241379310344826,1679.0
0.75,90,790,1,13,right_arm,full_shuffle,0.04922707069577614,0.08872613423531714,2.0381944444444446,0.027111026904130354,1679.0
0.75,90,790,1,13,right_arm,block_shuffle,0.9547885488292661,0.9790908273785448,5.149678826808872,0.03372641151951497,1679.0
0.75,90,790,2,11,trunk_spine,identity,0.9965332064441574,0.9978077628985114,10.524048815506102,0.04492319907167069,1199.0
0.75,90,790,2,11,trunk_spine,full_shuffle,0.037149028077753776,0.05533477321814255,2.0187793427230045,0.017673374660274223,1199.0
0.75,90,790,2,11,trunk_spine,block_shuffle,0.9798368477758965,0.9903801754655995,6.750795334040297,0.01983998534216875,1199.0
0.75,90,790,2,11,left_arm,identity,0.983637352315982,0.9932028276237085,6.897053726169844,0.030886798790728923,1199.0
0.75,90,790,2,11,left_arm,full_shuffle,0.05360348807386509,0.0911772249294691,2.0242130750605325,0.023812868354353072,1199.0
0.75,90,790,2,11,left_arm,block_shuffle,0.9647005385763415,0.9849458179222633,5.570251030348445,0.023530399731273095,1199.0
0.75,90,790,2,11,right_arm,identity,0.9900306114006784,0.9945809547447672,8.336119818878439,0.03691025132073167,1199.0
0.75,90,790,2,11,right_arm,full_shuffle,0.05189780534987659,0.09569074778200254,2.0366492146596857,0.022889119614010443,1199.0
0.75,90,790,2,11,right_arm,block_shuffle,0.9816755037115589,0.9926405090137858,7.501782820097245,0.03599566372492137,1199.0
0.75,90,790,2,13,trunk_spine,identity,0.9891259829619922,0.9950954292267365,6.641138457307851,0.0370079575596817,1679.0
0.75,90,790,2,13,trunk_spine,full_shuffle,0.044336524351897146,0.09078680735098875,2.011093502377179,0.021691549829480863,1679.0
0.75,90,790,2,13,trunk_spine,block_shuffle,0.9792182479060212,0.9904519833535268,5.862030905077263,0.028773020083364912,1679.0
0.75,90,790,2,13,left_arm,identity,0.9757235997234022,0.9879111923342883,5.05230179028133,0.030687381583933308,1679.0
0.75,90,790,2,13,left_arm,full_shuffle,0.06313401959073801,0.12669175743376287,2.041095890410959,0.030406214475179993,1679.0
0.75,90,790,2,13,left_arm,block_shuffle,0.9650897410611141,0.9835451241159731,4.72245967185992,0.02689730958696476,1679.0
0.75,90,790,2,13,right_arm,identity,0.9916279814310869,0.9958540099247639,8.873657069187795,0.04734369079196665,1679.0
0.75,90,790,2,13,right_arm,full_shuffle,0.04862429605792438,0.08022526146419952,2.020053475935829,0.023550587343690792,1679.0
0.75,90,790,2,13,right_arm,block_shuffle,0.978777414412148,0.9907151188053148,6.528218425869433,0.033139067828723,1679.0
1.0,120,651,1,11,trunk_spine,identity,0.9937476005045796,0.9972028739099436,7.487190082644628,0.02783919137630928,1199.0
1.0,120,651,1,11,trunk_spine,full_shuffle,0.033740942028985504,0.04849788647342995,2.041095890410959,0.020227807127370444,1199.0
1.0,120,651,1,11,trunk_spine,block_shuffle,0.9758503198039333,0.9902564409109929,5.874415257286794,0.025542797813540172,1199.0
1.0,120,651,1,11,left_arm,identity,0.9653287404522989,0.9818406469971545,4.643731988472623,0.020389654014108163,1199.0
1.0,120,651,1,11,left_arm,full_shuffle,0.045882083046570314,0.08251127934541562,2.0202020202020203,0.019966714508199226,1199.0
1.0,120,651,1,11,left_arm,block_shuffle,0.951922264469793,0.9765103506548374,4.273899848254931,0.018070357590008246,1199.0
1.0,120,651,1,11,right_arm,identity,0.9700228832951945,0.9857360793287566,4.773648648648648,0.020017100803127005,1199.0
1.0,120,651,1,11,right_arm,full_shuffle,0.040016570008285006,0.0512013256006628,2.004149377593361,0.018429169084190917,1199.0
1.0,120,651,1,11,right_arm,block_shuffle,0.9569179180638577,0.9814841813675463,4.585050646175341,0.020945430115735793,1199.0
1.0,120,651,1,13,trunk_spine,identity,0.9797875479492476,0.9896540277367956,5.113378248315688,0.02828822436927443,1439.0
1.0,120,651,1,13,trunk_spine,full_shuffle,0.04854141445698442,0.08273128441441793,2.034369885433715,0.02671793159575134,1439.0
1.0,120,651,1,13,trunk_spine,block_shuffle,0.9641110554892371,0.9838653779506334,4.696492215344213,0.02709563656851902,1439.0
1.0,120,651,1,13,left_arm,identity,0.985290404040404,0.9917140151515151,7.508780370459466,0.03305440203668538,1439.0
1.0,120,651,1,13,left_arm,full_shuffle,0.04862848564800073,0.05206295774007187,2.0284629981024667,0.022936708332463848,1439.0
1.0,120,651,1,13,left_arm,block_shuffle,0.9751978088861838,0.9870283018867925,6.315841340231584,0.027428476033471757,1439.0
1.0,120,651,1,13,right_arm,identity,0.9857976574297025,0.9925315267518263,6.157277593678307,0.025566035767200183,1439.0
1.0,120,651,1,13,right_arm,full_shuffle,0.050762527233115466,0.0947276688453159,2.019064124783362,0.02394566056634878,1439.0
1.0,120,651,1,13,right_arm,block_shuffle,0.9727334388424147,0.9870223829979652,5.5017902813299235,0.023074435007616703,1439.0
1.0,120,651,2,11,trunk_spine,identity,0.9829069134458356,0.9922518599165305,5.403830806065443,0.042072556264696005,1199.0
1.0,120,651,2,11,trunk_spine,full_shuffle,0.08171830638192816,0.159856807801506,2.036923076923077,0.037107215928176625,1199.0
1.0,120,651,2,11,trunk_spine,block_shuffle,0.9713748735000722,0.9871331502096284,5.150632426216942,0.0422450911533881,1199.0
1.0,120,651,2,11,left_arm,identity,0.9862923287810327,0.9939330862567903,6.334202804043039,0.030074510642196232,1199.0
1.0,120,651,2,11,left_arm,full_shuffle,0.04685445359540453,0.05550557131981452,2.02089552238806,0.022061562891257214,1199.0
1.0,120,651,2,11,left_arm,block_shuffle,0.9778577857785778,0.9899789978997899,5.580821917808219,0.02544507893852872,1199.0
1.0,120,651,2,11,right_arm,identity,0.984172815741632,0.9927013153673404,7.338915470494418,0.028555287507252572,1199.0
1.0,120,651,2,11,right_arm,full_shuffle,0.040994143693758034,0.048993000999857164,2.0140350877192983,0.02137905762359911,1199.0
1.0,120,651,2,11,right_arm,block_shuffle,0.9678171920799187,0.9867201052820482,5.889697852202403,0.025524475524475523,1199.0
1.0,120,651,2,13,trunk_spine,identity,0.9724730714829725,0.9878032858230879,4.899144924358693,0.03482758620689655,1679.0
1.0,120,651,2,13,trunk_spine,full_shuffle,0.059877089361295106,0.10637509266123055,2.0291734197730955,0.03169306555513452,1679.0
1.0,120,651,2,13,trunk_spine,block_shuffle,0.9601747411242604,0.9835775702662722,4.621314940482812,0.03278817733990148,1679.0
1.0,120,651,2,13,left_arm,identity,0.9625416204217536,0.9834558823529411,4.296640346802911,0.021850701023114816,1679.0
1.0,120,651,2,13,left_arm,full_shuffle,0.03870611003594139,0.07002646234053478,2.016460905349794,0.019188328912466843,1679.0
1.0,120,651,2,13,left_arm,block_shuffle,0.949794026776519,0.9786854494629984,4.011651390399254,0.020604774535809018,1679.0
1.0,120,651,2,13,right_arm,identity,0.9714140781189389,0.9866469728165189,4.845936290562667,0.025398256915498296,1679.0
1.0,120,651,2,13,right_arm,full_shuffle,0.05179305457122608,0.081218993621545,2.036789297658863,0.026733611216369836,1679.0
1.0,120,651,2,13,right_arm,block_shuffle,0.9558114975909181,0.9809088509009306,4.748811280537793,0.022964759378552482,1679.0
1.0,120,790,1,11,trunk_spine,identity,0.9935296161195067,0.9962654160152857,8.168154230631917,0.035160472715057865,1199.0
1.0,120,790,1,11,trunk_spine,full_shuffle,0.04916660324225588,0.05304817718243397,2.0378548895899056,0.020061379668366568,1199.0
1.0,120,790,1,11,trunk_spine,block_shuffle,0.9853965183752418,0.9939071566731141,6.815384615384615,0.031575411488075245,1199.0
1.0,120,790,1,11,left_arm,identity,0.9849523573815122,0.9920430639772305,8.483692176508207,0.06169267413808899,1199.0
1.0,120,790,1,11,left_arm,full_shuffle,0.083869670152856,0.17077299544113703,2.0441176470588234,0.0455492106147128,1199.0
1.0,120,790,1,11,left_arm,block_shuffle,0.9677939289018894,0.9845237739903889,6.901660280970626,0.05115430421107277,1199.0
1.0,120,790,1,11,right_arm,identity,0.9755931742470596,0.9869467672853355,5.35048471290082,0.022458545820991237,1199.0
1.0,120,790,1,11,right_arm,full_shuffle,0.04839041801084495,0.08524950236804173,2.020057306590258,0.022244785781903687,1199.0
1.0,120,790,1,11,right_arm,block_shuffle,0.9699987151484004,0.9846139020943081,5.46273516642547,0.02376706263169145,1199.0
1.0,120,790,1,13,trunk_spine,identity,0.9501374570446736,0.9754123711340206,5.823907319641917,0.044107616521409626,1679.0
1.0,120,790,1,13,trunk_spine,full_shuffle,0.07172573714961239,0.10919135199036079,2.042071197411003,0.03333611216369837,1679.0
1.0,120,790,1,13,trunk_spine,block_shuffle,0.9432397003745319,0.9729307116104869,5.318234610917537,0.04046987495263357,1679.0
1.0,120,790,1,13,left_arm,identity,0.9785310405977005,0.9891855749523962,6.460032626427406,0.05213868889730959,1679.0
1.0,120,790,1,13,left_arm,full_shuffle,0.06525709996246716,0.11284874264981859,2.0343213728549143,0.03028798787419477,1679.0
1.0,120,790,1,13,left_arm,block_shuffle,0.9714633770670849,0.9862427713289553,6.041361894810171,0.05412428950359985,1679.0
1.0,120,790,1,13,right_arm,identity,0.9774812182545047,0.9891558353772765,5.245957711442786,0.039241379310344826,1679.0
1.0,120,790,1,13,right_arm,full_shuffle,0.04922707069577614,0.08872613423531714,2.0381944444444446,0.027111026904130354,1679.0
1.0,120,790,1,13,right_arm,block_shuffle,0.9639694850066567,0.9839183449208596,4.902837489251935,0.03586282682834407,1679.0
1.0,120,790,2,11,trunk_spine,identity,0.9965332064441574,0.9978077628985114,10.524048815506102,0.04492319907167069,1199.0
1.0,120,790,2,11,trunk_spine,full_shuffle,0.037149028077753776,0.05533477321814255,2.0187793427230045,0.017673374660274223,1199.0
1.0,120,790,2,11,trunk_spine,block_shuffle,0.9888978346540107,0.9939827958811814,8.103125,0.03603230830305066,1199.0
1.0,120,790,2,11,left_arm,identity,0.983637352315982,0.9932028276237085,6.897053726169844,0.030886798790728923,1199.0
1.0,120,790,2,11,left_arm,full_shuffle,0.05360348807386509,0.0911772249294691,2.0242130750605325,0.023812868354353072,1199.0
1.0,120,790,2,11,left_arm,block_shuffle,0.9735017078977332,0.988148224821447,6.167213114754098,0.02950193910892601,1199.0
1.0,120,790,2,11,right_arm,identity,0.9900306114006784,0.9945809547447672,8.336119818878439,0.03691025132073167,1199.0
1.0,120,790,2,11,right_arm,full_shuffle,0.05189780534987659,0.09569074778200254,2.0366492146596857,0.022889119614010443,1199.0
1.0,120,790,2,11,right_arm,block_shuffle,0.9855662188099809,0.9937619961612284,7.946146703806871,0.03977463584450484,1199.0
1.0,120,790,2,13,trunk_spine,identity,0.9891259829619922,0.9950954292267365,6.641138457307851,0.0370079575596817,1679.0
1.0,120,790,2,13,trunk_spine,full_shuffle,0.044336524351897146,0.09078680735098875,2.011093502377179,0.021691549829480863,1679.0
1.0,120,790,2,13,trunk_spine,block_shuffle,0.971088318303848,0.9879764117390606,5.224169855573386,0.03302841985600606,1679.0
1.0,120,790,2,13,left_arm,identity,0.9757235997234022,0.9879111923342883,5.05230179028133,0.030687381583933308,1679.0
1.0,120,790,2,13,left_arm,full_shuffle,0.06313401959073801,0.12669175743376287,2.041095890410959,0.030406214475179993,1679.0
1.0,120,790,2,13,left_arm,block_shuffle,0.9602355218583642,0.9819997849115448,4.613744994186797,0.02818794998105343,1679.0
1.0,120,790,2,13,right_arm,identity,0.9916279814310869,0.9958540099247639,8.873657069187795,0.04734369079196665,1679.0
1.0,120,790,2,13,right_arm,full_shuffle,0.04862429605792438,0.08022526146419952,2.020053475935829,0.023550587343690792,1679.0
1.0,120,790,2,13,right_arm,block_shuffle,0.9827122341392475,0.9930285402654063,6.498257002043514,0.041690034103827205,1679.0
