rate,tau_frames,tau_s,embed_span_s,participant,rep,ex,region,RR,DET,LAM,Lmean,Lmean_s,DET_drop_fs,LAM_drop_fs,n
120,18,0.15,0.45,651,1,11,trunk_spine,0.02783919137630928,0.9937476005045796,0.9972028739099436,7.487190082644628,0.062393250688705236,0.9507451344133342,0.9320826519617315,1199.0
120,18,0.15,0.45,651,1,11,left_arm,0.020389654014108163,0.9653287404522989,0.9818406469971545,4.643731988472623,0.03869776657060519,0.929472786497255,0.918451053779452,1199.0
120,18,0.15,0.45,651,1,11,right_arm,0.020017100803127005,0.9700228832951945,0.9857360793287566,4.773648648648648,0.0397804054054054,0.9325098300379048,0.9387845169542687,1199.0
120,18,0.15,0.45,651,1,13,trunk_spine,0.02828822436927443,0.9797875479492476,0.9896540277367956,5.113378248315688,0.04261148540263073,0.9255880780754493,0.9116384404439998,1439.0
120,18,0.15,0.45,651,1,13,left_arm,0.03305440203668538,0.985290404040404,0.9917140151515151,7.508780370459466,0.06257316975382889,0.9359685791328825,0.9243148606685135,1439.0
120,18,0.15,0.45,651,1,13,right_arm,0.025566035767200183,0.9857976574297025,0.9925315267518263,6.157277593678307,0.05131064661398589,0.94042985729091,0.9068271547879123,1439.0
120,18,0.15,0.45,651,2,11,trunk_spine,0.042072556264696005,0.9829069134458356,0.9922518599165305,5.403830806065443,0.045031923383878694,0.9202923616364498,0.8889953917352936,1199.0
120,18,0.15,0.45,651,2,11,left_arm,0.030074510642196232,0.9862923287810327,0.9939330862567903,6.334202804043039,0.05278502336702532,0.9422236114591069,0.9396110926396246,1199.0
120,18,0.15,0.45,651,2,11,right_arm,0.028555287507252572,0.984172815741632,0.9927013153673404,7.338915470494418,0.06115762892078681,0.9335310257437361,0.9357819073572401,1199.0
120,18,0.15,0.45,651,2,13,trunk_spine,0.03482758620689655,0.9724730714829725,0.9878032858230879,4.899144924358693,0.04082620770298911,0.9138948856824738,0.8765653148558721,1679.0
120,18,0.15,0.45,651,2,13,left_arm,0.021850701023114816,0.9625416204217536,0.9834558823529411,4.296640346802911,0.03580533622335759,0.9242204525385419,0.9178574942750822,1679.0
120,18,0.15,0.45,651,2,13,right_arm,0.025398256915498296,0.9714140781189389,0.9866469728165189,4.845936290562667,0.040382802421355564,0.9130272235022069,0.8891965321347829,1679.0
120,18,0.15,0.45,790,1,11,trunk_spine,0.035160472715057865,0.9935296161195067,0.9962654160152857,8.168154230631917,0.06806795192193264,0.9546436465976991,0.9323062537902276,1199.0
120,18,0.15,0.45,790,1,11,left_arm,0.06169267413808899,0.9849523573815122,0.9920430639772305,8.483692176508207,0.07069743480423506,0.8940304565113956,0.8128765440913672,1199.0
120,18,0.15,0.45,790,1,11,right_arm,0.022458545820991237,0.9755931742470596,0.9869467672853355,5.35048471290082,0.04458737260750683,0.9342326300293725,0.9152120734077844,1199.0
120,18,0.15,0.45,790,1,13,trunk_spine,0.044107616521409626,0.9501374570446736,0.9754123711340206,5.823907319641917,0.04853256099701597,0.8871487220325472,0.8562800245259832,1679.0
120,18,0.15,0.45,790,1,13,left_arm,0.05213868889730959,0.9785310405977005,0.9891855749523962,6.460032626427406,0.053833605220228384,0.9222570015156385,0.9119249332218404,1679.0
120,18,0.15,0.45,790,1,13,right_arm,0.039241379310344826,0.9774812182545047,0.9891558353772765,5.245957711442786,0.04371631426202322,0.9232515857334541,0.8971745717850164,1679.0
120,18,0.15,0.45,790,2,11,trunk_spine,0.04492319907167069,0.9965332064441574,0.9978077628985114,10.524048815506102,0.08770040679588419,0.9637234333202482,0.9605477279944974,1199.0
120,18,0.15,0.45,790,2,11,left_arm,0.030886798790728923,0.983637352315982,0.9932028276237085,6.897053726169844,0.05747544771808203,0.9347213994251897,0.9178883201290617,1199.0
120,18,0.15,0.45,790,2,11,right_arm,0.03691025132073167,0.9900306114006784,0.9945809547447672,8.336119818878439,0.06946766515732032,0.9410898766192356,0.9060183374210878,1199.0
120,18,0.15,0.45,790,2,13,trunk_spine,0.0370079575596817,0.9891259829619922,0.9950954292267365,6.641138457307851,0.055342820477565426,0.9442061968657355,0.9176054559647044,1679.0
120,18,0.15,0.45,790,2,13,left_arm,0.030687381583933308,0.9757235997234022,0.9879111923342883,5.05230179028133,0.04210251491901108,0.9182577147044357,0.8719448885754824,1679.0
120,18,0.15,0.45,790,2,13,right_arm,0.04734369079196665,0.9916279814310869,0.9958540099247639,8.873657069187795,0.07394714224323162,0.9432279942184019,0.9126085893819424,1679.0
60,9,0.15,0.45,651,1,11,trunk_spine,0.027868292266198025,0.9581782351653164,0.9808408145390848,4.195589645254075,0.06992649408756792,0.9218309837384615,0.9354818478824312,600.0
60,9,0.15,0.45,651,1,11,left_arm,0.020435934048499492,0.8005374738727978,0.9034040011943864,3.1578327444051824,0.052630545740086375,0.7532714868477747,0.8493415977343926,600.0
60,9,0.15,0.45,651,1,11,right_arm,0.01994166392072151,0.8225214198286414,0.9129436964504284,3.184834123222749,0.05308056872037915,0.7854476032116271,0.8707391284265952,600.0
60,9,0.15,0.45,651,1,13,trunk_spine,0.028276155443785502,0.8743362831858407,0.9398230088495575,3.1498405951115833,0.05249734325185972,0.8323086925538227,0.8665955465460605,720.0
60,9,0.15,0.45,651,1,13,left_arm,0.03290543752971499,0.9108998732572877,0.9541825095057034,4.823489932885906,0.08039149888143177,0.864722606680833,0.865041778788518,720.0
60,9,0.15,0.45,651,1,13,right_arm,0.02581554604675992,0.9164781906300484,0.955815831987076,3.678988326848249,0.06131647211413748,0.8665794611143055,0.8806915454836696,720.0
60,9,0.15,0.45,651,2,11,trunk_spine,0.04203736926250015,0.8851792713020757,0.947162142546088,3.328602620087336,0.05547671033478894,0.8031504672945616,0.8053337142430197,600.0
60,9,0.15,0.45,651,2,11,left_arm,0.030040639988283966,0.9193581149705464,0.9567336989640464,3.7811194653299918,0.06301865775549986,0.8804286745812521,0.9098291301616673,600.0
60,9,0.15,0.45,651,2,11,right_arm,0.028466298099805953,0.9153269024651661,0.9557341907824223,4.571734475374733,0.07619557458957887,0.866715791354055,0.9105953018935334,600.0
60,9,0.15,0.45,651,2,13,trunk_spine,0.034819042771708504,0.8399025493778822,0.9219089880797007,3.1816084377059988,0.05302680729509998,0.7754806287456885,0.8004092457673833,840.0
60,9,0.15,0.45,651,2,13,left_arm,0.021988742054908233,0.7852025351336457,0.8959768531275834,2.91359918200409,0.048559986366734836,0.7472357952528801,0.8422429340814584,840.0
60,9,0.15,0.45,651,2,13,right_arm,0.025363701912881197,0.8385093167701864,0.9180004777830865,3.1735985533453888,0.05289330922242315,0.7911115472534578,0.8456259424671013,840.0
60,9,0.15,0.45,790,1,11,trunk_spine,0.03514199587498017,0.9576315332523008,0.973780170168432,4.638351555929352,0.0773058592654892,0.9158452493607537,0.9355026582067095,600.0
60,9,0.15,0.45,790,1,11,left_arm,0.06177766387190471,0.9410312129593046,0.9700711181351245,4.915892672858617,0.08193154454764362,0.864454636382728,0.7932693163333226,600.0
60,9,0.15,0.45,790,1,11,right_arm,0.022474035563040798,0.8544664675536248,0.9257398859625305,3.4966666666666666,0.058277777777777776,0.8150457113187093,0.8786763300494171,600.0
60,9,0.15,0.45,790,1,13,trunk_spine,0.04361999285017481,0.8619947214890957,0.9267606612029449,3.8483720930232557,0.06413953488372093,0.7983096992628416,0.8272868337512529,840.0
60,9,0.15,0.45,790,1,13,left_arm,0.05216039845127515,0.8918510774234768,0.9427019806005692,4.1601192088864805,0.069335320148108,0.8311163351757975,0.8439463021490582,840.0
60,9,0.15,0.45,790,1,13,right_arm,0.0391998254957919,0.8705464100780586,0.937707705386815,3.288759124087591,0.054812652068126515,0.8217803920429375,0.8607618107498904,840.0
60,9,0.15,0.45,790,2,11,trunk_spine,0.04491145852402397,0.9733695652173913,0.9861413043478261,5.852941176470588,0.09754901960784314,0.9340398798548741,0.9435626449771011,600.0
60,9,0.15,0.45,790,2,11,left_arm,0.03067525842394952,0.9146608315098468,0.960513228565745,4.226102941176471,0.07043504901960786,0.8802308391609562,0.8823443940847452,600.0
60,9,0.15,0.45,790,2,11,right_arm,0.03677125666654463,0.9480584135413209,0.9703783604381016,4.912295786758383,0.08187159644597305,0.9000606077267296,0.9162094081616342,600.0
60,9,0.15,0.45,790,2,13,trunk_spine,0.03700640454680409,0.9331150225133034,0.9654523127302497,3.89941840574752,0.06499030676245866,0.8917950394361633,0.8907801931420393,840.0
60,9,0.15,0.45,790,2,13,left_arm,0.0306866861772066,0.8609931878763946,0.9317306743015105,3.203894195444526,0.053398236590742096,0.8026668987808747,0.8373202770064978,840.0
60,9,0.15,0.45,790,2,13,right_arm,0.04725852677245984,0.9464068209500609,0.9741329572408488,5.321917808219178,0.0886986301369863,0.8943207882991151,0.9010570308350442,840.0
30,4,0.13333333333333333,0.4,651,1,11,trunk_spine,0.031746031746031744,0.7492378048780488,0.8631859756097561,3.26578073089701,0.108859357696567,0.7131553306512447,0.8412787591149107,300.0
30,4,0.13333333333333333,0.4,651,1,11,left_arm,0.022599690282617112,0.5310492505353319,0.711456102783726,2.7709497206703912,0.09236499068901304,0.4841742505353319,0.6476540194503926,300.0
30,4,0.13333333333333333,0.4,651,1,11,right_arm,0.021946380178087494,0.5887541345093715,0.7375964718853363,2.8253968253968256,0.09417989417989418,0.555187700942938,0.6690650033538678,300.0
30,4,0.13333333333333333,0.4,651,1,13,trunk_spine,0.030044055781907317,0.5314222712238148,0.7381477398015436,2.6410958904109587,0.0880365296803653,0.4827060105259873,0.6331444481623072,360.0
30,4,0.13333333333333333,0.4,651,1,13,left_arm,0.035675245950511775,0.7506963788300836,0.8333333333333334,4.266490765171504,0.14221635883905012,0.700146928280633,0.757875457875458,360.0
30,4,0.13333333333333333,0.4,651,1,13,right_arm,0.02835469873132598,0.6781542056074766,0.7949766355140186,3.0077720207253886,0.10025906735751296,0.63445672661588,0.7479178119846068,360.0
30,4,0.13333333333333333,0.4,651,2,11,trunk_spine,0.04403794037940379,0.5857142857142857,0.7601648351648351,2.9859943977591037,0.09953314659197013,0.526021978021978,0.6407802197802197,300.0
30,4,0.13333333333333333,0.4,651,2,11,left_arm,0.03305265195509098,0.6676427525622255,0.8199121522693997,2.970684039087948,0.09902280130293159,0.6006036464169741,0.7472864539453774,300.0
30,4,0.13333333333333333,0.4,651,2,11,right_arm,0.031818621757646146,0.7520912547528517,0.8266159695817491,4.318777292576419,0.14395924308588062,0.7098526063895992,0.7801534563821715,300.0
30,4,0.13333333333333333,0.4,651,2,13,trunk_spine,0.03506046153104977,0.5328065956715905,0.6987289591205771,2.615514333895447,0.08718381112984823,0.4877878378558339,0.5920178294832282,420.0
30,4,0.13333333333333333,0.4,651,2,13,left_arm,0.022679096208507974,0.4705257567711099,0.654275092936803,2.7601246105919004,0.09200415368639668,0.4342110291315672,0.6391439564203268,420.0
30,4,0.13333333333333333,0.4,651,2,13,right_arm,0.029158837982367396,0.5968608013217679,0.7189178025609252,2.8167641325536064,0.09389213775178688,0.5374292767739642,0.6069453650070923,420.0
30,4,0.13333333333333333,0.4,790,1,11,trunk_spine,0.04089237320944638,0.8011834319526627,0.8810650887573964,3.601063829787234,0.1200354609929078,0.755100482643907,0.7837148583426499,300.0
30,4,0.13333333333333333,0.4,790,1,11,left_arm,0.06583914053426249,0.766997427416391,0.8746784270488791,3.7807971014492754,0.12602657004830917,0.6902635366146201,0.6796464545943783,300.0
30,4,0.13333333333333333,0.4,790,1,11,right_arm,0.02560007742934572,0.6143667296786389,0.7542533081285444,2.9953917050691246,0.09984639016897082,0.5852839556294219,0.6882577824014751,300.0
30,4,0.13333333333333333,0.4,790,1,13,trunk_spine,0.049754299754299756,0.6470588235294118,0.7988380537400145,3.0618556701030926,0.10206185567010309,0.5685078909612626,0.7172383406840603,420.0
30,4,0.13333333333333333,0.4,790,1,13,left_arm,0.05317483258659729,0.7225368063420159,0.8392978482446206,3.298862461220269,0.10996208204067563,0.6739033658275464,0.747858941492209,420.0
30,4,0.13333333333333333,0.4,790,1,13,right_arm,0.039890157537216364,0.6047705314009661,0.7605676328502415,2.898697539797395,0.09662325132657984,0.5436058895911631,0.7010787346516659,420.0
30,4,0.13333333333333333,0.4,790,2,11,trunk_spine,0.04829655439411537,0.8622244488977956,0.9113226452905812,4.31328320802005,0.14377610693400167,0.8458845796167498,0.8819108805846988,300.0
30,4,0.13333333333333333,0.4,790,2,11,left_arm,0.034722222222222224,0.6996515679442509,0.8202090592334494,3.391891891891892,0.11306306306306307,0.6459458751408137,0.7793927327028372,300.0
30,4,0.13333333333333333,0.4,790,2,11,right_arm,0.04127951993805652,0.7971864009378663,0.8815943728018757,3.8526912181303117,0.12842304060434373,0.7708439490634995,0.8228304416975191,300.0
30,4,0.13333333333333333,0.4,790,2,13,trunk_spine,0.03902298019945079,0.7225308641975309,0.8538580246913581,3.0284605433376455,0.10094868477792152,0.6885642551013881,0.7611694812256126,420.0
30,4,0.13333333333333333,0.4,790,2,13,left_arm,0.03248301777713542,0.5876900259547646,0.7497219132369299,2.6112026359143328,0.0870400878638111,0.5357158116114931,0.6757896005858421,420.0
30,4,0.13333333333333333,0.4,790,2,13,right_arm,0.05189815483933131,0.8004177303318636,0.883731724297981,4.190765492102066,0.13969218307006886,0.7470080975230892,0.8110087867681764,420.0
