rate_hz,participant,exercise_id,region,tau_frames,m,drep_DET,drep_LAM,mean_DET_drop_shuffle,RR_R1,DET_R1,n_samples
120,651,11,trunk_spine,18,4,0.05309279300872072,0.023054136937136205,0.9218502211481789,0.003343817754298104,0.9575342465753425,1199.0
120,651,11,left_arm,18,4,0.11001462731496403,0.05661486898364598,0.8870410097451624,0.0024628210217729866,0.8369497830130193,1199.0
120,651,11,right_arm,18,4,0.09417114788622549,0.051120441171193964,0.8983171990637501,0.00205973066235075,0.8584136397331357,1199.0
120,651,13,trunk_spine,18,4,0.014366402323478078,0.011640826147306882,0.8678912481372358,0.0034629911729721834,0.8824947273275083,1439.0
120,651,13,left_arm,18,4,0.11052652671956997,0.046629593191176544,0.8893312367670952,0.005034327330397947,0.947979274611399,1439.0
120,651,13,right_arm,18,4,0.06427771556550943,0.026376619247093336,0.8973939823412669,0.0032115356524279543,0.935672514619883,1439.0
120,790,11,trunk_spine,18,4,0.015525574526478736,1.581080570589588e-05,0.9773534257240022,0.004551561975142761,0.9718215363971822,1199.0
120,790,11,left_arm,18,4,0.018806976357201077,0.010598269017390138,0.941933434668247,0.009912358383974104,0.9604128157732594,1199.0
120,790,11,right_arm,18,4,0.050897386145427936,0.02878781599408231,0.9305464538039017,0.0029239319632332734,0.9096605744125327,1199.0
120,790,13,trunk_spine,18,4,0.06062386321832358,0.02904991965052872,0.9096824030058575,0.00684653277756726,0.8858755811379234,1679.0
120,790,13,left_arm,18,4,0.03202331302448658,0.009087010636830706,0.895089353442194,0.007841606669192876,0.9180438774524017,1679.0
120,790,13,right_arm,18,4,0.08272754732793919,0.040648099299039564,0.9232095422769596,0.004859416445623342,0.8894260761072988,1679.0
60,651,11,trunk_spine,9,4,0.23708290840716428,0.10644798903690489,0.6404225720029559,0.0033012362855294793,0.7726432532347505,600.0
60,651,11,left_arm,9,4,0.1915594388886993,0.13816853817536434,0.6138520086009762,0.002532371642319286,0.5180722891566265,600.0
60,651,11,right_arm,9,4,0.3080188138120913,0.19812817865473598,0.627845497710201,0.0021052246183136235,0.4782608695652174,600.0
60,651,13,trunk_spine,9,4,0.013009472061548899,0.02374289049847944,0.5084203582010836,0.0034281710582288617,0.5097323600973236,720.0
60,651,13,left_arm,9,4,0.28145173682091457,0.1755264729280005,0.6102995307056415,0.005063016623710265,0.7537067545304778,720.0
60,651,13,right_arm,9,4,0.19861090476897925,0.1119855890655177,0.6084312907227849,0.0031779395941245654,0.7165354330708661,720.0
60,790,11,trunk_spine,9,4,0.052855693205834275,0.013170569617066752,0.855523023716796,0.0045948815582323435,0.8393094289508632,600.0
60,790,11,left_arm,9,4,0.046079590312600005,0.047853622106049376,0.7876415344996255,0.009915913057274314,0.8172307692307692,600.0
60,790,11,right_arm,9,4,0.18983050847457628,0.09946219035202086,0.7029926955535069,0.0028801913618667547,0.6101694915254238,600.0
60,790,13,trunk_spine,9,4,0.04401330417091165,0.019636299916061972,0.6931323500088822,0.006843836911275517,0.6834882691456396,840.0
60,790,13,left_arm,9,4,0.11991034828631042,0.0806657864842043,0.6411778096765957,0.007895103581577688,0.7118188795088258,840.0
60,790,13,right_arm,9,4,0.29192250753781523,0.1701339119774805,0.715290713041297,0.004889753331030847,0.5731102850061958,840.0
30,651,11,trunk_spine,4,4,0.08423944476576056,0.07608444187391561,0.23204641984493596,0.0033875338753387536,0.2785714285714286,300.0
30,651,11,left_arm,4,4,0.05635838150289019,0.1652132748654574,0.2674265025794021,0.0028068137824235387,0.25,300.0
30,651,11,right_arm,4,4,0.39758454106280194,0.3103864734299517,0.4099033816425121,0.0021777003484320556,0.2111111111111111,300.0
30,651,13,trunk_spine,4,4,0.03669626388710162,0.11660875906146789,0.15855674526429225,0.003776209877770049,0.14912280701754385,360.0
30,651,13,left_arm,4,4,0.35100603621730375,0.21379387435725467,0.3540744466800805,0.005879625028984067,0.5295774647887324,360.0
30,651,13,right_arm,4,4,0.107121220465936,0.08124506618200511,0.28063206276567515,0.0033290271290867535,0.34328358208955223,360.0
30,790,11,trunk_spine,4,4,0.04921422663358144,0.048067523873975504,0.6528122415219189,0.005662020905923345,0.6282051282051282,300.0
30,790,11,left_arm,4,4,0.13296296296296295,0.10842592592592593,0.45727668845315905,0.01088850174216028,0.5311111111111111,300.0
30,790,11,right_arm,4,4,0.33324159442227425,0.23994312187514338,0.37325839411036194,0.00312137049941928,0.21705426356589147,300.0
30,790,13,trunk_spine,4,4,0.02305764411027572,0.015020189362294656,0.3418501071957001,0.008009346244640362,0.35639097744360904,420.0
30,790,13,left_arm,4,4,0.24032921810699587,0.23822975517890776,0.31717953442663227,0.008780170544876427,0.4403292181069959,420.0
30,790,13,right_arm,4,4,0.3142305933781629,0.24505425267360303,0.4120309290973927,0.005130799248446307,0.25821596244131456,420.0
