recording_id,participant,link_id,cache_column,present_in_cache,n_compared,max_abs_diff_rad,mean_abs_diff_rad,agrees,explained_by_source_alias,alias_max_diff_rad,source_alias_is
252_T1_P1_R1,252,pelvis_to_Ab,252_to_Ab,True,31587.0,0.0,0.0,True,False,,
252_T1_P1_R1,252,pelvis_to_LThigh,252_to_LThigh,True,31587.0,0.0,0.0,True,False,,
252_T1_P1_R1,252,pelvis_to_RThigh,252_to_RThigh,True,31587.0,0.0,0.0,True,False,,
252_T1_P1_R1,252,Ab_to_Chest,Ab_to_Chest,False,,,,,,,
252_T1_P1_R1,252,Chest_to_Neck,Chest_to_Neck,True,31587.0,0.0,0.0,True,False,,
252_T1_P1_R1,252,Neck_to_Head,Neck_to_Head,False,,,,,,,
252_T1_P1_R1,252,Chest_to_LShoulder,Chest_to_LShoulder,True,31587.0,0.0,0.0,True,False,,
252_T1_P1_R1,252,LShoulder_to_LUArm,LShoulder_to_LUArm,True,31587.0,0.0,0.0,True,False,,
252_T1_P1_R1,252,LUArm_to_LFArm,LUArm_to_LFArm,True,31587.0,0.0,0.0,True,False,,
252_T1_P1_R1,252,LFArm_to_LHand,LFArm_to_LHand,True,31587.0,0.0,0.0,True,False,,
252_T1_P1_R1,252,Chest_to_RShoulder,Chest_to_RShoulder,True,31587.0,0.0,0.0,True,False,,
252_T1_P1_R1,252,RShoulder_to_RUArm,RShoulder_to_RUArm,True,31587.0,0.0,0.0,True,False,,
252_T1_P1_R1,252,RUArm_to_RFArm,RUArm_to_RFArm,True,31587.0,0.0,0.0,True,False,,
252_T1_P1_R1,252,RFArm_to_RHand,RFArm_to_RHand,True,31587.0,0.0,0.0,True,False,,
252_T1_P1_R1,252,LThigh_to_LShin,LThigh_to_LShin,True,31587.0,0.0,0.0,True,False,,
252_T1_P1_R1,252,LShin_to_LFoot,LShin_to_LFoot,True,31587.0,0.0,0.0,True,False,,
252_T1_P1_R1,252,RThigh_to_RShin,RThigh_to_RShin,True,31587.0,0.0,0.0,True,False,,
252_T1_P1_R1,252,RShin_to_RFoot,RShin_to_RFoot,True,31587.0,0.0,0.0,True,False,,
252_T1_P1_R2,252,pelvis_to_Ab,252_to_Ab,True,31637.0,0.0,0.0,True,False,,
252_T1_P1_R2,252,pelvis_to_LThigh,252_to_LThigh,True,31637.0,0.0,0.0,True,False,,
252_T1_P1_R2,252,pelvis_to_RThigh,252_to_RThigh,True,31637.0,0.0,0.0,True,False,,
252_T1_P1_R2,252,Ab_to_Chest,Ab_to_Chest,False,,,,,,,
252_T1_P1_R2,252,Chest_to_Neck,Chest_to_Neck,True,31637.0,0.0,0.0,True,False,,
252_T1_P1_R2,252,Neck_to_Head,Neck_to_Head,False,,,,,,,
252_T1_P1_R2,252,Chest_to_LShoulder,Chest_to_LShoulder,True,31637.0,0.0,0.0,True,False,,
252_T1_P1_R2,252,LShoulder_to_LUArm,LShoulder_to_LUArm,True,31637.0,0.0,0.0,True,False,,
252_T1_P1_R2,252,LUArm_to_LFArm,LUArm_to_LFArm,True,31637.0,0.0,0.0,True,False,,
252_T1_P1_R2,252,LFArm_to_LHand,LFArm_to_LHand,True,31637.0,0.0,0.0,True,False,,
252_T1_P1_R2,252,Chest_to_RShoulder,Chest_to_RShoulder,True,31637.0,0.0,0.0,True,False,,
252_T1_P1_R2,252,RShoulder_to_RUArm,RShoulder_to_RUArm,True,31637.0,0.0,0.0,True,False,,
252_T1_P1_R2,252,RUArm_to_RFArm,RUArm_to_RFArm,True,31637.0,0.0,0.0,True,False,,
252_T1_P1_R2,252,RFArm_to_RHand,RFArm_to_RHand,True,31637.0,0.0,0.0,True,False,,
252_T1_P1_R2,252,LThigh_to_LShin,LThigh_to_LShin,True,31637.0,0.0,0.0,True,False,,
252_T1_P1_R2,252,LShin_to_LFoot,LShin_to_LFoot,True,31637.0,0.0,0.0,True,False,,
252_T1_P1_R2,252,RThigh_to_RShin,RThigh_to_RShin,True,31637.0,0.0,0.0,True,False,,
252_T1_P1_R2,252,RShin_to_RFoot,RShin_to_RFoot,True,31637.0,0.0,0.0,True,False,,
252_T2_P1_R1,252,pelvis_to_Ab,252_to_Ab,True,31530.0,0.0,0.0,True,False,,
252_T2_P1_R1,252,pelvis_to_LThigh,252_to_LThigh,True,31530.0,0.0,0.0,True,False,,
252_T2_P1_R1,252,pelvis_to_RThigh,252_to_RThigh,True,31530.0,0.0,0.0,True,False,,
252_T2_P1_R1,252,Ab_to_Chest,Ab_to_Chest,False,,,,,,,
252_T2_P1_R1,252,Chest_to_Neck,Chest_to_Neck,True,31530.0,0.0,0.0,True,False,,
252_T2_P1_R1,252,Neck_to_Head,Neck_to_Head,False,,,,,,,
252_T2_P1_R1,252,Chest_to_LShoulder,Chest_to_LShoulder,True,31530.0,0.0,0.0,True,False,,
252_T2_P1_R1,252,LShoulder_to_LUArm,LShoulder_to_LUArm,True,31530.0,0.0,0.0,True,False,,
252_T2_P1_R1,252,LUArm_to_LFArm,LUArm_to_LFArm,True,31530.0,0.0,0.0,True,False,,
252_T2_P1_R1,252,LFArm_to_LHand,LFArm_to_LHand,True,31530.0,0.0,0.0,True,False,,
252_T2_P1_R1,252,Chest_to_RShoulder,Chest_to_RShoulder,True,31530.0,0.0,0.0,True,False,,
252_T2_P1_R1,252,RShoulder_to_RUArm,RShoulder_to_RUArm,True,31530.0,0.0,0.0,True,False,,
252_T2_P1_R1,252,RUArm_to_RFArm,RUArm_to_RFArm,True,31530.0,0.0,0.0,True,False,,
252_T2_P1_R1,252,RFArm_to_RHand,RFArm_to_RHand,True,31530.0,0.0,0.0,True,False,,
252_T2_P1_R1,252,LThigh_to_LShin,LThigh_to_LShin,True,31530.0,0.0,0.0,True,False,,
252_T2_P1_R1,252,LShin_to_LFoot,LShin_to_LFoot,True,31530.0,0.0,0.0,True,False,,
252_T2_P1_R1,252,RThigh_to_RShin,RThigh_to_RShin,True,31530.0,0.0,0.0,True,False,,
252_T2_P1_R1,252,RShin_to_RFoot,RShin_to_RFoot,True,31530.0,0.0,0.0,True,False,,
252_T2_P1_R2,252,pelvis_to_Ab,252_to_Ab,True,31455.0,0.0,0.0,True,False,,
252_T2_P1_R2,252,pelvis_to_LThigh,252_to_LThigh,True,31455.0,0.0,0.0,True,False,,
252_T2_P1_R2,252,pelvis_to_RThigh,252_to_RThigh,True,31455.0,0.0,0.0,True,False,,
252_T2_P1_R2,252,Ab_to_Chest,Ab_to_Chest,False,,,,,,,
252_T2_P1_R2,252,Chest_to_Neck,Chest_to_Neck,True,31455.0,0.0,0.0,True,False,,
252_T2_P1_R2,252,Neck_to_Head,Neck_to_Head,False,,,,,,,
252_T2_P1_R2,252,Chest_to_LShoulder,Chest_to_LShoulder,True,31455.0,0.0,0.0,True,False,,
252_T2_P1_R2,252,LShoulder_to_LUArm,LShoulder_to_LUArm,True,31455.0,0.0,0.0,True,False,,
252_T2_P1_R2,252,LUArm_to_LFArm,LUArm_to_LFArm,True,31455.0,0.0,0.0,True,False,,
252_T2_P1_R2,252,LFArm_to_LHand,LFArm_to_LHand,True,31455.0,0.0,0.0,True,False,,
252_T2_P1_R2,252,Chest_to_RShoulder,Chest_to_RShoulder,True,31455.0,0.0,0.0,True,False,,
252_T2_P1_R2,252,RShoulder_to_RUArm,RShoulder_to_RUArm,True,31455.0,0.0,0.0,True,False,,
252_T2_P1_R2,252,RUArm_to_RFArm,RUArm_to_RFArm,True,31455.0,0.0,0.0,True,False,,
252_T2_P1_R2,252,RFArm_to_RHand,RFArm_to_RHand,True,31455.0,0.0,0.0,True,False,,
252_T2_P1_R2,252,LThigh_to_LShin,LThigh_to_LShin,True,31455.0,0.0,0.0,True,False,,
252_T2_P1_R2,252,LShin_to_LFoot,LShin_to_LFoot,True,31455.0,0.0,0.0,True,False,,
252_T2_P1_R2,252,RThigh_to_RShin,RThigh_to_RShin,True,31455.0,0.0,0.0,True,False,,
252_T2_P1_R2,252,RShin_to_RFoot,RShin_to_RFoot,True,31455.0,0.0,0.0,True,False,,
252_T3_P1_R1,252,pelvis_to_Ab,252_to_Ab,True,31476.0,0.0,0.0,True,False,,
252_T3_P1_R1,252,pelvis_to_LThigh,252_to_LThigh,True,31476.0,0.0,0.0,True,False,,
252_T3_P1_R1,252,pelvis_to_RThigh,252_to_RThigh,True,31476.0,0.0,0.0,True,False,,
252_T3_P1_R1,252,Ab_to_Chest,Ab_to_Chest,False,,,,,,,
252_T3_P1_R1,252,Chest_to_Neck,Chest_to_Neck,True,31476.0,0.0,0.0,True,False,,
252_T3_P1_R1,252,Neck_to_Head,Neck_to_Head,False,,,,,,,
252_T3_P1_R1,252,Chest_to_LShoulder,Chest_to_LShoulder,True,31476.0,0.0,0.0,True,False,,
252_T3_P1_R1,252,LShoulder_to_LUArm,LShoulder_to_LUArm,True,31476.0,0.0,0.0,True,False,,
252_T3_P1_R1,252,LUArm_to_LFArm,LUArm_to_LFArm,True,31476.0,0.0,0.0,True,False,,
252_T3_P1_R1,252,LFArm_to_LHand,LFArm_to_LHand,True,31476.0,0.0,0.0,True,False,,
252_T3_P1_R1,252,Chest_to_RShoulder,Chest_to_RShoulder,True,31476.0,0.0,0.0,True,False,,
252_T3_P1_R1,252,RShoulder_to_RUArm,RShoulder_to_RUArm,True,31476.0,0.0,0.0,True,False,,
252_T3_P1_R1,252,RUArm_to_RFArm,RUArm_to_RFArm,True,31476.0,0.0,0.0,True,False,,
252_T3_P1_R1,252,RFArm_to_RHand,RFArm_to_RHand,True,31476.0,0.0,0.0,True,False,,
252_T3_P1_R1,252,LThigh_to_LShin,LThigh_to_LShin,True,31476.0,0.0,0.0,True,False,,
252_T3_P1_R1,252,LShin_to_LFoot,LShin_to_LFoot,True,31476.0,0.0,0.0,True,False,,
252_T3_P1_R1,252,RThigh_to_RShin,RThigh_to_RShin,True,31476.0,0.0,0.0,True,False,,
252_T3_P1_R1,252,RShin_to_RFoot,RShin_to_RFoot,True,31476.0,0.0,0.0,True,False,,
252_T3_P1_R2,252,pelvis_to_Ab,252_to_Ab,True,31943.0,0.0,0.0,True,False,,
252_T3_P1_R2,252,pelvis_to_LThigh,252_to_LThigh,True,31943.0,0.0,0.0,True,False,,
252_T3_P1_R2,252,pelvis_to_RThigh,252_to_RThigh,True,31943.0,0.0,0.0,True,False,,
252_T3_P1_R2,252,Ab_to_Chest,Ab_to_Chest,False,,,,,,,
252_T3_P1_R2,252,Chest_to_Neck,Chest_to_Neck,True,31943.0,0.0,0.0,True,False,,
252_T3_P1_R2,252,Neck_to_Head,Neck_to_Head,False,,,,,,,
252_T3_P1_R2,252,Chest_to_LShoulder,Chest_to_LShoulder,True,31943.0,0.0,0.0,True,False,,
252_T3_P1_R2,252,LShoulder_to_LUArm,LShoulder_to_LUArm,True,31943.0,0.0,0.0,True,False,,
252_T3_P1_R2,252,LUArm_to_LFArm,LUArm_to_LFArm,True,31943.0,0.0,0.0,True,False,,
252_T3_P1_R2,252,LFArm_to_LHand,LFArm_to_LHand,True,31943.0,0.0,0.0,True,False,,
252_T3_P1_R2,252,Chest_to_RShoulder,Chest_to_RShoulder,True,31943.0,0.0,0.0,True,False,,
252_T3_P1_R2,252,RShoulder_to_RUArm,RShoulder_to_RUArm,True,31943.0,0.0,0.0,True,False,,
252_T3_P1_R2,252,RUArm_to_RFArm,RUArm_to_RFArm,True,31943.0,0.0,0.0,True,False,,
252_T3_P1_R2,252,RFArm_to_RHand,RFArm_to_RHand,True,31943.0,0.0,0.0,True,False,,
252_T3_P1_R2,252,LThigh_to_LShin,LThigh_to_LShin,True,31943.0,0.0,0.0,True,False,,
252_T3_P1_R2,252,LShin_to_LFoot,LShin_to_LFoot,True,31943.0,0.0,0.0,True,False,,
252_T3_P1_R2,252,RThigh_to_RShin,RThigh_to_RShin,True,31943.0,0.0,0.0,True,False,,
252_T3_P1_R2,252,RShin_to_RFoot,RShin_to_RFoot,True,31943.0,0.0,0.0,True,False,,
651_T1_P1_R1,651,pelvis_to_Ab,651_to_Ab,True,30423.0,0.0,0.0,True,False,,
651_T1_P1_R1,651,pelvis_to_LThigh,651_to_LThigh,True,30423.0,0.0,0.0,True,False,,
651_T1_P1_R1,651,pelvis_to_RThigh,651_to_RThigh,True,30423.0,0.0,0.0,True,False,,
651_T1_P1_R1,651,Ab_to_Chest,Ab_to_Chest,True,30423.0,0.0,0.0,True,False,,
651_T1_P1_R1,651,Chest_to_Neck,Chest_to_Neck,True,30423.0,0.0,0.0,True,False,,
651_T1_P1_R1,651,Neck_to_Head,Neck_to_Head,True,30423.0,0.0,0.0,True,False,,
651_T1_P1_R1,651,Chest_to_LShoulder,Chest_to_LShoulder,True,30423.0,0.0,0.0,True,False,,
651_T1_P1_R1,651,LShoulder_to_LUArm,LShoulder_to_LUArm,True,30423.0,0.0,0.0,True,False,,
651_T1_P1_R1,651,LUArm_to_LFArm,LUArm_to_LFArm,True,30423.0,0.0,0.0,True,False,,
651_T1_P1_R1,651,LFArm_to_LHand,LFArm_to_LHand,True,30423.0,0.0,0.0,True,False,,
651_T1_P1_R1,651,Chest_to_RShoulder,Chest_to_RShoulder,True,30423.0,0.0,0.0,True,False,,
651_T1_P1_R1,651,RShoulder_to_RUArm,RShoulder_to_RUArm,True,30423.0,0.0,0.0,True,False,,
651_T1_P1_R1,651,RUArm_to_RFArm,RUArm_to_RFArm,True,30423.0,0.0,0.0,True,False,,
651_T1_P1_R1,651,RFArm_to_RHand,RFArm_to_RHand,True,30423.0,0.0,0.0,True,False,,
651_T1_P1_R1,651,LThigh_to_LShin,LThigh_to_LShin,True,30423.0,0.0,0.0,True,False,,
651_T1_P1_R1,651,LShin_to_LFoot,LShin_to_LFoot,True,30423.0,0.0,0.0,True,False,,
651_T1_P1_R1,651,RThigh_to_RShin,RThigh_to_RShin,True,30423.0,0.0,0.0,True,False,,
651_T1_P1_R1,651,RShin_to_RFoot,RShin_to_RFoot,True,30423.0,0.0,0.0,True,False,,
651_T1_P1_R2,651,pelvis_to_Ab,651_to_Ab,True,30113.0,0.0,0.0,True,False,,
651_T1_P1_R2,651,pelvis_to_LThigh,651_to_LThigh,True,30113.0,0.0,0.0,True,False,,
651_T1_P1_R2,651,pelvis_to_RThigh,651_to_RThigh,True,30113.0,0.0,0.0,True,False,,
651_T1_P1_R2,651,Ab_to_Chest,Ab_to_Chest,True,30113.0,0.0,0.0,True,False,,
651_T1_P1_R2,651,Chest_to_Neck,Chest_to_Neck,True,30113.0,0.0,0.0,True,False,,
651_T1_P1_R2,651,Neck_to_Head,Neck_to_Head,True,30113.0,0.0,0.0,True,False,,
651_T1_P1_R2,651,Chest_to_LShoulder,Chest_to_LShoulder,True,30113.0,0.0,0.0,True,False,,
651_T1_P1_R2,651,LShoulder_to_LUArm,LShoulder_to_LUArm,True,30113.0,0.0,0.0,True,False,,
651_T1_P1_R2,651,LUArm_to_LFArm,LUArm_to_LFArm,True,30113.0,0.0,0.0,True,False,,
651_T1_P1_R2,651,LFArm_to_LHand,LFArm_to_LHand,True,30113.0,0.0,0.0,True,False,,
651_T1_P1_R2,651,Chest_to_RShoulder,Chest_to_RShoulder,True,30113.0,0.0,0.0,True,False,,
651_T1_P1_R2,651,RShoulder_to_RUArm,RShoulder_to_RUArm,True,30113.0,0.0,0.0,True,False,,
651_T1_P1_R2,651,RUArm_to_RFArm,RUArm_to_RFArm,True,30113.0,0.0,0.0,True,False,,
651_T1_P1_R2,651,RFArm_to_RHand,RFArm_to_RHand,True,30113.0,0.0,0.0,True,False,,
651_T1_P1_R2,651,LThigh_to_LShin,LThigh_to_LShin,True,30113.0,0.0,0.0,True,False,,
651_T1_P1_R2,651,LShin_to_LFoot,LShin_to_LFoot,True,30113.0,0.0,0.0,True,False,,
651_T1_P1_R2,651,RThigh_to_RShin,RThigh_to_RShin,True,30113.0,0.0,0.0,True,False,,
651_T1_P1_R2,651,RShin_to_RFoot,RShin_to_RFoot,True,30113.0,0.0,0.0,True,False,,
651_T2_P1_R1,651,pelvis_to_Ab,651_T2_to_Ab,False,,,,,,,
651_T2_P1_R1,651,pelvis_to_LThigh,651_T2_to_LThigh,False,,,,,,,
651_T2_P1_R1,651,pelvis_to_RThigh,651_T2_to_RThigh,False,,,,,,,
651_T2_P1_R1,651,Ab_to_Chest,Ab_to_Chest,False,,,,,,,
651_T2_P1_R1,651,Chest_to_Neck,Chest_to_Neck,True,32110.0,0.0,0.0,True,False,,
651_T2_P1_R1,651,Neck_to_Head,Neck_to_Head,True,32110.0,0.7176721938251704,0.20386877671687462,False,True,0.0,Neck2_to_Head
651_T2_P1_R1,651,Chest_to_LShoulder,Chest_to_LShoulder,True,32110.0,0.0,0.0,True,False,,
651_T2_P1_R1,651,LShoulder_to_LUArm,LShoulder_to_LUArm,True,32110.0,0.0,0.0,True,False,,
651_T2_P1_R1,651,LUArm_to_LFArm,LUArm_to_LFArm,True,32110.0,0.0,0.0,True,False,,
651_T2_P1_R1,651,LFArm_to_LHand,LFArm_to_LHand,True,32110.0,0.0,0.0,True,False,,
651_T2_P1_R1,651,Chest_to_RShoulder,Chest_to_RShoulder,True,32110.0,0.0,0.0,True,False,,
651_T2_P1_R1,651,RShoulder_to_RUArm,RShoulder_to_RUArm,True,32110.0,0.0,0.0,True,False,,
651_T2_P1_R1,651,RUArm_to_RFArm,RUArm_to_RFArm,True,32110.0,0.0,0.0,True,False,,
651_T2_P1_R1,651,RFArm_to_RHand,RFArm_to_RHand,True,32110.0,0.0,0.0,True,False,,
651_T2_P1_R1,651,LThigh_to_LShin,LThigh_to_LShin,True,32110.0,0.0,0.0,True,False,,
651_T2_P1_R1,651,LShin_to_LFoot,LShin_to_LFoot,True,32110.0,0.0,0.0,True,False,,
651_T2_P1_R1,651,RThigh_to_RShin,RThigh_to_RShin,True,32110.0,0.0,0.0,True,False,,
651_T2_P1_R1,651,RShin_to_RFoot,RShin_to_RFoot,True,32110.0,0.0,0.0,True,False,,
651_T2_P1_R2,651,pelvis_to_Ab,651_T2_to_Ab,False,,,,,,,
651_T2_P1_R2,651,pelvis_to_LThigh,651_T2_to_LThigh,False,,,,,,,
651_T2_P1_R2,651,pelvis_to_RThigh,651_T2_to_RThigh,False,,,,,,,
651_T2_P1_R2,651,Ab_to_Chest,Ab_to_Chest,False,,,,,,,
651_T2_P1_R2,651,Chest_to_Neck,Chest_to_Neck,True,31380.0,0.0,0.0,True,False,,
651_T2_P1_R2,651,Neck_to_Head,Neck_to_Head,True,31380.0,0.6182160550231045,0.18982795902288455,False,True,0.0,Neck2_to_Head
651_T2_P1_R2,651,Chest_to_LShoulder,Chest_to_LShoulder,True,31380.0,0.0,0.0,True,False,,
651_T2_P1_R2,651,LShoulder_to_LUArm,LShoulder_to_LUArm,True,31380.0,0.0,0.0,True,False,,
651_T2_P1_R2,651,LUArm_to_LFArm,LUArm_to_LFArm,True,31380.0,0.0,0.0,True,False,,
651_T2_P1_R2,651,LFArm_to_LHand,LFArm_to_LHand,True,31380.0,0.0,0.0,True,False,,
651_T2_P1_R2,651,Chest_to_RShoulder,Chest_to_RShoulder,True,31380.0,0.0,0.0,True,False,,
651_T2_P1_R2,651,RShoulder_to_RUArm,RShoulder_to_RUArm,True,31380.0,0.0,0.0,True,False,,
651_T2_P1_R2,651,RUArm_to_RFArm,RUArm_to_RFArm,True,31380.0,0.0,0.0,True,False,,
651_T2_P1_R2,651,RFArm_to_RHand,RFArm_to_RHand,True,31380.0,0.0,0.0,True,False,,
651_T2_P1_R2,651,LThigh_to_LShin,LThigh_to_LShin,True,31380.0,0.0,0.0,True,False,,
651_T2_P1_R2,651,LShin_to_LFoot,LShin_to_LFoot,True,31380.0,0.0,0.0,True,False,,
651_T2_P1_R2,651,RThigh_to_RShin,RThigh_to_RShin,True,31380.0,0.0,0.0,True,False,,
651_T2_P1_R2,651,RShin_to_RFoot,RShin_to_RFoot,True,31380.0,0.0,0.0,True,False,,
651_T3_P1_R1,651,pelvis_to_Ab,651_T3_to_Ab,False,,,,,,,
651_T3_P1_R1,651,pelvis_to_LThigh,651_T3_to_LThigh,False,,,,,,,
651_T3_P1_R1,651,pelvis_to_RThigh,651_T3_to_RThigh,False,,,,,,,
651_T3_P1_R1,651,Ab_to_Chest,Ab_to_Chest,False,,,,,,,
651_T3_P1_R1,651,Chest_to_Neck,Chest_to_Neck,True,30835.0,0.0,0.0,True,False,,
651_T3_P1_R1,651,Neck_to_Head,Neck_to_Head,True,30835.0,0.549694949526439,0.16511867702557606,False,True,0.0,Neck2_to_Head
651_T3_P1_R1,651,Chest_to_LShoulder,Chest_to_LShoulder,True,30835.0,0.0,0.0,True,False,,
651_T3_P1_R1,651,LShoulder_to_LUArm,LShoulder_to_LUArm,True,30835.0,0.0,0.0,True,False,,
651_T3_P1_R1,651,LUArm_to_LFArm,LUArm_to_LFArm,True,30835.0,0.0,0.0,True,False,,
651_T3_P1_R1,651,LFArm_to_LHand,LFArm_to_LHand,True,30835.0,0.0,0.0,True,False,,
651_T3_P1_R1,651,Chest_to_RShoulder,Chest_to_RShoulder,True,30835.0,0.0,0.0,True,False,,
651_T3_P1_R1,651,RShoulder_to_RUArm,RShoulder_to_RUArm,True,30835.0,0.0,0.0,True,False,,
651_T3_P1_R1,651,RUArm_to_RFArm,RUArm_to_RFArm,True,30835.0,0.0,0.0,True,False,,
651_T3_P1_R1,651,RFArm_to_RHand,RFArm_to_RHand,True,30835.0,0.0,0.0,True,False,,
651_T3_P1_R1,651,LThigh_to_LShin,LThigh_to_LShin,True,30835.0,0.0,0.0,True,False,,
651_T3_P1_R1,651,LShin_to_LFoot,LShin_to_LFoot,True,30835.0,0.0,0.0,True,False,,
651_T3_P1_R1,651,RThigh_to_RShin,RThigh_to_RShin,True,30835.0,0.0,0.0,True,False,,
651_T3_P1_R1,651,RShin_to_RFoot,RShin_to_RFoot,True,30835.0,0.0,0.0,True,False,,
651_T3_P1_R2,651,pelvis_to_Ab,651_T3_to_Ab,False,,,,,,,
651_T3_P1_R2,651,pelvis_to_LThigh,651_T3_to_LThigh,False,,,,,,,
651_T3_P1_R2,651,pelvis_to_RThigh,651_T3_to_RThigh,False,,,,,,,
651_T3_P1_R2,651,Ab_to_Chest,Ab_to_Chest,False,,,,,,,
651_T3_P1_R2,651,Chest_to_Neck,Chest_to_Neck,True,31172.0,0.0,0.0,True,False,,
651_T3_P1_R2,651,Neck_to_Head,Neck_to_Head,True,31172.0,0.5482105119980415,0.16529343080271586,False,True,0.0,Neck2_to_Head
651_T3_P1_R2,651,Chest_to_LShoulder,Chest_to_LShoulder,True,31172.0,0.0,0.0,True,False,,
651_T3_P1_R2,651,LShoulder_to_LUArm,LShoulder_to_LUArm,True,31172.0,0.0,0.0,True,False,,
651_T3_P1_R2,651,LUArm_to_LFArm,LUArm_to_LFArm,True,31172.0,0.0,0.0,True,False,,
651_T3_P1_R2,651,LFArm_to_LHand,LFArm_to_LHand,True,31172.0,0.0,0.0,True,False,,
651_T3_P1_R2,651,Chest_to_RShoulder,Chest_to_RShoulder,True,31172.0,0.0,0.0,True,False,,
651_T3_P1_R2,651,RShoulder_to_RUArm,RShoulder_to_RUArm,True,31172.0,0.0,0.0,True,False,,
651_T3_P1_R2,651,RUArm_to_RFArm,RUArm_to_RFArm,True,31172.0,0.0,0.0,True,False,,
651_T3_P1_R2,651,RFArm_to_RHand,RFArm_to_RHand,True,31172.0,0.0,0.0,True,False,,
651_T3_P1_R2,651,LThigh_to_LShin,LThigh_to_LShin,True,31172.0,0.0,0.0,True,False,,
651_T3_P1_R2,651,LShin_to_LFoot,LShin_to_LFoot,True,31172.0,0.0,0.0,True,False,,
651_T3_P1_R2,651,RThigh_to_RShin,RThigh_to_RShin,True,31172.0,0.0,0.0,True,False,,
651_T3_P1_R2,651,RShin_to_RFoot,RShin_to_RFoot,True,31172.0,0.0,0.0,True,False,,
671_T1_P1_R1,671,pelvis_to_Ab,671_to_Ab,True,30604.0,0.0,0.0,True,False,,
671_T1_P1_R1,671,pelvis_to_LThigh,671_to_LThigh,True,30604.0,0.0,0.0,True,False,,
671_T1_P1_R1,671,pelvis_to_RThigh,671_to_RThigh,True,30604.0,0.0,0.0,True,False,,
671_T1_P1_R1,671,Ab_to_Chest,Ab_to_Chest,True,30604.0,0.0,0.0,True,False,,
671_T1_P1_R1,671,Chest_to_Neck,Chest_to_Neck,True,30604.0,0.0,0.0,True,False,,
671_T1_P1_R1,671,Neck_to_Head,Neck_to_Head,True,30604.0,0.0,0.0,True,False,,
671_T1_P1_R1,671,Chest_to_LShoulder,Chest_to_LShoulder,True,30604.0,0.0,0.0,True,False,,
671_T1_P1_R1,671,LShoulder_to_LUArm,LShoulder_to_LUArm,True,30604.0,0.0,0.0,True,False,,
671_T1_P1_R1,671,LUArm_to_LFArm,LUArm_to_LFArm,True,30604.0,0.0,0.0,True,False,,
671_T1_P1_R1,671,LFArm_to_LHand,LFArm_to_LHand,True,30604.0,0.0,0.0,True,False,,
671_T1_P1_R1,671,Chest_to_RShoulder,Chest_to_RShoulder,True,30604.0,0.0,0.0,True,False,,
671_T1_P1_R1,671,RShoulder_to_RUArm,RShoulder_to_RUArm,True,30604.0,0.0,0.0,True,False,,
671_T1_P1_R1,671,RUArm_to_RFArm,RUArm_to_RFArm,True,30604.0,0.0,0.0,True,False,,
671_T1_P1_R1,671,RFArm_to_RHand,RFArm_to_RHand,True,30604.0,0.0,0.0,True,False,,
671_T1_P1_R1,671,LThigh_to_LShin,LThigh_to_LShin,True,30604.0,0.0,0.0,True,False,,
671_T1_P1_R1,671,LShin_to_LFoot,LShin_to_LFoot,True,30604.0,0.0,0.0,True,False,,
671_T1_P1_R1,671,RThigh_to_RShin,RThigh_to_RShin,True,30604.0,0.0,0.0,True,False,,
671_T1_P1_R1,671,RShin_to_RFoot,RShin_to_RFoot,True,30604.0,0.0,0.0,True,False,,
671_T1_P1_R2,671,pelvis_to_Ab,671_to_Ab,True,30235.0,0.0,0.0,True,False,,
671_T1_P1_R2,671,pelvis_to_LThigh,671_to_LThigh,True,30235.0,0.0,0.0,True,False,,
671_T1_P1_R2,671,pelvis_to_RThigh,671_to_RThigh,True,30235.0,0.0,0.0,True,False,,
671_T1_P1_R2,671,Ab_to_Chest,Ab_to_Chest,True,30235.0,0.0,0.0,True,False,,
671_T1_P1_R2,671,Chest_to_Neck,Chest_to_Neck,True,30235.0,0.0,0.0,True,False,,
671_T1_P1_R2,671,Neck_to_Head,Neck_to_Head,True,30235.0,0.0,0.0,True,False,,
671_T1_P1_R2,671,Chest_to_LShoulder,Chest_to_LShoulder,True,30235.0,0.0,0.0,True,False,,
671_T1_P1_R2,671,LShoulder_to_LUArm,LShoulder_to_LUArm,True,30235.0,0.0,0.0,True,False,,
671_T1_P1_R2,671,LUArm_to_LFArm,LUArm_to_LFArm,True,30235.0,0.0,0.0,True,False,,
671_T1_P1_R2,671,LFArm_to_LHand,LFArm_to_LHand,True,30235.0,0.0,0.0,True,False,,
671_T1_P1_R2,671,Chest_to_RShoulder,Chest_to_RShoulder,True,30235.0,0.0,0.0,True,False,,
671_T1_P1_R2,671,RShoulder_to_RUArm,RShoulder_to_RUArm,True,30235.0,0.0,0.0,True,False,,
671_T1_P1_R2,671,RUArm_to_RFArm,RUArm_to_RFArm,True,30235.0,0.0,0.0,True,False,,
671_T1_P1_R2,671,RFArm_to_RHand,RFArm_to_RHand,True,30235.0,0.0,0.0,True,False,,
671_T1_P1_R2,671,LThigh_to_LShin,LThigh_to_LShin,True,30235.0,0.0,0.0,True,False,,
671_T1_P1_R2,671,LShin_to_LFoot,LShin_to_LFoot,True,30235.0,0.0,0.0,True,False,,
671_T1_P1_R2,671,RThigh_to_RShin,RThigh_to_RShin,True,30235.0,0.0,0.0,True,False,,
671_T1_P1_R2,671,RShin_to_RFoot,RShin_to_RFoot,True,30235.0,0.0,0.0,True,False,,
671_T2_P1_R1,671,pelvis_to_Ab,671_to_Ab,True,30356.0,0.0,0.0,True,False,,
671_T2_P1_R1,671,pelvis_to_LThigh,671_to_LThigh,True,30356.0,0.0,0.0,True,False,,
671_T2_P1_R1,671,pelvis_to_RThigh,671_to_RThigh,True,30356.0,0.0,0.0,True,False,,
671_T2_P1_R1,671,Ab_to_Chest,Ab_to_Chest,True,30356.0,0.0,0.0,True,False,,
671_T2_P1_R1,671,Chest_to_Neck,Chest_to_Neck,True,30356.0,0.0,0.0,True,False,,
671_T2_P1_R1,671,Neck_to_Head,Neck_to_Head,True,30356.0,0.0,0.0,True,False,,
671_T2_P1_R1,671,Chest_to_LShoulder,Chest_to_LShoulder,True,30356.0,0.0,0.0,True,False,,
671_T2_P1_R1,671,LShoulder_to_LUArm,LShoulder_to_LUArm,True,30356.0,0.0,0.0,True,False,,
671_T2_P1_R1,671,LUArm_to_LFArm,LUArm_to_LFArm,True,30356.0,0.0,0.0,True,False,,
671_T2_P1_R1,671,LFArm_to_LHand,LFArm_to_LHand,True,30356.0,0.0,0.0,True,False,,
671_T2_P1_R1,671,Chest_to_RShoulder,Chest_to_RShoulder,True,30356.0,0.0,0.0,True,False,,
671_T2_P1_R1,671,RShoulder_to_RUArm,RShoulder_to_RUArm,True,30356.0,0.0,0.0,True,False,,
671_T2_P1_R1,671,RUArm_to_RFArm,RUArm_to_RFArm,True,30356.0,0.0,0.0,True,False,,
671_T2_P1_R1,671,RFArm_to_RHand,RFArm_to_RHand,True,30356.0,0.0,0.0,True,False,,
671_T2_P1_R1,671,LThigh_to_LShin,LThigh_to_LShin,True,30356.0,0.0,0.0,True,False,,
671_T2_P1_R1,671,LShin_to_LFoot,LShin_to_LFoot,True,30356.0,0.0,0.0,True,False,,
671_T2_P1_R1,671,RThigh_to_RShin,RThigh_to_RShin,True,30356.0,0.0,0.0,True,False,,
671_T2_P1_R1,671,RShin_to_RFoot,RShin_to_RFoot,True,30356.0,0.0,0.0,True,False,,
671_T2_P1_R2,671,pelvis_to_Ab,671_to_Ab,True,30479.0,0.0,0.0,True,False,,
671_T2_P1_R2,671,pelvis_to_LThigh,671_to_LThigh,True,30479.0,0.0,0.0,True,False,,
671_T2_P1_R2,671,pelvis_to_RThigh,671_to_RThigh,True,30479.0,0.0,0.0,True,False,,
671_T2_P1_R2,671,Ab_to_Chest,Ab_to_Chest,True,30479.0,0.0,0.0,True,False,,
671_T2_P1_R2,671,Chest_to_Neck,Chest_to_Neck,True,30479.0,0.0,0.0,True,False,,
671_T2_P1_R2,671,Neck_to_Head,Neck_to_Head,True,30479.0,0.0,0.0,True,False,,
671_T2_P1_R2,671,Chest_to_LShoulder,Chest_to_LShoulder,True,30479.0,0.0,0.0,True,False,,
671_T2_P1_R2,671,LShoulder_to_LUArm,LShoulder_to_LUArm,True,30479.0,0.0,0.0,True,False,,
671_T2_P1_R2,671,LUArm_to_LFArm,LUArm_to_LFArm,True,30479.0,0.0,0.0,True,False,,
671_T2_P1_R2,671,LFArm_to_LHand,LFArm_to_LHand,True,30479.0,0.0,0.0,True,False,,
671_T2_P1_R2,671,Chest_to_RShoulder,Chest_to_RShoulder,True,30479.0,0.0,0.0,True,False,,
671_T2_P1_R2,671,RShoulder_to_RUArm,RShoulder_to_RUArm,True,30479.0,0.0,0.0,True,False,,
671_T2_P1_R2,671,RUArm_to_RFArm,RUArm_to_RFArm,True,30479.0,0.0,0.0,True,False,,
671_T2_P1_R2,671,RFArm_to_RHand,RFArm_to_RHand,True,30479.0,0.0,0.0,True,False,,
671_T2_P1_R2,671,LThigh_to_LShin,LThigh_to_LShin,True,30479.0,0.0,0.0,True,False,,
671_T2_P1_R2,671,LShin_to_LFoot,LShin_to_LFoot,True,30479.0,0.0,0.0,True,False,,
671_T2_P1_R2,671,RThigh_to_RShin,RThigh_to_RShin,True,30479.0,0.0,0.0,True,False,,
671_T2_P1_R2,671,RShin_to_RFoot,RShin_to_RFoot,True,30479.0,0.0,0.0,True,False,,
671_T3_P1_R1,671,pelvis_to_Ab,T3_671_to_Ab,False,,,,,,,
671_T3_P1_R1,671,pelvis_to_LThigh,T3_671_to_LThigh,False,,,,,,,
671_T3_P1_R1,671,pelvis_to_RThigh,T3_671_to_RThigh,False,,,,,,,
671_T3_P1_R1,671,Ab_to_Chest,Ab_to_Chest,False,,,,,,,
671_T3_P1_R1,671,Chest_to_Neck,Chest_to_Neck,True,31674.0,0.0,0.0,True,False,,
671_T3_P1_R1,671,Neck_to_Head,Neck_to_Head,True,31674.0,0.4432745586148522,0.15480770997814536,False,True,0.0,Neck2_to_Head
671_T3_P1_R1,671,Chest_to_LShoulder,Chest_to_LShoulder,True,31674.0,0.0,0.0,True,False,,
671_T3_P1_R1,671,LShoulder_to_LUArm,LShoulder_to_LUArm,True,31674.0,0.0,0.0,True,False,,
671_T3_P1_R1,671,LUArm_to_LFArm,LUArm_to_LFArm,True,31674.0,0.0,0.0,True,False,,
671_T3_P1_R1,671,LFArm_to_LHand,LFArm_to_LHand,True,31674.0,0.0,0.0,True,False,,
671_T3_P1_R1,671,Chest_to_RShoulder,Chest_to_RShoulder,True,31674.0,0.0,0.0,True,False,,
671_T3_P1_R1,671,RShoulder_to_RUArm,RShoulder_to_RUArm,True,31674.0,0.0,0.0,True,False,,
671_T3_P1_R1,671,RUArm_to_RFArm,RUArm_to_RFArm,True,31674.0,0.0,0.0,True,False,,
671_T3_P1_R1,671,RFArm_to_RHand,RFArm_to_RHand,True,31674.0,0.0,0.0,True,False,,
671_T3_P1_R1,671,LThigh_to_LShin,LThigh_to_LShin,True,31674.0,0.0,0.0,True,False,,
671_T3_P1_R1,671,LShin_to_LFoot,LShin_to_LFoot,True,31674.0,0.0,0.0,True,False,,
671_T3_P1_R1,671,RThigh_to_RShin,RThigh_to_RShin,True,31674.0,0.0,0.0,True,False,,
671_T3_P1_R1,671,RShin_to_RFoot,RShin_to_RFoot,True,31674.0,0.0,0.0,True,False,,
671_T3_P1_R2,671,pelvis_to_Ab,T3_671_to_Ab,False,,,,,,,
671_T3_P1_R2,671,pelvis_to_LThigh,T3_671_to_LThigh,False,,,,,,,
671_T3_P1_R2,671,pelvis_to_RThigh,T3_671_to_RThigh,False,,,,,,,
671_T3_P1_R2,671,Ab_to_Chest,Ab_to_Chest,False,,,,,,,
671_T3_P1_R2,671,Chest_to_Neck,Chest_to_Neck,True,31392.0,0.0,0.0,True,False,,
671_T3_P1_R2,671,Neck_to_Head,Neck_to_Head,True,31392.0,0.4397221828102559,0.1550973239795505,False,True,0.0,Neck2_to_Head
671_T3_P1_R2,671,Chest_to_LShoulder,Chest_to_LShoulder,True,31392.0,0.0,0.0,True,False,,
671_T3_P1_R2,671,LShoulder_to_LUArm,LShoulder_to_LUArm,True,31392.0,0.0,0.0,True,False,,
671_T3_P1_R2,671,LUArm_to_LFArm,LUArm_to_LFArm,True,31392.0,0.0,0.0,True,False,,
671_T3_P1_R2,671,LFArm_to_LHand,LFArm_to_LHand,True,31392.0,0.0,0.0,True,False,,
671_T3_P1_R2,671,Chest_to_RShoulder,Chest_to_RShoulder,True,31392.0,0.0,0.0,True,False,,
671_T3_P1_R2,671,RShoulder_to_RUArm,RShoulder_to_RUArm,True,31392.0,0.0,0.0,True,False,,
671_T3_P1_R2,671,RUArm_to_RFArm,RUArm_to_RFArm,True,31392.0,0.0,0.0,True,False,,
671_T3_P1_R2,671,RFArm_to_RHand,RFArm_to_RHand,True,31392.0,0.0,0.0,True,False,,
671_T3_P1_R2,671,LThigh_to_LShin,LThigh_to_LShin,True,31392.0,0.0,0.0,True,False,,
671_T3_P1_R2,671,LShin_to_LFoot,LShin_to_LFoot,True,31392.0,0.0,0.0,True,False,,
671_T3_P1_R2,671,RThigh_to_RShin,RThigh_to_RShin,True,31392.0,0.0,0.0,True,False,,
671_T3_P1_R2,671,RShin_to_RFoot,RShin_to_RFoot,True,31392.0,0.0,0.0,True,False,,
790_T1_P1_R1,790,pelvis_to_Ab,790_to_Ab,True,31258.0,0.0,0.0,True,False,,
790_T1_P1_R1,790,pelvis_to_LThigh,790_to_LThigh,True,31258.0,0.0,0.0,True,False,,
790_T1_P1_R1,790,pelvis_to_RThigh,790_to_RThigh,True,31258.0,0.0,0.0,True,False,,
790_T1_P1_R1,790,Ab_to_Chest,Ab_to_Chest,False,,,,,,,
790_T1_P1_R1,790,Chest_to_Neck,Chest_to_Neck,True,31258.0,0.0,0.0,True,False,,
790_T1_P1_R1,790,Neck_to_Head,Neck_to_Head,False,,,,,,,
790_T1_P1_R1,790,Chest_to_LShoulder,Chest_to_LShoulder,True,31258.0,0.0,0.0,True,False,,
790_T1_P1_R1,790,LShoulder_to_LUArm,LShoulder_to_LUArm,True,31258.0,0.0,0.0,True,False,,
790_T1_P1_R1,790,LUArm_to_LFArm,LUArm_to_LFArm,True,31258.0,0.0,0.0,True,False,,
790_T1_P1_R1,790,LFArm_to_LHand,LFArm_to_LHand,True,31258.0,0.0,0.0,True,False,,
790_T1_P1_R1,790,Chest_to_RShoulder,Chest_to_RShoulder,True,31258.0,0.0,0.0,True,False,,
790_T1_P1_R1,790,RShoulder_to_RUArm,RShoulder_to_RUArm,True,31258.0,0.0,0.0,True,False,,
790_T1_P1_R1,790,RUArm_to_RFArm,RUArm_to_RFArm,True,31258.0,0.0,0.0,True,False,,
790_T1_P1_R1,790,RFArm_to_RHand,RFArm_to_RHand,True,31258.0,0.0,0.0,True,False,,
790_T1_P1_R1,790,LThigh_to_LShin,LThigh_to_LShin,True,31258.0,0.0,0.0,True,False,,
790_T1_P1_R1,790,LShin_to_LFoot,LShin_to_LFoot,True,31258.0,0.0,0.0,True,False,,
790_T1_P1_R1,790,RThigh_to_RShin,RThigh_to_RShin,True,31258.0,0.0,0.0,True,False,,
790_T1_P1_R1,790,RShin_to_RFoot,RShin_to_RFoot,True,31258.0,0.0,0.0,True,False,,
790_T1_P1_R2,790,pelvis_to_Ab,790_to_Ab,True,31255.0,0.0,0.0,True,False,,
790_T1_P1_R2,790,pelvis_to_LThigh,790_to_LThigh,True,31255.0,0.0,0.0,True,False,,
790_T1_P1_R2,790,pelvis_to_RThigh,790_to_RThigh,True,31255.0,0.0,0.0,True,False,,
790_T1_P1_R2,790,Ab_to_Chest,Ab_to_Chest,False,,,,,,,
790_T1_P1_R2,790,Chest_to_Neck,Chest_to_Neck,True,31255.0,0.0,0.0,True,False,,
790_T1_P1_R2,790,Neck_to_Head,Neck_to_Head,False,,,,,,,
790_T1_P1_R2,790,Chest_to_LShoulder,Chest_to_LShoulder,True,31255.0,0.0,0.0,True,False,,
790_T1_P1_R2,790,LShoulder_to_LUArm,LShoulder_to_LUArm,True,31255.0,0.0,0.0,True,False,,
790_T1_P1_R2,790,LUArm_to_LFArm,LUArm_to_LFArm,True,31255.0,0.0,0.0,True,False,,
790_T1_P1_R2,790,LFArm_to_LHand,LFArm_to_LHand,True,31255.0,0.0,0.0,True,False,,
790_T1_P1_R2,790,Chest_to_RShoulder,Chest_to_RShoulder,True,31255.0,0.0,0.0,True,False,,
790_T1_P1_R2,790,RShoulder_to_RUArm,RShoulder_to_RUArm,True,31255.0,0.0,0.0,True,False,,
790_T1_P1_R2,790,RUArm_to_RFArm,RUArm_to_RFArm,True,31255.0,0.0,0.0,True,False,,
790_T1_P1_R2,790,RFArm_to_RHand,RFArm_to_RHand,True,31255.0,0.0,0.0,True,False,,
790_T1_P1_R2,790,LThigh_to_LShin,LThigh_to_LShin,True,31255.0,0.0,0.0,True,False,,
790_T1_P1_R2,790,LShin_to_LFoot,LShin_to_LFoot,True,31255.0,0.0,0.0,True,False,,
790_T1_P1_R2,790,RThigh_to_RShin,RThigh_to_RShin,True,31255.0,0.0,0.0,True,False,,
790_T1_P1_R2,790,RShin_to_RFoot,RShin_to_RFoot,True,31255.0,0.0,0.0,True,False,,
790_T2_P1_R1,790,pelvis_to_Ab,790_to_Ab,True,31628.0,0.0,0.0,True,False,,
790_T2_P1_R1,790,pelvis_to_LThigh,790_to_LThigh,True,31628.0,0.0,0.0,True,False,,
790_T2_P1_R1,790,pelvis_to_RThigh,790_to_RThigh,True,31628.0,0.0,0.0,True,False,,
790_T2_P1_R1,790,Ab_to_Chest,Ab_to_Chest,False,,,,,,,
790_T2_P1_R1,790,Chest_to_Neck,Chest_to_Neck,True,31628.0,0.0,0.0,True,False,,
790_T2_P1_R1,790,Neck_to_Head,Neck_to_Head,False,,,,,,,
790_T2_P1_R1,790,Chest_to_LShoulder,Chest_to_LShoulder,True,31628.0,0.0,0.0,True,False,,
790_T2_P1_R1,790,LShoulder_to_LUArm,LShoulder_to_LUArm,True,31628.0,0.0,0.0,True,False,,
790_T2_P1_R1,790,LUArm_to_LFArm,LUArm_to_LFArm,True,31628.0,0.0,0.0,True,False,,
790_T2_P1_R1,790,LFArm_to_LHand,LFArm_to_LHand,True,31628.0,0.0,0.0,True,False,,
790_T2_P1_R1,790,Chest_to_RShoulder,Chest_to_RShoulder,True,31628.0,0.0,0.0,True,False,,
790_T2_P1_R1,790,RShoulder_to_RUArm,RShoulder_to_RUArm,True,31628.0,0.0,0.0,True,False,,
790_T2_P1_R1,790,RUArm_to_RFArm,RUArm_to_RFArm,True,31628.0,0.0,0.0,True,False,,
790_T2_P1_R1,790,RFArm_to_RHand,RFArm_to_RHand,True,31628.0,0.0,0.0,True,False,,
790_T2_P1_R1,790,LThigh_to_LShin,LThigh_to_LShin,True,31628.0,0.0,0.0,True,False,,
790_T2_P1_R1,790,LShin_to_LFoot,LShin_to_LFoot,True,31628.0,0.0,0.0,True,False,,
790_T2_P1_R1,790,RThigh_to_RShin,RThigh_to_RShin,True,31628.0,0.0,0.0,True,False,,
790_T2_P1_R1,790,RShin_to_RFoot,RShin_to_RFoot,True,31628.0,0.0,0.0,True,False,,
790_T2_P1_R2,790,pelvis_to_Ab,790_to_Ab,True,30950.0,0.0,0.0,True,False,,
790_T2_P1_R2,790,pelvis_to_LThigh,790_to_LThigh,True,30950.0,0.0,0.0,True,False,,
790_T2_P1_R2,790,pelvis_to_RThigh,790_to_RThigh,True,30950.0,0.0,0.0,True,False,,
790_T2_P1_R2,790,Ab_to_Chest,Ab_to_Chest,False,,,,,,,
790_T2_P1_R2,790,Chest_to_Neck,Chest_to_Neck,True,30950.0,0.0,0.0,True,False,,
790_T2_P1_R2,790,Neck_to_Head,Neck_to_Head,False,,,,,,,
790_T2_P1_R2,790,Chest_to_LShoulder,Chest_to_LShoulder,True,30950.0,0.0,0.0,True,False,,
790_T2_P1_R2,790,LShoulder_to_LUArm,LShoulder_to_LUArm,True,30950.0,0.0,0.0,True,False,,
790_T2_P1_R2,790,LUArm_to_LFArm,LUArm_to_LFArm,True,30950.0,0.0,0.0,True,False,,
790_T2_P1_R2,790,LFArm_to_LHand,LFArm_to_LHand,True,30950.0,0.0,0.0,True,False,,
790_T2_P1_R2,790,Chest_to_RShoulder,Chest_to_RShoulder,True,30950.0,0.0,0.0,True,False,,
790_T2_P1_R2,790,RShoulder_to_RUArm,RShoulder_to_RUArm,True,30950.0,0.0,0.0,True,False,,
790_T2_P1_R2,790,RUArm_to_RFArm,RUArm_to_RFArm,True,30950.0,0.0,0.0,True,False,,
790_T2_P1_R2,790,RFArm_to_RHand,RFArm_to_RHand,True,30950.0,0.0,0.0,True,False,,
790_T2_P1_R2,790,LThigh_to_LShin,LThigh_to_LShin,True,30950.0,0.0,0.0,True,False,,
790_T2_P1_R2,790,LShin_to_LFoot,LShin_to_LFoot,True,30950.0,0.0,0.0,True,False,,
790_T2_P1_R2,790,RThigh_to_RShin,RThigh_to_RShin,True,30950.0,0.0,0.0,True,False,,
790_T2_P1_R2,790,RShin_to_RFoot,RShin_to_RFoot,True,30950.0,0.0,0.0,True,False,,
790_T3_P1_R1,790,pelvis_to_Ab,790_to_Ab,True,31311.0,0.0,0.0,True,False,,
790_T3_P1_R1,790,pelvis_to_LThigh,790_to_LThigh,True,31311.0,0.0,0.0,True,False,,
790_T3_P1_R1,790,pelvis_to_RThigh,790_to_RThigh,True,31311.0,0.0,0.0,True,False,,
790_T3_P1_R1,790,Ab_to_Chest,Ab_to_Chest,False,,,,,,,
790_T3_P1_R1,790,Chest_to_Neck,Chest_to_Neck,True,31311.0,0.0,0.0,True,False,,
790_T3_P1_R1,790,Neck_to_Head,Neck_to_Head,False,,,,,,,
790_T3_P1_R1,790,Chest_to_LShoulder,Chest_to_LShoulder,True,31311.0,0.0,0.0,True,False,,
790_T3_P1_R1,790,LShoulder_to_LUArm,LShoulder_to_LUArm,True,31311.0,0.0,0.0,True,False,,
790_T3_P1_R1,790,LUArm_to_LFArm,LUArm_to_LFArm,True,31311.0,0.0,0.0,True,False,,
790_T3_P1_R1,790,LFArm_to_LHand,LFArm_to_LHand,True,31311.0,0.0,0.0,True,False,,
790_T3_P1_R1,790,Chest_to_RShoulder,Chest_to_RShoulder,True,31311.0,0.0,0.0,True,False,,
790_T3_P1_R1,790,RShoulder_to_RUArm,RShoulder_to_RUArm,True,31311.0,0.0,0.0,True,False,,
790_T3_P1_R1,790,RUArm_to_RFArm,RUArm_to_RFArm,True,31311.0,0.0,0.0,True,False,,
790_T3_P1_R1,790,RFArm_to_RHand,RFArm_to_RHand,True,31311.0,0.0,0.0,True,False,,
790_T3_P1_R1,790,LThigh_to_LShin,LThigh_to_LShin,True,31311.0,0.0,0.0,True,False,,
790_T3_P1_R1,790,LShin_to_LFoot,LShin_to_LFoot,True,31311.0,0.0,0.0,True,False,,
790_T3_P1_R1,790,RThigh_to_RShin,RThigh_to_RShin,True,31311.0,0.0,0.0,True,False,,
790_T3_P1_R1,790,RShin_to_RFoot,RShin_to_RFoot,True,31311.0,0.0,0.0,True,False,,
790_T3_P1_R2,790,pelvis_to_Ab,790_to_Ab,True,31228.0,0.0,0.0,True,False,,
790_T3_P1_R2,790,pelvis_to_LThigh,790_to_LThigh,True,31228.0,0.0,0.0,True,False,,
790_T3_P1_R2,790,pelvis_to_RThigh,790_to_RThigh,True,31228.0,0.0,0.0,True,False,,
790_T3_P1_R2,790,Ab_to_Chest,Ab_to_Chest,False,,,,,,,
790_T3_P1_R2,790,Chest_to_Neck,Chest_to_Neck,True,31228.0,0.0,0.0,True,False,,
790_T3_P1_R2,790,Neck_to_Head,Neck_to_Head,False,,,,,,,
790_T3_P1_R2,790,Chest_to_LShoulder,Chest_to_LShoulder,True,31228.0,0.0,0.0,True,False,,
790_T3_P1_R2,790,LShoulder_to_LUArm,LShoulder_to_LUArm,True,31228.0,0.0,0.0,True,False,,
790_T3_P1_R2,790,LUArm_to_LFArm,LUArm_to_LFArm,True,31228.0,0.0,0.0,True,False,,
790_T3_P1_R2,790,LFArm_to_LHand,LFArm_to_LHand,True,31228.0,0.0,0.0,True,False,,
790_T3_P1_R2,790,Chest_to_RShoulder,Chest_to_RShoulder,True,31228.0,0.0,0.0,True,False,,
790_T3_P1_R2,790,RShoulder_to_RUArm,RShoulder_to_RUArm,True,31228.0,0.0,0.0,True,False,,
790_T3_P1_R2,790,RUArm_to_RFArm,RUArm_to_RFArm,True,31228.0,0.0,0.0,True,False,,
790_T3_P1_R2,790,RFArm_to_RHand,RFArm_to_RHand,True,31228.0,0.0,0.0,True,False,,
790_T3_P1_R2,790,LThigh_to_LShin,LThigh_to_LShin,True,31228.0,0.0,0.0,True,False,,
790_T3_P1_R2,790,LShin_to_LFoot,LShin_to_LFoot,True,31228.0,0.0,0.0,True,False,,
790_T3_P1_R2,790,RThigh_to_RShin,RThigh_to_RShin,True,31228.0,0.0,0.0,True,False,,
790_T3_P1_R2,790,RShin_to_RFoot,RShin_to_RFoot,True,31228.0,0.0,0.0,True,False,,
