recording_id,participant,n_frames,n_bones,skeleton_variant,n_cache_links_compared,n_exact_agreement,n_explained_by_source_alias,n_unexplained_disagreement,n_chain_checks,max_chain_error_deg,seconds
252_T1_P1_R1,252,31587,55,55bone_extended,16,16,0,0,2,2.63098879933141e-14,2.4
252_T1_P1_R2,252,31637,55,55bone_extended,16,16,0,0,2,2.493500728378538e-14,2.3
252_T2_P1_R1,252,31530,55,55bone_extended,16,16,0,0,2,2.7174280217277927e-14,2.4
252_T2_P1_R2,252,31455,55,55bone_extended,16,16,0,0,2,3.0336018395199287e-14,2.3
252_T3_P1_R1,252,31476,55,55bone_extended,16,16,0,0,2,2.728632340321005e-14,2.2
252_T3_P1_R2,252,31943,55,55bone_extended,16,16,0,0,2,2.6838312417955067e-14,2.3
651_T1_P1_R1,651,30423,51,51bone_basic,18,18,0,0,0,,2.0
651_T1_P1_R2,651,30113,51,51bone_basic,18,18,0,0,0,,2.1
651_T2_P1_R1,651,32110,55,55bone_extended,14,13,1,0,2,3.4985962709926075e-14,2.5
651_T2_P1_R2,651,31380,55,55bone_extended,14,13,1,0,2,3.061887184941968e-14,2.5
651_T3_P1_R1,651,30835,55,55bone_extended,14,13,1,0,2,3.7349857384609015e-14,2.5
651_T3_P1_R2,651,31172,55,55bone_extended,14,13,1,0,2,2.908541742141097e-14,2.5
671_T1_P1_R1,671,30604,51,51bone_basic,18,18,0,0,0,,2.1
671_T1_P1_R2,671,30235,51,51bone_basic,18,18,0,0,0,,2.1
671_T2_P1_R1,671,30356,51,51bone_basic,18,18,0,0,0,,2.1
671_T2_P1_R2,671,30479,51,51bone_basic,18,18,0,0,0,,2.2
671_T3_P1_R1,671,31674,55,55bone_extended,14,13,1,0,2,2.5079943973388837e-14,2.6
671_T3_P1_R2,671,31392,55,55bone_extended,14,13,1,0,2,2.4959700442579716e-14,2.5
790_T1_P1_R1,790,31258,55,55bone_extended,16,16,0,0,2,2.7125238624190965e-14,2.5
790_T1_P1_R2,790,31255,55,55bone_extended,16,16,0,0,2,2.93900320270642e-14,2.6
790_T2_P1_R1,790,31628,55,55bone_extended,16,16,0,0,2,2.4746800056876932e-14,3.0
790_T2_P1_R2,790,30950,55,55bone_extended,16,16,0,0,2,3.103625129132406e-14,2.7
790_T3_P1_R1,790,31311,55,55bone_extended,16,16,0,0,2,2.864953448463183e-14,3.6
790_T3_P1_R2,790,31228,55,55bone_extended,16,16,0,0,2,2.5592561948685785e-14,2.8
