source,selected,figure_group,sha256
figures/s7_conv/reliability_t1_t2_t3.png,figures/guided_analysis_thesis_selected/fig01_reliability_framework.png,1,c6577f700592011454475c36ae8548ff338d5c2b2abd82365d91d26fa56e784d
figures/s7_conv/change_vs_repetition_D12.png,figures/guided_analysis_thesis_selected/fig02a_change_vs_drep_D12.png,2,685c4fec1bf10964dd2d83be515f36d7411543750a89e8becc3528d5471b4c79
figures/s7_conv/change_vs_repetition_D13.png,figures/guided_analysis_thesis_selected/fig02b_change_vs_drep_D13.png,2,b73938d7480bcc75fba419a9e7211312cf1c50c1fb4e063fabccdf7a96d615c1
figures/stage0b_individual_profiles/profile_latent_ratios.png,figures/guided_analysis_thesis_selected/fig02c_participant_latent_ratios.png,2,d46cd57c014bdbcbfbfb2f6666b71377b45a5ad90dd0b141960b77dde93444b5
figures/stage0b_guided_closeout/exercise_ratio_D12.png,figures/guided_analysis_thesis_selected/fig03a_exercise_ratio_D12.png,3,fecca7fa0f054b37b21a431eb9bd9e59bca025f277bb65ab0f0b262d0bc0ae8b
figures/stage0b_guided_closeout/exercise_ratio_D13.png,figures/guided_analysis_thesis_selected/fig03b_exercise_ratio_D13.png,3,2d8cfee31aee20409ebbd8dce8e428f8443b8ec98d470b0ed3c8cf1c019a4e43
figures/stage0b_individual_profiles/feature_exceed_D12.png,figures/guided_analysis_thesis_selected/fig04a_feature_exceed_D12.png,4,5c3a4c3ad82a2565b6a2965edbe5af1a7f8c4870bcb4a1ae25985be909d1343f
figures/stage0b_individual_profiles/feature_exceed_D13.png,figures/guided_analysis_thesis_selected/fig04b_feature_exceed_D13.png,4,eb72f242821e3b440065b2a0396527e93eb02bbe4d3d0ea7a54b8e5674f06729
figures/stage0b_individual_profiles/latent_vs_energy.png,figures/guided_analysis_thesis_selected/fig04c_latent_vs_energy.png,4,4fa5b84ac5bf1be02d8eafdb86dbcbd79ba1ce0d13a06f8db420dd08bc38f721
figures/s8_direction/cosine_matrix_D12_std_fA_s0.png,figures/guided_analysis_thesis_selected/fig05a_direction_raw_D12.png,5,1badf46065539f3fb53267422724bccd13cf7b58ef6e7a01a04715c0fe3db110
figures/s8_direction/cosine_matrix_D13_raw_fA_s0.png,figures/guided_analysis_thesis_selected/fig05b_direction_raw_D13.png,5,6de575259650dda63b7a4778771764ff7ea50bdf7a9a64ac22babf6f75f4ca95
figures/stage0b_guided_closeout/temporal_mean_position_shift_D13.png,figures/guided_analysis_thesis_selected/figX_temporal_mean_shift_D13.png,X,f76360e515f770f830e74f6fc903350a4334b31c9d52230084ee7da1446e62ab
figures/stage0b_guided_closeout/region_occlusion_rel_D13.png,figures/guided_analysis_thesis_selected/figX_region_occlusion_D13.png,X,e24d64a8f3de4c240e93fdf43381f691431d7c1cccd03e6a388a7d2c7840b349
figures/stage0b_guided_closeout/profile_252.png,figures/guided_analysis_thesis_selected/fig04_profile_252.png,4,ce1b63a9ffeeaff3bbeb435f1ac7628b8f469daf561f20155a26ebffb305dd61
figures/stage0b_guided_closeout/profile_651.png,figures/guided_analysis_thesis_selected/fig04_profile_651.png,4,12efa69ebbfcaac855b065bd4e6f121e79494acede0f8e119d3471644dee5adb
figures/stage0b_guided_closeout/profile_671.png,figures/guided_analysis_thesis_selected/fig04_profile_671.png,4,ca098ac0aa68e0958a8f8a77937588ae9097b3fd8bb74d9b0afeea0a375a8820
figures/stage0b_guided_closeout/profile_790.png,figures/guided_analysis_thesis_selected/fig04_profile_790.png,4,5d9551d8a93b2c1550cd5bb886adc72fa7d1141aad09770853b0acfc52c29533
figures/s8_direction/stability_mean_pairwise.png,figures/guided_analysis_thesis_selected/fig05c_direction_stability_mean_pairwise.png,5,c9672e7dbeb7569beba9313da0ea6b5574b3661ee9bf08d80a7fd71d6726bd31
figures/s8_direction/jackknife_D12_raw.png,figures/guided_analysis_thesis_selected/fig05d_jackknife_D12.png,5,0c8018c262fd72c4e4b493d76f4f013fceb733a3b49b0306f7f8d21f94a79299
figures/s8_direction/jackknife_D13_raw.png,figures/guided_analysis_thesis_selected/fig05e_jackknife_D13.png,5,e962df8910bc68fb371e74085f135f242678e7badcacb9fdbb9767f36d0613ca
figures/s8_direction/change_vs_repetition_classes.png,figures/guided_analysis_thesis_selected/fig02d_change_classes.png,2,40a79c62db87bdf937724607fa2449ae0eb3199f39c8a68bcd25d8dc42cb7437
figures/s8_direction/reliability_status_heatmap.png,figures/guided_analysis_thesis_selected/fig01b_reliability_status_heatmap.png,1,5625ab4ce1ab9b18dbc74db47b41e8a498e7738414240c09e16c0b0fa4e151b4
figures/stage0b_individual_profiles/exercise_frac_D12.png,figures/guided_analysis_thesis_selected/fig03c_exercise_frac_D12.png,3,bf957dac08f7eeeb14317b7e43447a061be7855799650eb1854123acdafda184
figures/stage0b_individual_profiles/exercise_frac_D13.png,figures/guided_analysis_thesis_selected/fig03d_exercise_frac_D13.png,3,3e660bd8740d7f016f62f8e95b261739bdd49bb2ec9c08f3ceae73692a87e39a
