fold,seed,participant,delta,exercise_id,reliable,norm_delta,drep_later,drep_baseline,drep_max,ratio_vs_drep_max,exceeds_drep_max,n_windows_T_a,n_windows_T_b
A,0,252,D12,9,True,1.1977966287946729,3.6226185782116866,2.0115158604094527,3.6226185782116866,0.33064387070690937,False,4,4
A,0,252,D12,10,True,2.4062849566219344,2.1348301492974446,2.038684410310727,2.1348301492974446,1.1271552246973013,True,5,5
A,0,252,D12,11,True,2.0510284554349476,4.064449461413002,1.7253883032976531,4.064449461413002,0.5046263891104971,False,5,4
A,0,252,D12,12,True,3.934970198906149,2.777429814481188,3.3646106853231905,3.3646106853231905,1.169517238969409,True,3,4
A,0,252,D12,13,True,0.6219498220412378,2.23175933021408,1.9276114714295052,2.23175933021408,0.2786814033310562,False,8,8
A,0,252,D13,9,True,1.9069077124290046,0.6983842427032307,2.0115158604094527,2.0115158604094527,0.9479953650680365,False,4,4
A,0,252,D13,10,True,2.730531261708219,1.3326798232608081,2.038684410310727,2.038684410310727,1.3393594652995084,True,5,5
A,0,252,D13,11,True,2.0050434509262325,1.7496943607873268,1.7253883032976531,1.7496943607873268,1.1459392542272375,True,5,5
A,0,252,D13,12,True,3.1756062739832087,1.0731518373751345,3.3646106853231905,3.3646106853231905,0.9438257709385397,False,3,4
A,0,252,D13,13,True,2.3448541743804454,1.2252316377699204,1.9276114714295052,1.9276114714295052,1.2164558102787775,True,8,6
A,0,252,D23,9,True,1.5091476481078063,0.6983842427032307,3.6226185782116866,3.6226185782116866,0.4165902690348373,False,4,4
A,0,252,D23,10,True,2.9516205015094,1.3326798232608081,2.1348301492974446,2.1348301492974446,1.3826020315858638,True,5,5
A,0,252,D23,11,True,2.6999877509263013,1.7496943607873268,4.064449461413002,4.064449461413002,0.6642935966013103,False,4,5
A,0,252,D23,12,True,3.366170980058205,1.0731518373751345,2.777429814481188,2.777429814481188,1.211973372831022,True,4,4
A,0,252,D23,13,True,1.9189283719780363,1.2252316377699204,2.23175933021408,2.23175933021408,0.8598276462874537,False,8,6
A,0,651,D12,9,True,1.0125821034429696,0.45015409397327644,0.8467358459951679,0.8467358459951679,1.1958654026898823,True,4,5
A,0,651,D12,10,True,3.2928134141982572,0.42404093702941636,1.8552670948877268,1.8552670948877268,1.7748460171970684,True,5,5
A,0,651,D12,11,True,2.8262250616187496,1.8444950383007666,3.2549180212881828,3.2549180212881828,0.8682937767201364,False,5,5
A,0,651,D12,12,True,2.38596075288696,0.9600787907909866,1.9347967657295433,1.9347967657295433,1.233184174766438,True,3,4
A,0,651,D12,13,True,4.1554119941256715,2.722909845143153,1.1776160314613617,2.722909845143153,1.5260923902925647,True,7,7
A,0,651,D13,9,True,1.8055772621950015,0.6885706408059117,0.8467358459951679,0.8467358459951679,2.1323973358809534,True,4,4
A,0,651,D13,10,True,1.4668678193121292,0.6568170151433325,1.8552670948877268,1.8552670948877268,0.7906504801136992,False,5,5
A,0,651,D13,11,True,1.831000195609885,1.2389002795073534,3.2549180212881828,3.2549180212881828,0.5625334289940854,False,5,5
A,0,651,D13,12,True,2.3266763778618356,2.2897572831818467,1.9347967657295433,2.2897572831818467,1.0161235843428287,True,3,4
A,0,651,D13,13,True,2.2419564962710723,1.9359839571497492,1.1776160314613617,1.9359839571497492,1.1580449765564127,True,7,6
A,0,651,D23,9,True,1.9907726738563503,0.6885706408059117,0.45015409397327644,0.6885706408059117,2.8911669418933186,True,5,4
A,0,651,D23,10,True,3.7835485660759294,0.6568170151433325,0.42404093702941636,0.6568170151433325,5.760430194169487,True,5,5
A,0,651,D23,11,True,1.280235723765427,1.2389002795073534,1.8444950383007666,1.8444950383007666,0.6940846666331175,False,5,5
A,0,651,D23,12,True,4.021840511908875,2.2897572831818467,0.9600787907909866,2.2897572831818467,1.7564483980241459,True,4,4
A,0,651,D23,13,True,5.147302825479432,1.9359839571497492,2.722909845143153,2.722909845143153,1.890368436054048,True,7,6
A,0,671,D12,9,True,2.492421622189081,2.139322440720397,1.068932317751836,2.139322440720397,1.1650518756535742,True,4,4
A,0,671,D12,10,True,3.046518863587265,4.817581782729141,2.8975754477207794,4.817581782729141,0.6323751211674137,False,5,5
A,0,671,D12,11,True,4.886048944959864,0.9356986522252003,1.0771595049232332,1.0771595049232332,4.536049603264729,True,5,5
A,0,671,D12,12,True,2.2454186865334016,1.5203296711095695,1.7357650928503872,1.7357650928503872,1.2936189901400117,True,4,5
A,0,671,D12,13,True,4.075578126357822,1.09962859553713,1.4386815653319853,1.4386815653319853,2.832856293266923,True,6,8
A,0,671,D13,9,False,4.9191559583115225,3.231279570312995,1.068932317751836,3.231279570312995,1.5223554171869547,True,4,5
A,0,671,D13,10,False,5.050649904005537,2.3376125351471195,2.8975754477207794,2.8975754477207794,1.7430607054523315,True,5,5
A,0,671,D13,11,False,4.50790647490304,3.8782901106196355,1.0771595049232332,3.8782901106196355,1.1623438026359534,True,5,5
A,0,671,D13,12,False,4.127316572524285,2.444766977071707,1.7357650928503872,2.444766977071707,1.6882249356410657,True,4,4
A,0,671,D13,13,False,5.167819241958877,2.365426909954326,1.4386815653319853,2.365426909954326,2.1847300460696384,True,6,9
A,0,671,D23,9,False,4.022496602789815,3.231279570312995,2.139322440720397,3.231279570312995,1.244861831129078,True,4,5
A,0,671,D23,10,False,2.1514089691392786,2.3376125351471195,4.817581782729141,4.817581782729141,0.4465744570962974,False,5,5
A,0,671,D23,11,False,2.5592541528071293,3.8782901106196355,0.9356986522252003,3.8782901106196355,0.65989239582653,False,5,5
A,0,671,D23,12,False,2.9322797532529745,2.444766977071707,1.5203296711095695,2.444766977071707,1.1994107335191513,True,5,4
A,0,671,D23,13,False,2.4552897125889537,2.365426909954326,1.09962859553713,2.365426909954326,1.037990099062652,True,8,9
A,0,790,D12,9,True,2.1234112484566747,2.063163391626882,2.8669040578392884,2.8669040578392884,0.7406635191193092,False,4,4
A,0,790,D12,10,True,0.9532236394095485,1.3366023913203318,2.6345258561903795,2.6345258561903795,0.36181980798167024,False,5,5
A,0,790,D12,11,True,2.8385479375045253,0.6894428317164767,2.716879541007521,2.716879541007521,1.0447824037321451,True,5,5
A,0,790,D12,12,True,1.5770774947882775,0.530203626227508,3.361033228408567,3.361033228408567,0.4692240116694758,False,5,4
A,0,790,D12,13,True,1.81639390768303,1.3612182798893575,2.8617358593546025,2.8617358593546025,0.6347175270371302,False,7,8
A,0,790,D13,9,True,1.1626863839410624,4.748219669969162,2.8669040578392884,4.748219669969162,0.24486785885131843,False,4,4
A,0,790,D13,10,True,1.0122309864742787,2.142213476663671,2.6345258561903795,2.6345258561903795,0.38421751834237133,False,5,5
A,0,790,D13,11,True,7.853126847965305,2.8289652012894906,2.716879541007521,2.8289652012894906,2.7759715264032643,True,5,5
A,0,790,D13,12,True,3.0310179744125354,2.91443806284679,3.361033228408567,3.361033228408567,0.9018113682403871,False,5,5
A,0,790,D13,13,True,2.954188614305028,0.7016420210187055,2.8617358593546025,2.8617358593546025,1.032306529845587,True,7,6
A,0,790,D23,9,True,2.902872267458929,4.748219669969162,2.063163391626882,4.748219669969162,0.6113601453232222,False,4,4
A,0,790,D23,10,True,0.8031237406036092,2.142213476663671,1.3366023913203318,2.142213476663671,0.37490369160332765,False,5,5
A,0,790,D23,11,True,5.27551615026567,2.8289652012894906,0.6894428317164767,2.8289652012894906,1.8648218606086069,True,5,5
A,0,790,D23,12,True,3.808932059614799,2.91443806284679,0.530203626227508,2.91443806284679,1.3069181699796624,True,4,5
A,0,790,D23,13,True,2.0422594928583884,0.7016420210187055,1.3612182798893575,1.3612182798893575,1.5003174164134698,True,8,6
A,1,252,D12,9,True,0.7572424312293952,1.4228816083379066,0.6668761568272764,1.4228816083379066,0.53218934505306,False,4,4
A,1,252,D12,10,True,1.859137308422056,1.2036239934884148,1.01241205175762,1.2036239934884148,1.5446163573341485,True,5,5
A,1,252,D12,11,True,1.5683356832658213,1.7518460349982807,1.3166455016771101,1.7518460349982807,0.8952474429451561,False,5,4
A,1,252,D12,12,True,1.8693903667592426,1.3252584849453304,1.5769703305521103,1.5769703305521103,1.185431539542506,True,3,4
A,1,252,D12,13,True,0.6974340753398741,1.2894405526866977,1.1364980937251254,1.2894405526866977,0.5408811394109562,False,8,8
A,1,252,D13,9,True,2.0790793665000376,1.1074467561797972,0.6668761568272764,1.1074467561797972,1.8773628211905593,True,4,4
A,1,252,D13,10,True,2.163295027635952,1.0778824923256372,1.01241205175762,1.0778824923256372,2.006985959080225,True,5,5
A,1,252,D13,11,True,1.1422938526269872,2.6307783726250618,1.3166455016771101,2.6307783726250618,0.4342037567714895,False,5,5
A,1,252,D13,12,True,2.194252214620544,0.7119306530840617,1.5769703305521103,1.5769703305521103,1.3914353187940565,True,3,4
A,1,252,D13,13,True,0.8620598099629204,1.1951359424384844,1.1364980937251254,1.1951359424384844,0.7213069068979925,False,8,6
A,1,252,D23,9,True,2.245953047793483,1.1074467561797972,1.4228816083379066,1.4228816083379066,1.5784539167787972,True,4,4
A,1,252,D23,10,True,2.8306651032220445,1.0778824923256372,1.2036239934884148,1.2036239934884148,2.3517852074534025,True,5,5
A,1,252,D23,11,True,2.199534352177968,2.6307783726250618,1.7518460349982807,2.6307783726250618,0.8360774039598072,False,4,5
A,1,252,D23,12,True,1.8914968587377559,0.7119306530840617,1.3252584849453304,1.3252584849453304,1.4272663636752976,True,4,4
A,1,252,D23,13,True,0.7056091635179778,1.1951359424384844,1.2894405526866977,1.2894405526866977,0.5472211666119543,False,8,6
A,1,651,D12,9,False,1.4091393636864957,0.7235415516325554,0.9483876135143996,0.9483876135143996,1.485826410643121,True,4,5
A,1,651,D12,10,False,3.764699274647631,0.33396918627536987,1.1808125181332725,1.1808125181332725,3.1882277811546103,True,5,5
A,1,651,D12,11,False,2.303740016823605,0.8440015057398048,1.1566487312185247,1.1566487312185247,1.9917369505922722,True,5,5
A,1,651,D12,12,False,1.808654291927662,1.2954933448386339,0.8332709530550366,1.2954933448386339,1.396112376133393,True,3,4
A,1,651,D12,13,False,3.075938180657094,0.6765013447290024,0.6737278205734566,0.6765013447290024,4.546832322837843,True,7,7
A,1,651,D13,9,False,1.3390747555509839,0.8551367222762688,0.9483876135143996,0.9483876135143996,1.4119488028621878,True,4,4
A,1,651,D13,10,False,1.2645675886188643,0.47578426327651113,1.1808125181332725,1.1808125181332725,1.0709300326676743,True,5,5
A,1,651,D13,11,False,0.9734151897614103,0.7962274739101763,1.1566487312185247,1.1566487312185247,0.841582378027529,False,5,5
A,1,651,D13,12,False,1.053022812432974,0.808441995451484,0.8332709530550366,0.8332709530550366,1.2637219725135709,True,3,4
A,1,651,D13,13,False,1.5117891403196984,0.8436287494102322,0.6737278205734566,0.8436287494102322,1.7920076116141925,True,7,6
A,1,651,D23,9,True,1.898115814020508,0.8551367222762688,0.7235415516325554,0.8551367222762688,2.219663551540574,True,5,4
A,1,651,D23,10,True,2.747781506389645,0.47578426327651113,0.33396918627536987,0.47578426327651113,5.775267738926286,True,5,5
A,1,651,D23,11,True,1.7395966817787312,0.7962274739101763,0.8440015057398048,0.8440015057398048,2.06112983205391,True,5,5
A,1,651,D23,12,True,2.3515640971625564,0.808441995451484,1.2954933448386339,1.2954933448386339,1.8151880953548754,True,4,4
A,1,651,D23,13,True,2.4639740434574744,0.8436287494102322,0.6765013447290024,0.8436287494102322,2.920685248315684,True,7,6
A,1,671,D12,9,True,1.878786239770876,1.6849658486416694,0.6619815212136161,1.6849658486416694,1.115029269753719,True,4,4
A,1,671,D12,10,True,2.1011607293996715,1.3832801002711026,1.134423186768265,1.3832801002711026,1.5189698232396134,True,5,5
A,1,671,D12,11,True,2.4222795807937083,0.6473741965131752,1.0120180157460157,1.0120180157460157,2.393514288387553,True,5,5
A,1,671,D12,12,True,2.514904102129975,0.9895454824414779,1.1772517493630568,1.1772517493630568,2.1362500446405326,True,4,5
A,1,671,D12,13,True,2.4305083724570684,1.0642832720481175,1.8621609534871708,1.8621609534871708,1.3052085363005723,True,6,8
A,1,671,D13,9,False,4.927477878530715,1.8445752901753816,0.6619815212136161,1.8445752901753816,2.6713346453113402,True,4,5
A,1,671,D13,10,False,1.7846259660840929,1.305655044950202,1.134423186768265,1.305655044950202,1.3668433886778715,True,5,5
A,1,671,D13,11,False,2.5167437095088148,1.3943014170350683,1.0120180157460157,1.3943014170350683,1.8050212663920113,True,5,5
A,1,671,D13,12,False,3.0935433368970093,1.3788996258803976,1.1772517493630568,1.3788996258803976,2.2434869651384877,True,4,4
A,1,671,D13,13,False,2.4742368950894145,2.0590598300048706,1.8621609534871708,2.0590598300048706,1.2016342891228964,True,6,9
A,1,671,D23,9,False,5.207799635626494,1.8445752901753816,1.6849658486416694,1.8445752901753816,2.82330553996055,True,4,5
A,1,671,D23,10,False,1.1924469431085163,1.305655044950202,1.3832801002711026,1.3832801002711026,0.8620430112996017,False,5,5
A,1,671,D23,11,False,1.5893192837868748,1.3943014170350683,0.6473741965131752,1.3943014170350683,1.13986779642418,True,5,5
A,1,671,D23,12,False,1.758561097661118,1.3788996258803976,0.9895454824414779,1.3788996258803976,1.275336554347322,True,5,4
A,1,671,D23,13,False,2.2908272663017586,2.0590598300048706,1.0642832720481175,2.0590598300048706,1.112559835765598,True,8,9
A,1,790,D12,9,True,1.5504492887793433,1.1163130224464077,1.9130613088868014,1.9130613088868014,0.8104545743395648,False,4,4
A,1,790,D12,10,True,1.5939216747775817,1.1428614026776842,1.2959909572757504,1.2959909572757504,1.2298864168991575,True,5,5
A,1,790,D12,11,True,2.156894913668145,1.3603536974837087,1.05447406898466,1.3603536974837087,1.585539788407842,True,5,5
A,1,790,D12,12,True,1.3024206621876717,0.3275426158611496,1.092575149001807,1.092575149001807,1.1920650614995068,True,5,4
A,1,790,D12,13,True,1.5015129166280667,0.5643255834807933,0.9263501688045825,0.9263501688045825,1.6208912862462241,True,7,8
A,1,790,D13,9,True,0.7455926254162409,2.729569876027573,1.9130613088868014,2.729569876027573,0.273153888443891,False,4,4
A,1,790,D13,10,True,0.9974276554628964,1.0607039771630433,1.2959909572757504,1.2959909572757504,0.7696254745168501,False,5,5
A,1,790,D13,11,True,3.801437219201918,1.4220163869266167,1.05447406898466,1.4220163869266167,2.6732724419708753,True,5,5
A,1,790,D13,12,True,2.107017445132931,1.3239865088802116,1.092575149001807,1.3239865088802116,1.591419120210661,True,5,5
A,1,790,D13,13,True,1.4142182801012664,0.7344389574189927,0.9263501688045825,0.9263501688045825,1.5266562556211956,True,7,6
A,1,790,D23,9,True,2.021338947332527,2.729569876027573,1.1163130224464077,2.729569876027573,0.7405338713197714,False,4,4
A,1,790,D23,10,True,1.0538112104606863,1.0607039771630433,1.1428614026776842,1.1428614026776842,0.9220813722395765,False,5,5
A,1,790,D23,11,True,2.1245442046779837,1.4220163869266167,1.3603536974837087,1.4220163869266167,1.4940363727240373,True,5,5
A,1,790,D23,12,True,1.8491292930641183,1.3239865088802116,0.3275426158611496,1.3239865088802116,1.3966375644024174,True,4,5
A,1,790,D23,13,True,1.1321753023261603,0.7344389574189927,0.5643255834807933,0.7344389574189927,1.5415512628917662,True,8,6
A,2,252,D12,9,True,0.7689218045540619,1.218529803716672,0.5311306175143485,1.218529803716672,0.631024208196428,False,4,4
A,2,252,D12,10,True,2.2002604447755267,1.2714223545609256,1.3655328286392234,1.3655328286392234,1.6112834482112917,True,5,5
A,2,252,D12,11,True,2.0465502610290214,2.5481176091460442,1.8855954209911157,2.5481176091460442,0.8031616176911418,False,5,4
A,2,252,D12,12,True,2.738174728818769,2.1982084180480665,2.229959355821517,2.229959355821517,1.2279034241904492,True,3,4
A,2,252,D12,13,True,0.5647532368141494,1.445201131703449,0.9848099959075663,1.445201131703449,0.39077829682327914,False,8,8
A,2,252,D13,9,True,2.073492004195989,0.9764584379679396,0.5311306175143485,0.9764584379679396,2.1234820895306434,True,4,4
A,2,252,D13,10,True,2.5452787453778303,1.0832029870339877,1.3655328286392234,1.3655328286392234,1.8639454812040246,True,5,5
A,2,252,D13,11,True,1.2904976350226636,1.5758019180267133,1.8855954209911157,1.8855954209911157,0.6843979470125919,False,5,5
A,2,252,D13,12,True,2.0722614386888183,0.9255622580278857,2.229959355821517,2.229959355821517,0.9292821563222604,False,3,4
A,2,252,D13,13,True,1.3046903263482017,1.3002788924286888,0.9848099959075663,1.3002788924286888,1.0033926828661144,True,8,6
A,2,252,D23,9,True,1.5042952874769433,0.9764584379679396,1.218529803716672,1.218529803716672,1.2345166141104222,True,4,4
A,2,252,D23,10,True,1.8901547141766362,1.0832029870339877,1.2714223545609256,1.2714223545609256,1.4866458084492185,True,5,5
A,2,252,D23,11,True,2.730121105657234,1.5758019180267133,2.5481176091460442,2.5481176091460442,1.071426646814856,True,4,5
A,2,252,D23,12,True,2.3170568393983886,0.9255622580278857,2.1982084180480665,2.1982084180480665,1.0540660386770129,True,4,4
A,2,252,D23,13,True,1.3123743397079997,1.3002788924286888,1.445201131703449,1.445201131703449,0.9080911375713585,False,8,6
A,2,651,D12,9,True,1.0197892978928926,0.5323359512943504,0.7839707993445721,0.7839707993445721,1.3008001047302695,True,4,5
A,2,651,D12,10,True,2.5810113221721562,0.30286422003306057,1.2287103616384263,1.2287103616384263,2.1005856243700114,True,5,5
A,2,651,D12,11,True,1.631786603907815,0.9665232695615731,2.463135769487717,2.463135769487717,0.6624834181378455,False,5,5
A,2,651,D12,12,True,1.6671918519493854,0.7298026018067088,1.3604834354090738,1.3604834354090738,1.225440757717193,True,3,4
A,2,651,D12,13,True,2.535328171648555,0.6551525215397768,0.8819382166337629,0.8819382166337629,2.874723108525169,True,7,7
A,2,651,D13,9,True,1.377844827458777,0.6302943198191444,0.7839707993445721,0.7839707993445721,1.7575205972093666,True,4,4
A,2,651,D13,10,True,1.2115602317387606,0.3770518825611334,1.2287103616384263,1.2287103616384263,0.9860421703640582,False,5,5
A,2,651,D13,11,True,1.4388624973679065,0.4101635358239444,2.463135769487717,2.463135769487717,0.5841588251820813,False,5,5
A,2,651,D13,12,True,0.8919319327904177,0.8425357197012738,1.3604834354090738,1.3604834354090738,0.6555992594810456,False,3,4
A,2,651,D13,13,True,1.966157381148973,0.9487178780514322,0.8819382166337629,0.9487178780514322,2.0724363128765484,True,7,6
A,2,651,D23,9,True,1.26770786744091,0.6302943198191444,0.5323359512943504,0.6302943198191444,2.0112950848179367,True,5,4
A,2,651,D23,10,True,1.4241558385378321,0.3770518825611334,0.30286422003306057,0.3770518825611334,3.7770818935161428,True,5,5
A,2,651,D23,11,True,0.4653839493537284,0.4101635358239444,0.9665232695615731,0.9665232695615731,0.48150309879743747,False,5,5
A,2,651,D23,12,True,2.401934318356956,0.8425357197012738,0.7298026018067088,0.8425357197012738,2.8508397474335885,True,4,4
A,2,651,D23,13,True,2.695217191646614,0.9487178780514322,0.6551525215397768,0.9487178780514322,2.840904819019865,True,7,6
A,2,671,D12,9,True,1.9825568374183378,1.185328647747068,0.8412483223362616,1.185328647747068,1.672579871571101,True,4,4
A,2,671,D12,10,True,1.3609239523874004,1.8613356747695131,1.6296320425642663,1.8613356747695131,0.7311544988014705,False,5,5
A,2,671,D12,11,True,1.2612540188620938,0.8668159205161292,0.8541391860795688,0.8668159205161292,1.455042517113788,True,5,5
A,2,671,D12,12,True,1.0296643512080081,1.044215889436888,0.5831085358443511,1.044215889436888,0.986064626696375,False,4,5
A,2,671,D12,13,True,1.0409303778548404,0.5242990526838273,1.4803018746999475,1.4803018746999475,0.7031879075785361,False,6,8
A,2,671,D13,9,True,3.3158677052091274,1.766522795457938,0.8412483223362616,1.766522795457938,1.877059109418144,True,4,5
A,2,671,D13,10,True,1.6211014141611249,1.4861585817204233,1.6296320425642663,1.6296320425642663,0.9947653039579915,False,5,5
A,2,671,D13,11,True,1.6279629587846727,2.2692300948573827,0.8541391860795688,2.2692300948573827,0.7174076187663937,False,5,5
A,2,671,D13,12,True,2.1236426334759475,2.081367283850926,0.5831085358443511,2.081367283850926,1.020311335703713,True,4,4
A,2,671,D13,13,True,2.560993531570269,1.971355478132612,1.4803018746999475,1.971355478132612,1.2991028558665625,True,6,9
A,2,671,D23,9,True,4.285116700569522,1.766522795457938,1.185328647747068,1.766522795457938,2.425735298512627,True,4,5
A,2,671,D23,10,True,1.345591074314104,1.4861585817204233,1.8613356747695131,1.8613356747695131,0.7229169314023527,False,5,5
A,2,671,D23,11,True,1.653278672612772,2.2692300948573827,0.8668159205161292,2.2692300948573827,0.7285636993619538,False,5,5
A,2,671,D23,12,True,1.8744524695520044,2.081367283850926,1.044215889436888,2.081367283850926,0.9005870727841508,False,5,4
A,2,671,D23,13,True,2.0144843051246615,1.971355478132612,0.5242990526838273,1.971355478132612,1.0218777523741704,True,8,9
A,2,790,D12,9,True,1.773205332173059,1.5072838396977883,2.011598382066027,2.011598382066027,0.8814907329324233,False,4,4
A,2,790,D12,10,True,0.6119666731146123,1.234279838904223,0.763761986317278,1.234279838904223,0.4958086925068046,False,5,5
A,2,790,D12,11,True,2.624023753459621,1.3744415874097575,1.9725380463270077,1.9725380463270077,1.3302778916461062,True,5,5
A,2,790,D12,12,True,1.7307012895017333,0.6406462048308208,1.1340978845149845,1.1340978845149845,1.526059887010455,True,5,4
A,2,790,D12,13,True,1.8252561917577843,0.2237504735363917,1.3129766325067274,1.3129766325067274,1.3901665471936204,True,7,8
A,2,790,D13,9,True,0.695036303702733,2.2005333144852464,2.011598382066027,2.2005333144852464,0.31584902583731955,False,4,4
A,2,790,D13,10,True,0.774410272936807,0.8027854853383825,0.763761986317278,0.8027854853383825,0.9646540540159181,False,5,5
A,2,790,D13,11,True,4.400418853709866,1.3846406561620987,1.9725380463270077,1.9725380463270077,2.2308410536890415,True,5,5
A,2,790,D13,12,True,2.2931199483748386,1.9134135673531971,1.1340978845149845,1.9134135673531971,1.1984444907782716,True,5,5
A,2,790,D13,13,True,2.5681949602963217,0.8023141618757325,1.3129766325067274,1.3129766325067274,1.9560096476303153,True,7,6
A,2,790,D23,9,True,2.0978824651308305,2.2005333144852464,1.5072838396977883,2.2005333144852464,0.953351831268036,False,4,4
A,2,790,D23,10,True,1.0584687922575493,0.8027854853383825,1.234279838904223,1.234279838904223,0.8575598165787457,False,5,5
A,2,790,D23,11,True,2.1548514132356793,1.3846406561620987,1.3744415874097575,1.3846406561620987,1.5562531720023485,True,5,5
A,2,790,D23,12,True,3.175962600566283,1.9134135673531971,0.6406462048308208,1.9134135673531971,1.6598411628070326,True,4,5
A,2,790,D23,13,True,1.845532783771688,0.8023141618757325,0.2237504735363917,0.8023141618757325,2.3002620064153074,True,8,6
B,0,252,D12,9,True,5.9271202069882865,6.065102994057274,1.8376540241553139,6.065102994057274,0.9772497207047949,False,4,4
B,0,252,D12,10,True,4.124320426460155,3.431352279029368,1.8404296216096536,3.431352279029368,1.2019519102325478,True,5,6
B,0,252,D12,11,True,2.168863101905805,4.422416163557001,1.36019193075741,4.422416163557001,0.49042492196423304,False,5,5
B,0,252,D12,12,True,1.8823083072106996,2.600172088221604,2.99024624717995,2.99024624717995,0.629482708651795,False,4,4
B,0,252,D12,13,True,0.4879809221711947,2.117140055344517,2.20807429246982,2.20807429246982,0.22099841650951357,False,5,6
B,0,252,D13,9,True,3.173797091005874,0.9020200302995413,1.8376540241553139,1.8376540241553139,1.727091742671597,True,4,5
B,0,252,D13,10,True,4.639667468617822,2.0569576173893402,1.8404296216096536,2.0569576173893402,2.255597018331578,True,5,5
B,0,252,D13,11,True,3.987267197643366,1.7098709129481855,1.36019193075741,1.7098709129481855,2.3319112381229172,True,5,5
B,0,252,D13,12,True,4.195533131848273,1.2417507952292859,2.99024624717995,2.99024624717995,1.403072785662722,True,4,4
B,0,252,D13,13,True,3.505109763972373,1.2501433218268698,2.20807429246982,2.20807429246982,1.587405720869911,True,5,6
B,0,252,D23,9,True,7.113881124765142,0.9020200302995413,6.065102994057274,6.065102994057274,1.1729200858972197,True,4,5
B,0,252,D23,10,True,5.386860587996049,2.0569576173893402,3.431352279029368,3.431352279029368,1.5698943594097656,True,6,5
B,0,252,D23,11,True,5.848336635860139,1.7098709129481855,4.422416163557001,4.422416163557001,1.3224301873834177,True,5,5
B,0,252,D23,12,True,4.892180051711135,1.2417507952292859,2.600172088221604,2.600172088221604,1.8814831810063606,True,4,4
B,0,252,D23,13,True,3.4086295703477374,1.2501433218268698,2.117140055344517,2.117140055344517,1.6100160977744382,True,6,6
B,0,651,D12,9,True,1.7295221563297285,0.5684570527664367,0.9888545157695043,0.9888545157695043,1.7490157841710954,True,4,4
B,0,651,D12,10,True,2.0857547039294686,0.33531511792153756,2.4126443266138065,2.4126443266138065,0.8645098164373305,False,5,5
B,0,651,D12,11,True,5.32650026241292,2.089927312407208,4.469530937400575,4.469530937400575,1.191735852601738,True,5,5
B,0,651,D12,12,True,3.3967705623368967,1.49041401716391,2.8155977055570567,2.8155977055570567,1.206411894580251,True,4,4
B,0,651,D12,13,True,2.2073354638730422,3.072483449330259,1.2678867137621854,3.072483449330259,0.7184206197609293,False,6,7
B,0,651,D13,9,True,1.2196261962971746,0.903319070342298,0.9888545157695043,0.9888545157695043,1.2333727326391273,True,4,4
B,0,651,D13,10,True,3.694342017966384,0.6849913116918765,2.4126443266138065,2.4126443266138065,1.5312418731655593,True,5,5
B,0,651,D13,11,True,1.3251715195911022,1.7037225024953562,4.469530937400575,4.469530937400575,0.29649006532256067,False,5,5
B,0,651,D13,12,True,1.3263170324057496,2.0353966958463663,2.8155977055570567,2.8155977055570567,0.471060560174502,False,4,4
B,0,651,D13,13,True,1.7965891717289226,1.822007665045835,1.2678867137621854,1.822007665045835,0.9860491842023766,False,6,6
B,0,651,D23,9,True,2.8325255452600873,0.903319070342298,0.5684570527664367,0.903319070342298,3.135686645236824,True,4,4
B,0,651,D23,10,True,5.063887323969829,0.6849913116918765,0.33531511792153756,0.6849913116918765,7.392630004988548,True,5,5
B,0,651,D23,11,True,4.296034381299445,1.7037225024953562,2.089927312407208,2.089927312407208,2.0555903335945267,True,5,5
B,0,651,D23,12,True,2.4109140327010614,2.0353966958463663,1.49041401716391,2.0353966958463663,1.184493439348218,True,4,4
B,0,651,D23,13,True,2.626420478013485,1.822007665045835,3.072483449330259,3.072483449330259,0.8548200572361077,False,7,6
B,0,671,D12,9,False,3.901184693616977,2.490990403298761,1.4738343622021004,2.490990403298761,1.5661179137626255,True,4,4
B,0,671,D12,10,False,2.017662022520112,5.651750375740169,2.8426591673447614,5.651750375740169,0.35699772431224436,False,5,5
B,0,671,D12,11,False,6.172023171908366,1.1650224429967737,1.46490430570816,1.46490430570816,4.213260311856823,True,6,5
B,0,671,D12,12,False,4.796470362902049,1.6213727425540876,3.016600654705374,3.016600654705374,1.5900249691388175,True,5,4
B,0,671,D12,13,False,6.046277234094706,2.181531141613495,2.38416666977622,2.38416666977622,2.5360128177038126,True,6,6
B,0,671,D13,9,False,5.807123326479673,4.370820726127254,1.4738343622021004,4.370820726127254,1.328611647640156,True,4,5
B,0,671,D13,10,False,5.509041408520462,2.0400770238596597,2.8426591673447614,2.8426591673447614,1.937988722603802,True,5,5
B,0,671,D13,11,False,9.195323329485738,3.8090858815577477,1.46490430570816,3.8090858815577477,2.414049883728339,True,6,5
B,0,671,D13,12,False,7.5060185651122415,1.9045492457394593,3.016600654705374,3.016600654705374,2.4882373984120685,True,5,5
B,0,671,D13,13,False,6.915479363926532,2.3322081960894594,2.38416666977622,2.38416666977622,2.900585538583855,True,6,7
B,0,671,D23,9,False,6.132187485954143,4.370820726127254,2.490990403298761,4.370820726127254,1.4029830711879918,True,4,5
B,0,671,D23,10,False,5.058546558141048,2.0400770238596597,5.651750375740169,5.651750375740169,0.8950406903770174,False,5,5
B,0,671,D23,11,False,4.689980928407612,3.8090858815577477,1.1650224429967737,3.8090858815577477,1.2312615347201405,True,5,5
B,0,671,D23,12,False,4.684128661462687,1.9045492457394593,1.6213727425540876,1.9045492457394593,2.4594421341119115,True,4,5
B,0,671,D23,13,False,3.415311325161051,2.3322081960894594,2.181531141613495,2.3322081960894594,1.46441099507655,True,6,7
B,0,790,D12,9,False,0.8890423462598039,1.8375055066395607,3.210875726771951,3.210875726771951,0.2768846949905474,False,4,5
B,0,790,D12,10,False,2.0979632102234307,2.02293091624386,2.4007665762298736,2.4007665762298736,0.8738722168975043,False,5,5
B,0,790,D12,11,False,0.9338543611763624,0.8142415319537489,3.187927526744081,3.187927526744081,0.29293462707106577,False,5,4
B,0,790,D12,12,False,4.133789402614707,0.8984054135854038,3.931903916178542,3.931903916178542,1.0513454781042513,True,4,4
B,0,790,D12,13,False,1.4992122130979089,2.139216439567504,2.94505800296502,2.94505800296502,0.5090603348350133,False,7,7
B,0,790,D13,9,False,2.9242729143197868,4.262503653821877,3.210875726771951,4.262503653821877,0.6860458434323695,False,4,4
B,0,790,D13,10,False,4.468081758877981,1.8507111263381066,2.4007665762298736,2.4007665762298736,1.861106282933423,True,5,5
B,0,790,D13,11,False,2.763548238366481,3.17085879496011,3.187927526744081,3.187927526744081,0.8668792546827341,False,5,5
B,0,790,D13,12,False,4.036617957783633,2.463207610892208,3.931903916178542,3.931903916178542,1.026631892293763,True,4,4
B,0,790,D13,13,False,1.5818682314282475,0.6322847120767081,2.94505800296502,2.94505800296502,0.5371263417683648,False,7,9
B,0,790,D23,9,False,3.695076400182555,4.262503653821877,1.8375055066395607,4.262503653821877,0.8668793507940922,False,5,4
B,0,790,D23,10,False,2.905247438388637,1.8507111263381066,2.02293091624386,2.02293091624386,1.4361575153456283,True,5,5
B,0,790,D23,11,False,3.06125344461032,3.17085879496011,0.8142415319537489,3.17085879496011,0.9654335442107982,False,4,5
B,0,790,D23,12,False,0.7797330113403489,2.463207610892208,0.8984054135854038,2.463207610892208,0.31655188458025213,False,4,4
B,0,790,D23,13,False,0.9763352959876511,0.6322847120767081,2.139216439567504,2.139216439567504,0.456398556933791,False,7,9
B,1,252,D12,9,True,3.9841035053214897,3.112060031347933,0.6286654670145788,3.112060031347933,1.2802142199023863,True,4,4
B,1,252,D12,10,True,3.147933648208706,1.5246413798818992,1.1794894840349344,1.5246413798818992,2.0647043230930473,True,5,6
B,1,252,D12,11,True,1.3372225901523473,2.4965342804945205,2.2275628960701144,2.4965342804945205,0.5356315755806351,False,5,5
B,1,252,D12,12,True,1.306920108978133,1.467878899216953,0.9993904915981777,1.467878899216953,0.8903460017548559,False,4,4
B,1,252,D12,13,True,0.6932523668328004,0.7941700557411057,1.3533139218224912,1.3533139218224912,0.5122627911040818,False,5,6
B,1,252,D13,9,True,1.0608061571358132,0.5484822368081312,0.6286654670145788,0.6286654670145788,1.68739371381952,True,4,5
B,1,252,D13,10,True,2.3013247611344263,1.9005565875849846,1.1794894840349344,1.9005565875849846,1.2108688455620746,True,5,5
B,1,252,D13,11,True,3.665290455060137,2.3052697064496033,2.2275628960701144,2.3052697064496033,1.5899616625358477,True,5,5
B,1,252,D13,12,True,4.386987520129289,0.8744952364059211,0.9993904915981777,0.9993904915981777,4.389663056643482,True,4,4
B,1,252,D13,13,True,3.0442187849506768,0.5993027938271787,1.3533139218224912,1.3533139218224912,2.2494550125155475,True,5,6
B,1,252,D23,9,True,3.9641493437550666,0.5484822368081312,3.112060031347933,3.112060031347933,1.27380233794464,True,4,5
B,1,252,D23,10,True,2.07235532347668,1.9005565875849846,1.5246413798818992,1.9005565875849846,1.0903939072448237,True,6,5
B,1,252,D23,11,True,4.233809514605281,2.3052697064496033,2.4965342804945205,2.4965342804945205,1.695874776358623,True,5,5
B,1,252,D23,12,True,4.288429973337146,0.8744952364059211,1.467878899216953,1.467878899216953,2.9215148304296967,True,4,4
B,1,252,D23,13,True,3.6883395065502844,0.5993027938271787,0.7941700557411057,0.7941700557411057,4.644269171176934,True,6,6
B,1,651,D12,9,True,1.8174267246542868,0.49429564650343866,0.749602732275129,0.749602732275129,2.424519877533252,True,4,4
B,1,651,D12,10,True,2.2243003938618777,0.22605283241205357,2.044669220849724,2.044669220849724,1.087853414713947,True,5,5
B,1,651,D12,11,True,2.7557803634740803,0.9183063984153667,2.908671738462239,2.908671738462239,0.9474360159084196,False,5,5
B,1,651,D12,12,True,2.1282821292408314,1.1373523998711226,1.9535145435703116,1.9535145435703116,1.0894631607661893,True,4,4
B,1,651,D12,13,True,2.235245288090243,0.7850433643164639,0.7414245644887381,0.7850433643164639,2.8472889393014205,True,6,7
B,1,651,D13,9,True,0.4180603047185545,0.884525088417487,0.749602732275129,0.884525088417487,0.4726381537311853,False,4,4
B,1,651,D13,10,True,0.8473356378001642,0.3885458402079229,2.044669220849724,2.044669220849724,0.4144120863950934,False,5,5
B,1,651,D13,11,True,1.0015316652247597,0.42414111315946507,2.908671738462239,2.908671738462239,0.3443261238390039,False,5,5
B,1,651,D13,12,True,0.563121213208859,1.2419605838522152,1.9535145435703116,1.9535145435703116,0.28826056865677535,False,4,4
B,1,651,D13,13,True,0.8017545098704497,0.6032009720180544,0.7414245644887381,0.7414245644887381,1.081370308283909,True,6,6
B,1,651,D23,9,True,1.774221407234356,0.884525088417487,0.49429564650343866,0.884525088417487,2.0058463354709746,True,4,4
B,1,651,D23,10,True,1.8874526069297621,0.3885458402079229,0.22605283241205357,0.3885458402079229,4.8577346907632,True,5,5
B,1,651,D23,11,True,1.8663873663167883,0.42414111315946507,0.9183063984153667,0.9183063984153667,2.0324233496983513,True,5,5
B,1,651,D23,12,True,1.7881336389270843,1.2419605838522152,1.1373523998711226,1.2419605838522152,1.4397668188315549,True,4,4
B,1,651,D23,13,True,2.654710077607154,0.6032009720180544,0.7850433643164639,0.7850433643164639,3.3816094731513413,True,7,6
B,1,671,D12,9,False,2.3919053755733866,2.3197684171854864,1.0594972624659011,2.3197684171854864,1.0310966206167347,True,4,4
B,1,671,D12,10,False,0.8989195878341264,1.2883337621172615,0.912324205997093,1.2883337621172615,0.6977381283223009,False,5,5
B,1,671,D12,11,False,3.245096884199193,1.4735296178114063,0.5469921443573669,1.4735296178114063,2.2022610505916047,True,6,5
B,1,671,D12,12,False,2.967027265167327,1.0763294180075615,1.1154553175599653,1.1154553175599653,2.659924802418474,True,5,4
B,1,671,D12,13,False,3.989327602629494,1.5256276566703026,2.2396580661770056,2.2396580661770056,1.781221724367548,True,6,6
B,1,671,D13,9,False,2.554835527695077,1.0739127638144659,1.0594972624659011,1.0739127638144659,2.378997264750326,True,4,5
B,1,671,D13,10,False,1.5456460855312888,1.099954631026349,0.912324205997093,1.099954631026349,1.4051907614490178,True,5,5
B,1,671,D13,11,False,3.0398518049661516,1.032581065371981,0.5469921443573669,1.032581065371981,2.943935257878338,True,6,5
B,1,671,D13,12,False,3.2595622315764534,1.952320949683759,1.1154553175599653,1.952320949683759,1.6695831861582207,True,5,5
B,1,671,D13,13,False,3.1196472785939564,1.298082135571296,2.2396580661770056,2.2396580661770056,1.3929123046532959,True,6,7
B,1,671,D23,9,False,1.741310950370737,1.0739127638144659,2.3197684171854864,2.3197684171854864,0.7506399938332738,False,4,5
B,1,671,D23,10,False,1.2678041704033118,1.099954631026349,1.2883337621172615,1.2883337621172615,0.9840650052667943,False,5,5
B,1,671,D23,11,False,1.6424608825207692,1.032581065371981,1.4735296178114063,1.4735296178114063,1.114643956027346,True,5,5
B,1,671,D23,12,False,1.70856720501552,1.952320949683759,1.0763294180075615,1.952320949683759,0.8751466838955333,False,4,5
B,1,671,D23,13,False,1.2135507975768087,1.298082135571296,1.5256276566703026,1.5256276566703026,0.7954436275921972,False,6,7
B,1,790,D12,9,True,0.5621374619752065,0.9366720449050169,1.2098124637265755,1.2098124637265755,0.46464843009110607,False,4,5
B,1,790,D12,10,True,1.2562650409979341,1.0800781916517614,1.650451310175,1.650451310175,0.7611645573868703,False,5,5
B,1,790,D12,11,True,1.0182361627365022,0.6027006284620527,1.6558596781578458,1.6558596781578458,0.6149290161285262,False,5,4
B,1,790,D12,12,True,1.1763364138224417,0.8114585401079836,1.0463062450147718,1.0463062450147718,1.1242754398410708,True,4,4
B,1,790,D12,13,True,1.5732908280444269,0.6417264563068816,0.41259390738915386,0.6417264563068816,2.451653368163552,True,7,7
B,1,790,D13,9,True,3.178807654934566,2.6270051626996307,1.2098124637265755,2.6270051626996307,1.2100500220060009,True,4,4
B,1,790,D13,10,True,2.027191448951827,0.7882797707573334,1.650451310175,1.650451310175,1.228264921512214,True,5,5
B,1,790,D13,11,True,1.5223247317360233,3.3085351307170554,1.6558596781578458,3.3085351307170554,0.46012046769655773,False,5,5
B,1,790,D13,12,True,0.832369683437166,1.3724330740358999,1.0463062450147718,1.3724330740358999,0.6064920025494759,False,4,4
B,1,790,D13,13,True,1.94233173823917,0.7607025880383705,0.41259390738915386,0.7607025880383705,2.5533392008667612,True,7,9
B,1,790,D23,9,True,3.4983622952097035,2.6270051626996307,0.9366720449050169,2.6270051626996307,1.3316922040665602,True,5,4
B,1,790,D23,10,True,2.15401088131819,0.7882797707573334,1.0800781916517614,1.0800781916517614,1.9943101323285357,True,5,5
B,1,790,D23,11,True,2.0888292814537084,3.3085351307170554,0.6027006284620527,3.3085351307170554,0.6313456556832747,False,4,5
B,1,790,D23,12,True,1.8547200911569182,1.3724330740358999,0.8114585401079836,1.3724330740358999,1.3514102262945047,True,4,4
B,1,790,D23,13,True,0.9464925559481325,0.7607025880383705,0.6417264563068816,0.7607025880383705,1.2442346993834477,True,7,9
B,2,252,D12,9,True,4.232349625497862,3.3982559781119828,0.6735484215422897,3.3982559781119828,1.2454475627375452,True,4,4
B,2,252,D12,10,True,3.19663693634073,1.9739060999331721,1.226443276886033,1.9739060999331721,1.619447316389039,True,5,6
B,2,252,D12,11,True,2.207926792943846,4.442829769147087,2.1518230135120646,4.442829769147087,0.49696407642638835,False,5,5
B,2,252,D12,12,True,2.1885069066221945,2.8360448790188935,1.7110405294100348,2.8360448790188935,0.7716756962531885,False,4,4
B,2,252,D12,13,True,0.9113516900370864,0.7181793580646442,1.560252382868692,1.560252382868692,0.5841053024777108,False,5,6
B,2,252,D13,9,True,1.4516210093080355,0.9828792202592729,0.6735484215422897,0.9828792202592729,1.4769068054212333,True,4,5
B,2,252,D13,10,True,3.3857508827997354,1.8381728705998368,1.226443276886033,1.8381728705998368,1.8419110285829043,True,5,5
B,2,252,D13,11,True,4.104515065436864,2.0741632786717186,2.1518230135120646,2.1518230135120646,1.9074594144886217,True,5,5
B,2,252,D13,12,True,6.014574594053611,1.5375525362448244,1.7110405294100348,1.7110405294100348,3.5151561232318858,True,4,4
B,2,252,D13,13,True,2.6169603535547736,0.5187436046423275,1.560252382868692,1.560252382868692,1.677267333342065,True,5,6
B,2,252,D23,9,True,4.612770148860117,0.9828792202592729,3.3982559781119828,3.3982559781119828,1.3573933742986894,True,4,5
B,2,252,D23,10,True,3.722785657679831,1.8381728705998368,1.9739060999331721,1.9739060999331721,1.8859993683619847,True,6,5
B,2,252,D23,11,True,3.981840098346695,2.0741632786717186,4.442829769147087,4.442829769147087,0.8962396277251715,False,5,5
B,2,252,D23,12,True,4.914696516408761,1.5375525362448244,2.8360448790188935,2.8360448790188935,1.7329403186697667,True,4,4
B,2,252,D23,13,True,3.4061299847612325,0.5187436046423275,0.7181793580646442,0.7181793580646442,4.742728883130393,True,6,6
B,2,651,D12,9,True,2.819217330750437,1.1486285725524783,0.6293037424334065,1.1486285725524783,2.4544203392795483,True,4,4
B,2,651,D12,10,True,3.3379440157170546,0.5426191692194792,1.9251533655039743,1.9251533655039743,1.7338587540755406,True,5,5
B,2,651,D12,11,True,4.07068843911662,1.484134903867488,3.4289905769573195,3.4289905769573195,1.1871389984188014,True,5,5
B,2,651,D12,12,True,2.9284263194584157,0.998682620346058,1.7493029294762008,1.7493029294762008,1.6740532872344092,True,4,4
B,2,651,D12,13,True,2.3996670008133267,0.661022307313921,0.7807374475174027,0.7807374475174027,3.073590242717079,True,6,7
B,2,651,D13,9,True,0.6402907058527102,0.9754295963928152,0.6293037424334065,0.9754295963928152,0.6564191902937285,False,4,4
B,2,651,D13,10,True,1.084473632402845,0.3481958092012372,1.9251533655039743,1.9251533655039743,0.5633180461541811,False,5,5
B,2,651,D13,11,True,1.1636012437834746,0.8756806556663106,3.4289905769573195,3.4289905769573195,0.3393422109710154,False,5,5
B,2,651,D13,12,True,0.35221017116421566,1.2990080730376965,1.7493029294762008,1.7493029294762008,0.20134315516734375,False,4,4
B,2,651,D13,13,True,0.5439991361384858,0.8443564053158316,0.7807374475174027,0.8443564053158316,0.6442766735866745,False,6,6
B,2,651,D23,9,True,2.444846524501872,0.9754295963928152,1.1486285725524783,1.1486285725524783,2.128491823139087,True,4,4
B,2,651,D23,10,True,2.8473456796278285,0.3481958092012372,0.5426191692194792,0.5426191692194792,5.247410783005587,True,5,5
B,2,651,D23,11,True,3.096832086396622,0.8756806556663106,1.484134903867488,1.484134903867488,2.0866243886095712,True,5,5
B,2,651,D23,12,True,2.967311244072007,1.2990080730376965,0.998682620346058,1.2990080730376965,2.2842900715259047,True,4,4
B,2,651,D23,13,True,2.732992828714941,0.8443564053158316,0.661022307313921,0.8443564053158316,3.2367763322558853,True,7,6
B,2,671,D12,9,False,2.7035079513911007,2.0408657927241514,1.6192195078948008,2.0408657927241514,1.3246867878472564,True,4,4
B,2,671,D12,10,False,1.412758643250872,1.7881933975548066,1.0763536902769626,1.7881933975548066,0.7900480144836081,False,5,5
B,2,671,D12,11,False,3.473676622841663,1.4940616424695268,1.402432242070469,1.4940616424695268,2.324988825159878,True,6,5
B,2,671,D12,12,False,3.5321832172939014,1.2536770562810953,2.0199496891215465,2.0199496891215465,1.7486491056269864,True,5,4
B,2,671,D12,13,False,5.1316907329683845,1.28286376895278,2.9759808056808383,2.9759808056808383,1.7243695668911976,True,6,6
B,2,671,D13,9,False,2.6241243759440542,1.9429990476641812,1.6192195078948008,1.9429990476641812,1.350553608916434,True,4,5
B,2,671,D13,10,False,2.2194782493183727,1.4859267093813417,1.0763536902769626,1.4859267093813417,1.4936660303000016,True,5,5
B,2,671,D13,11,False,4.059275469904056,1.5963204372604636,1.402432242070469,1.5963204372604636,2.5428951325527156,True,6,5
B,2,671,D13,12,False,5.946486620401483,2.7840587815254905,2.0199496891215465,2.7840587815254905,2.135905556255238,True,5,5
B,2,671,D13,13,False,5.47566418729464,1.961028136065514,2.9759808056808383,2.9759808056808383,1.8399527903009878,True,6,7
B,2,671,D23,9,True,3.519275482636303,1.9429990476641812,2.0408657927241514,2.0408657927241514,1.724403189657448,True,4,5
B,2,671,D23,10,True,3.3361968322640583,1.4859267093813417,1.7881933975548066,1.7881933975548066,1.8656800974805114,True,5,5
B,2,671,D23,11,True,2.028977770029077,1.5963204372604636,1.4940616424695268,1.5963204372604636,1.2710341374261434,True,5,5
B,2,671,D23,12,True,3.3810760364772765,2.7840587815254905,1.2536770562810953,2.7840587815254905,1.2144413253461042,True,4,5
B,2,671,D23,13,True,1.1552377977765436,1.961028136065514,1.28286376895278,1.961028136065514,0.5890980228842313,False,6,7
B,2,790,D12,9,False,0.6404166883784322,1.3681302882059172,1.0437993784431863,1.3681302882059172,0.4680962726278326,False,4,5
B,2,790,D12,10,False,2.23002440122318,1.7828459141825146,2.052722171655569,2.052722171655569,1.086374197159186,True,5,5
B,2,790,D12,11,False,1.666255586538208,1.495380442637602,2.607122146025178,2.607122146025178,0.6391168089606325,False,5,4
B,2,790,D12,12,False,1.2561647233190965,1.2812795707462008,1.4969645645882965,1.4969645645882965,0.8391412549331613,False,4,4
B,2,790,D12,13,False,1.6594027624804197,0.6907080289398594,0.6411161224547364,0.6907080289398594,2.4024662997292383,True,7,7
B,2,790,D13,9,False,3.7897800267899218,2.740186077298332,1.0437993784431863,2.740186077298332,1.3830374725961785,True,4,4
B,2,790,D13,10,False,2.6016073502997408,0.8795537517868989,2.052722171655569,2.052722171655569,1.267393798451294,True,5,5
B,2,790,D13,11,False,2.3034588160791727,3.0982774422193207,2.607122146025178,3.0982774422193207,0.743464347217784,False,5,5
B,2,790,D13,12,False,1.3758180387197894,2.5932496434738814,1.4969645645882965,2.5932496434738814,0.5305382157025046,False,4,4
B,2,790,D13,13,False,2.6835429423531254,0.7689988225933108,0.6411161224547364,0.7689988225933108,3.4896580638489896,True,7,9
B,2,790,D23,9,False,3.714785909443368,2.740186077298332,1.3681302882059172,2.740186077298332,1.3556692153935532,True,5,4
B,2,790,D23,10,False,3.8512123597627324,0.8795537517868989,1.7828459141825146,1.7828459141825146,2.1601487425954153,True,5,5
B,2,790,D23,11,False,3.544826298487411,3.0982774422193207,1.495380442637602,3.0982774422193207,1.144128104921496,True,4,5
B,2,790,D23,12,False,2.104781816451236,2.5932496434738814,1.2812795707462008,2.5932496434738814,0.81163871814196,False,4,4
B,2,790,D23,13,False,1.9452157189961203,0.7689988225933108,0.6907080289398594,0.7689988225933108,2.5295431694371504,True,7,9
