participant,timepoint,repetition,exercise_id,recording_id,instruction_focus,start_frame,end_frame,n_frames,duration_s,n_eval_windows,progressive_P1_P5_supported,substage_supported,segmentation_confidence,suitable_longitudinal,group,task_part_note
252,1,1,9,252_T1_P1_R1,Curvilinear exploration (Group4 start),15120,16200,1080,9.0,4,False,early_mid_late_thirds_only,high,True,Group4_curvilinear_exploration,"Session P1 = Task Part 1, NOT progressive cue stage"
252,1,1,10,252_T1_P1_R1,Curvilinear exploration (Group4),16320,17640,1320,11.0,5,False,early_mid_late_thirds_only,high,True,Group4_curvilinear_exploration,"Session P1 = Task Part 1, NOT progressive cue stage"
252,1,1,11,252_T1_P1_R1,Curvilinear exploration (Group4; breakdown exercise),17760,19080,1320,11.0,5,False,early_mid_late_thirds_only,high,True,Group4_curvilinear_exploration,"Session P1 = Task Part 1, NOT progressive cue stage"
252,1,1,12,252_T1_P1_R1,Curvilinear exploration (Group4),19200,20280,1080,9.0,4,False,early_mid_late_thirds_only,high,True,Group4_curvilinear_exploration,"Session P1 = Task Part 1, NOT progressive cue stage"
252,1,1,13,252_T1_P1_R1,Curvilinear exploration (Group4 end),20400,21720,1320,11.0,5,False,early_mid_late_thirds_only,high,True,Group4_curvilinear_exploration,"Session P1 = Task Part 1, NOT progressive cue stage"
252,1,2,9,252_T1_P1_R2,Curvilinear exploration (Group4 start),14880,15960,1080,9.0,4,False,early_mid_late_thirds_only,high,True,Group4_curvilinear_exploration,"Session P1 = Task Part 1, NOT progressive cue stage"
252,1,2,10,252_T1_P1_R2,Curvilinear exploration (Group4),16080,17400,1320,11.0,5,False,early_mid_late_thirds_only,high,True,Group4_curvilinear_exploration,"Session P1 = Task Part 1, NOT progressive cue stage"
252,1,2,11,252_T1_P1_R2,Curvilinear exploration (Group4; breakdown exercise),17520,18720,1200,10.0,5,False,early_mid_late_thirds_only,high,True,Group4_curvilinear_exploration,"Session P1 = Task Part 1, NOT progressive cue stage"
252,1,2,12,252_T1_P1_R2,Curvilinear exploration (Group4),18726,19680,954,7.95,3,False,early_mid_late_thirds_only,high,True,Group4_curvilinear_exploration,"Session P1 = Task Part 1, NOT progressive cue stage"
252,1,2,13,252_T1_P1_R2,Curvilinear exploration (Group4 end),19800,21840,2040,17.0,8,False,early_mid_late_thirds_only,high,True,Group4_curvilinear_exploration,"Session P1 = Task Part 1, NOT progressive cue stage"
252,2,1,9,252_T2_P1_R1,Curvilinear exploration (Group4 start),15120,16080,960,8.0,4,False,early_mid_late_thirds_only,high,True,Group4_curvilinear_exploration,"Session P1 = Task Part 1, NOT progressive cue stage"
252,2,1,10,252_T2_P1_R1,Curvilinear exploration (Group4),16200,17640,1440,12.0,6,False,early_mid_late_thirds_only,high,True,Group4_curvilinear_exploration,"Session P1 = Task Part 1, NOT progressive cue stage"
252,2,1,11,252_T2_P1_R1,Curvilinear exploration (Group4; breakdown exercise),17640,18960,1320,11.0,5,False,early_mid_late_thirds_only,high,True,Group4_curvilinear_exploration,"Session P1 = Task Part 1, NOT progressive cue stage"
252,2,1,12,252_T2_P1_R1,Curvilinear exploration (Group4),19080,20160,1080,9.0,4,False,early_mid_late_thirds_only,high,True,Group4_curvilinear_exploration,"Session P1 = Task Part 1, NOT progressive cue stage"
252,2,1,13,252_T2_P1_R1,Curvilinear exploration (Group4 end),20280,21840,1560,13.0,6,False,early_mid_late_thirds_only,high,True,Group4_curvilinear_exploration,"Session P1 = Task Part 1, NOT progressive cue stage"
252,2,2,9,252_T2_P1_R2,Curvilinear exploration (Group4 start),15000,16080,1080,9.0,4,False,early_mid_late_thirds_only,high,True,Group4_curvilinear_exploration,"Session P1 = Task Part 1, NOT progressive cue stage"
252,2,2,10,252_T2_P1_R2,Curvilinear exploration (Group4),16200,17520,1320,11.0,5,False,early_mid_late_thirds_only,high,True,Group4_curvilinear_exploration,"Session P1 = Task Part 1, NOT progressive cue stage"
252,2,2,11,252_T2_P1_R2,Curvilinear exploration (Group4; breakdown exercise),17640,18720,1080,9.0,4,False,early_mid_late_thirds_only,high,True,Group4_curvilinear_exploration,"Session P1 = Task Part 1, NOT progressive cue stage"
252,2,2,12,252_T2_P1_R2,Curvilinear exploration (Group4),18840,19920,1080,9.0,4,False,early_mid_late_thirds_only,high,True,Group4_curvilinear_exploration,"Session P1 = Task Part 1, NOT progressive cue stage"
252,2,2,13,252_T2_P1_R2,Curvilinear exploration (Group4 end),20040,22080,2040,17.0,8,False,early_mid_late_thirds_only,high,True,Group4_curvilinear_exploration,"Session P1 = Task Part 1, NOT progressive cue stage"
252,3,1,9,252_T3_P1_R1,Curvilinear exploration (Group4 start),15000,16200,1200,10.0,5,False,early_mid_late_thirds_only,high,True,Group4_curvilinear_exploration,"Session P1 = Task Part 1, NOT progressive cue stage"
252,3,1,10,252_T3_P1_R1,Curvilinear exploration (Group4),16320,17520,1200,10.0,5,False,early_mid_late_thirds_only,high,True,Group4_curvilinear_exploration,"Session P1 = Task Part 1, NOT progressive cue stage"
252,3,1,11,252_T3_P1_R1,Curvilinear exploration (Group4; breakdown exercise),17640,18840,1200,10.0,5,False,early_mid_late_thirds_only,high,True,Group4_curvilinear_exploration,"Session P1 = Task Part 1, NOT progressive cue stage"
252,3,1,12,252_T3_P1_R1,Curvilinear exploration (Group4),18960,20040,1080,9.0,4,False,early_mid_late_thirds_only,high,True,Group4_curvilinear_exploration,"Session P1 = Task Part 1, NOT progressive cue stage"
252,3,1,13,252_T3_P1_R1,Curvilinear exploration (Group4 end),20160,21600,1440,12.0,6,False,early_mid_late_thirds_only,high,True,Group4_curvilinear_exploration,"Session P1 = Task Part 1, NOT progressive cue stage"
252,3,2,9,252_T3_P1_R2,Curvilinear exploration (Group4 start),15600,16680,1080,9.0,4,False,early_mid_late_thirds_only,high,True,Group4_curvilinear_exploration,"Session P1 = Task Part 1, NOT progressive cue stage"
252,3,2,10,252_T3_P1_R2,Curvilinear exploration (Group4),16800,18000,1200,10.0,5,False,early_mid_late_thirds_only,high,True,Group4_curvilinear_exploration,"Session P1 = Task Part 1, NOT progressive cue stage"
252,3,2,11,252_T3_P1_R2,Curvilinear exploration (Group4; breakdown exercise),18120,19320,1200,10.0,5,False,early_mid_late_thirds_only,high,True,Group4_curvilinear_exploration,"Session P1 = Task Part 1, NOT progressive cue stage"
252,3,2,12,252_T3_P1_R2,Curvilinear exploration (Group4),19440,20520,1080,9.0,4,False,early_mid_late_thirds_only,high,True,Group4_curvilinear_exploration,"Session P1 = Task Part 1, NOT progressive cue stage"
252,3,2,13,252_T3_P1_R2,Curvilinear exploration (Group4 end),20640,22200,1560,13.0,6,False,early_mid_late_thirds_only,high,True,Group4_curvilinear_exploration,"Session P1 = Task Part 1, NOT progressive cue stage"
651,1,1,9,651_T1_P1_R1,Curvilinear exploration (Group4 start),14400,15480,1080,9.0,4,False,early_mid_late_thirds_only,high,True,Group4_curvilinear_exploration,"Session P1 = Task Part 1, NOT progressive cue stage"
651,1,1,10,651_T1_P1_R1,Curvilinear exploration (Group4),15600,16800,1200,10.0,5,False,early_mid_late_thirds_only,high,True,Group4_curvilinear_exploration,"Session P1 = Task Part 1, NOT progressive cue stage"
651,1,1,11,651_T1_P1_R1,Curvilinear exploration (Group4; breakdown exercise),16920,18240,1320,11.0,5,False,early_mid_late_thirds_only,high,True,Group4_curvilinear_exploration,"Session P1 = Task Part 1, NOT progressive cue stage"
651,1,1,12,651_T1_P1_R1,Curvilinear exploration (Group4),18360,19320,960,8.0,4,False,early_mid_late_thirds_only,high,True,Group4_curvilinear_exploration,"Session P1 = Task Part 1, NOT progressive cue stage"
651,1,1,13,651_T1_P1_R1,Curvilinear exploration (Group4 end),19440,20880,1440,12.0,6,False,early_mid_late_thirds_only,high,True,Group4_curvilinear_exploration,"Session P1 = Task Part 1, NOT progressive cue stage"
651,1,2,9,651_T1_P1_R2,Curvilinear exploration (Group4 start),14040,15120,1080,9.0,4,False,early_mid_late_thirds_only,high,True,Group4_curvilinear_exploration,"Session P1 = Task Part 1, NOT progressive cue stage"
651,1,2,10,651_T1_P1_R2,Curvilinear exploration (Group4),15240,16560,1320,11.0,5,False,early_mid_late_thirds_only,high,True,Group4_curvilinear_exploration,"Session P1 = Task Part 1, NOT progressive cue stage"
651,1,2,11,651_T1_P1_R2,Curvilinear exploration (Group4; breakdown exercise),16680,17880,1200,10.0,5,False,early_mid_late_thirds_only,high,True,Group4_curvilinear_exploration,"Session P1 = Task Part 1, NOT progressive cue stage"
651,1,2,12,651_T1_P1_R2,Curvilinear exploration (Group4),18000,18840,840,7.0,3,False,early_mid_late_thirds_only,high,True,Group4_curvilinear_exploration,"Session P1 = Task Part 1, NOT progressive cue stage"
651,1,2,13,651_T1_P1_R2,Curvilinear exploration (Group4 end),18960,20640,1680,14.0,7,False,early_mid_late_thirds_only,high,True,Group4_curvilinear_exploration,"Session P1 = Task Part 1, NOT progressive cue stage"
651,2,1,9,651_T2_P1_R1,Curvilinear exploration (Group4 start),15840,16920,1080,9.0,4,False,early_mid_late_thirds_only,high,True,Group4_curvilinear_exploration,"Session P1 = Task Part 1, NOT progressive cue stage"
651,2,1,10,651_T2_P1_R1,Curvilinear exploration (Group4),17040,18240,1200,10.0,5,False,early_mid_late_thirds_only,high,True,Group4_curvilinear_exploration,"Session P1 = Task Part 1, NOT progressive cue stage"
651,2,1,11,651_T2_P1_R1,Curvilinear exploration (Group4; breakdown exercise),18360,19680,1320,11.0,5,False,early_mid_late_thirds_only,high,True,Group4_curvilinear_exploration,"Session P1 = Task Part 1, NOT progressive cue stage"
651,2,1,12,651_T2_P1_R1,Curvilinear exploration (Group4),19800,20760,960,8.0,4,False,early_mid_late_thirds_only,high,True,Group4_curvilinear_exploration,"Session P1 = Task Part 1, NOT progressive cue stage"
651,2,1,13,651_T2_P1_R1,Curvilinear exploration (Group4 end),20880,22560,1680,14.0,7,False,early_mid_late_thirds_only,high,True,Group4_curvilinear_exploration,"Session P1 = Task Part 1, NOT progressive cue stage"
651,2,2,9,651_T2_P1_R2,Curvilinear exploration (Group4 start),15000,16200,1200,10.0,5,False,early_mid_late_thirds_only,high,True,Group4_curvilinear_exploration,"Session P1 = Task Part 1, NOT progressive cue stage"
651,2,2,10,651_T2_P1_R2,Curvilinear exploration (Group4),16320,17520,1200,10.0,5,False,early_mid_late_thirds_only,high,True,Group4_curvilinear_exploration,"Session P1 = Task Part 1, NOT progressive cue stage"
651,2,2,11,651_T2_P1_R2,Curvilinear exploration (Group4; breakdown exercise),17640,18960,1320,11.0,5,False,early_mid_late_thirds_only,high,True,Group4_curvilinear_exploration,"Session P1 = Task Part 1, NOT progressive cue stage"
651,2,2,12,651_T2_P1_R2,Curvilinear exploration (Group4),19080,20160,1080,9.0,4,False,early_mid_late_thirds_only,high,True,Group4_curvilinear_exploration,"Session P1 = Task Part 1, NOT progressive cue stage"
651,2,2,13,651_T2_P1_R2,Curvilinear exploration (Group4 end),20280,21960,1680,14.0,7,False,early_mid_late_thirds_only,high,True,Group4_curvilinear_exploration,"Session P1 = Task Part 1, NOT progressive cue stage"
651,3,1,9,651_T3_P1_R1,Curvilinear exploration (Group4 start),14640,15720,1080,9.0,4,False,early_mid_late_thirds_only,high,True,Group4_curvilinear_exploration,"Session P1 = Task Part 1, NOT progressive cue stage"
651,3,1,10,651_T3_P1_R1,Curvilinear exploration (Group4),15840,17160,1320,11.0,5,False,early_mid_late_thirds_only,high,True,Group4_curvilinear_exploration,"Session P1 = Task Part 1, NOT progressive cue stage"
651,3,1,11,651_T3_P1_R1,Curvilinear exploration (Group4; breakdown exercise),17280,18480,1200,10.0,5,False,early_mid_late_thirds_only,high,True,Group4_curvilinear_exploration,"Session P1 = Task Part 1, NOT progressive cue stage"
651,3,1,12,651_T3_P1_R1,Curvilinear exploration (Group4),18600,19680,1080,9.0,4,False,early_mid_late_thirds_only,high,True,Group4_curvilinear_exploration,"Session P1 = Task Part 1, NOT progressive cue stage"
651,3,1,13,651_T3_P1_R1,Curvilinear exploration (Group4 end),19800,21360,1560,13.0,6,False,early_mid_late_thirds_only,high,True,Group4_curvilinear_exploration,"Session P1 = Task Part 1, NOT progressive cue stage"
651,3,2,9,651_T3_P1_R2,Curvilinear exploration (Group4 start),14880,15960,1080,9.0,4,False,early_mid_late_thirds_only,high,True,Group4_curvilinear_exploration,"Session P1 = Task Part 1, NOT progressive cue stage"
651,3,2,10,651_T3_P1_R2,Curvilinear exploration (Group4),16080,17280,1200,10.0,5,False,early_mid_late_thirds_only,high,True,Group4_curvilinear_exploration,"Session P1 = Task Part 1, NOT progressive cue stage"
651,3,2,11,651_T3_P1_R2,Curvilinear exploration (Group4; breakdown exercise),17400,18720,1320,11.0,5,False,early_mid_late_thirds_only,high,True,Group4_curvilinear_exploration,"Session P1 = Task Part 1, NOT progressive cue stage"
651,3,2,12,651_T3_P1_R2,Curvilinear exploration (Group4),18840,19920,1080,9.0,4,False,early_mid_late_thirds_only,high,True,Group4_curvilinear_exploration,"Session P1 = Task Part 1, NOT progressive cue stage"
651,3,2,13,651_T3_P1_R2,Curvilinear exploration (Group4 end),20040,21600,1560,13.0,6,False,early_mid_late_thirds_only,high,True,Group4_curvilinear_exploration,"Session P1 = Task Part 1, NOT progressive cue stage"
671,1,1,9,671_T1_P1_R1,Curvilinear exploration (Group4 start),14280,15240,960,8.0,4,False,early_mid_late_thirds_only,high,True,Group4_curvilinear_exploration,"Session P1 = Task Part 1, NOT progressive cue stage"
671,1,1,10,671_T1_P1_R1,Curvilinear exploration (Group4),15360,16560,1200,10.0,5,False,early_mid_late_thirds_only,high,True,Group4_curvilinear_exploration,"Session P1 = Task Part 1, NOT progressive cue stage"
671,1,1,11,671_T1_P1_R1,Curvilinear exploration (Group4; breakdown exercise),16680,18120,1440,12.0,6,False,early_mid_late_thirds_only,high,True,Group4_curvilinear_exploration,"Session P1 = Task Part 1, NOT progressive cue stage"
671,1,1,12,671_T1_P1_R1,Curvilinear exploration (Group4),18240,19440,1200,10.0,5,False,early_mid_late_thirds_only,high,True,Group4_curvilinear_exploration,"Session P1 = Task Part 1, NOT progressive cue stage"
671,1,1,13,671_T1_P1_R1,Curvilinear exploration (Group4 end),19560,21000,1440,12.0,6,False,early_mid_late_thirds_only,high,True,Group4_curvilinear_exploration,"Session P1 = Task Part 1, NOT progressive cue stage"
671,1,2,9,671_T1_P1_R2,Curvilinear exploration (Group4 start),14040,15120,1080,9.0,4,False,early_mid_late_thirds_only,high,True,Group4_curvilinear_exploration,"Session P1 = Task Part 1, NOT progressive cue stage"
671,1,2,10,671_T1_P1_R2,Curvilinear exploration (Group4),15240,16560,1320,11.0,5,False,early_mid_late_thirds_only,high,True,Group4_curvilinear_exploration,"Session P1 = Task Part 1, NOT progressive cue stage"
671,1,2,11,671_T1_P1_R2,Curvilinear exploration (Group4; breakdown exercise),16680,18000,1320,11.0,5,False,early_mid_late_thirds_only,high,True,Group4_curvilinear_exploration,"Session P1 = Task Part 1, NOT progressive cue stage"
671,1,2,12,671_T1_P1_R2,Curvilinear exploration (Group4),18120,19200,1080,9.0,4,False,early_mid_late_thirds_only,high,True,Group4_curvilinear_exploration,"Session P1 = Task Part 1, NOT progressive cue stage"
671,1,2,13,671_T1_P1_R2,Curvilinear exploration (Group4 end),19320,20880,1560,13.0,6,False,early_mid_late_thirds_only,high,True,Group4_curvilinear_exploration,"Session P1 = Task Part 1, NOT progressive cue stage"
671,2,1,9,671_T2_P1_R1,Curvilinear exploration (Group4 start),14040,15120,1080,9.0,4,False,early_mid_late_thirds_only,high,True,Group4_curvilinear_exploration,"Session P1 = Task Part 1, NOT progressive cue stage"
671,2,1,10,671_T2_P1_R1,Curvilinear exploration (Group4),15240,16560,1320,11.0,5,False,early_mid_late_thirds_only,high,True,Group4_curvilinear_exploration,"Session P1 = Task Part 1, NOT progressive cue stage"
671,2,1,11,671_T2_P1_R1,Curvilinear exploration (Group4; breakdown exercise),16680,18000,1320,11.0,5,False,early_mid_late_thirds_only,high,True,Group4_curvilinear_exploration,"Session P1 = Task Part 1, NOT progressive cue stage"
671,2,1,12,671_T2_P1_R1,Curvilinear exploration (Group4),18120,19200,1080,9.0,4,False,early_mid_late_thirds_only,high,True,Group4_curvilinear_exploration,"Session P1 = Task Part 1, NOT progressive cue stage"
671,2,1,13,671_T2_P1_R1,Curvilinear exploration (Group4 end),19320,20880,1560,13.0,6,False,early_mid_late_thirds_only,high,True,Group4_curvilinear_exploration,"Session P1 = Task Part 1, NOT progressive cue stage"
671,2,2,9,671_T2_P1_R2,Curvilinear exploration (Group4 start),14040,15120,1080,9.0,4,False,early_mid_late_thirds_only,high,True,Group4_curvilinear_exploration,"Session P1 = Task Part 1, NOT progressive cue stage"
671,2,2,10,671_T2_P1_R2,Curvilinear exploration (Group4),15240,16560,1320,11.0,5,False,early_mid_late_thirds_only,high,True,Group4_curvilinear_exploration,"Session P1 = Task Part 1, NOT progressive cue stage"
671,2,2,11,671_T2_P1_R2,Curvilinear exploration (Group4; breakdown exercise),16680,17880,1200,10.0,5,False,early_mid_late_thirds_only,high,True,Group4_curvilinear_exploration,"Session P1 = Task Part 1, NOT progressive cue stage"
671,2,2,12,671_T2_P1_R2,Curvilinear exploration (Group4),18000,19200,1200,10.0,5,False,early_mid_late_thirds_only,high,True,Group4_curvilinear_exploration,"Session P1 = Task Part 1, NOT progressive cue stage"
671,2,2,13,671_T2_P1_R2,Curvilinear exploration (Group4 end),19320,21360,2040,17.0,8,False,early_mid_late_thirds_only,high,True,Group4_curvilinear_exploration,"Session P1 = Task Part 1, NOT progressive cue stage"
671,3,1,9,671_T3_P1_R1,Curvilinear exploration (Group4 start),15120,16440,1320,11.0,5,False,early_mid_late_thirds_only,high,True,Group4_curvilinear_exploration,"Session P1 = Task Part 1, NOT progressive cue stage"
671,3,1,10,671_T3_P1_R1,Curvilinear exploration (Group4),16560,17760,1200,10.0,5,False,early_mid_late_thirds_only,high,True,Group4_curvilinear_exploration,"Session P1 = Task Part 1, NOT progressive cue stage"
671,3,1,11,671_T3_P1_R1,Curvilinear exploration (Group4; breakdown exercise),17880,19080,1200,10.0,5,False,early_mid_late_thirds_only,high,True,Group4_curvilinear_exploration,"Session P1 = Task Part 1, NOT progressive cue stage"
671,3,1,12,671_T3_P1_R1,Curvilinear exploration (Group4),19200,20400,1200,10.0,5,False,early_mid_late_thirds_only,high,True,Group4_curvilinear_exploration,"Session P1 = Task Part 1, NOT progressive cue stage"
671,3,1,13,671_T3_P1_R1,Curvilinear exploration (Group4 end),20520,22200,1680,14.0,7,False,early_mid_late_thirds_only,high,True,Group4_curvilinear_exploration,"Session P1 = Task Part 1, NOT progressive cue stage"
671,3,2,9,671_T3_P1_R2,Curvilinear exploration (Group4 start),15000,16200,1200,10.0,5,False,early_mid_late_thirds_only,high,True,Group4_curvilinear_exploration,"Session P1 = Task Part 1, NOT progressive cue stage"
671,3,2,10,671_T3_P1_R2,Curvilinear exploration (Group4),16320,17520,1200,10.0,5,False,early_mid_late_thirds_only,high,True,Group4_curvilinear_exploration,"Session P1 = Task Part 1, NOT progressive cue stage"
671,3,2,11,671_T3_P1_R2,Curvilinear exploration (Group4; breakdown exercise),17640,18840,1200,10.0,5,False,early_mid_late_thirds_only,high,True,Group4_curvilinear_exploration,"Session P1 = Task Part 1, NOT progressive cue stage"
671,3,2,12,671_T3_P1_R2,Curvilinear exploration (Group4),18960,19920,960,8.0,4,False,early_mid_late_thirds_only,high,True,Group4_curvilinear_exploration,"Session P1 = Task Part 1, NOT progressive cue stage"
671,3,2,13,671_T3_P1_R2,Curvilinear exploration (Group4 end),20040,22320,2280,19.0,9,False,early_mid_late_thirds_only,high,True,Group4_curvilinear_exploration,"Session P1 = Task Part 1, NOT progressive cue stage"
790,1,1,9,790_T1_P1_R1,Curvilinear exploration (Group4 start),15000,15960,960,8.0,4,False,early_mid_late_thirds_only,high,True,Group4_curvilinear_exploration,"Session P1 = Task Part 1, NOT progressive cue stage"
790,1,1,10,790_T1_P1_R1,Curvilinear exploration (Group4),16080,17280,1200,10.0,5,False,early_mid_late_thirds_only,high,True,Group4_curvilinear_exploration,"Session P1 = Task Part 1, NOT progressive cue stage"
790,1,1,11,790_T1_P1_R1,Curvilinear exploration (Group4; breakdown exercise),17400,18720,1320,11.0,5,False,early_mid_late_thirds_only,high,True,Group4_curvilinear_exploration,"Session P1 = Task Part 1, NOT progressive cue stage"
790,1,1,12,790_T1_P1_R1,Curvilinear exploration (Group4),18840,19800,960,8.0,4,False,early_mid_late_thirds_only,high,True,Group4_curvilinear_exploration,"Session P1 = Task Part 1, NOT progressive cue stage"
790,1,1,13,790_T1_P1_R1,Curvilinear exploration (Group4 end),19920,21720,1800,15.0,7,False,early_mid_late_thirds_only,high,True,Group4_curvilinear_exploration,"Session P1 = Task Part 1, NOT progressive cue stage"
790,1,2,9,790_T1_P1_R2,Curvilinear exploration (Group4 start),15000,15960,960,8.0,4,False,early_mid_late_thirds_only,high,True,Group4_curvilinear_exploration,"Session P1 = Task Part 1, NOT progressive cue stage"
790,1,2,10,790_T1_P1_R2,Curvilinear exploration (Group4),16080,17400,1320,11.0,5,False,early_mid_late_thirds_only,high,True,Group4_curvilinear_exploration,"Session P1 = Task Part 1, NOT progressive cue stage"
790,1,2,11,790_T1_P1_R2,Curvilinear exploration (Group4; breakdown exercise),17520,18840,1320,11.0,5,False,early_mid_late_thirds_only,high,True,Group4_curvilinear_exploration,"Session P1 = Task Part 1, NOT progressive cue stage"
790,1,2,12,790_T1_P1_R2,Curvilinear exploration (Group4),18960,20160,1200,10.0,5,False,early_mid_late_thirds_only,high,True,Group4_curvilinear_exploration,"Session P1 = Task Part 1, NOT progressive cue stage"
790,1,2,13,790_T1_P1_R2,Curvilinear exploration (Group4 end),20280,22080,1800,15.0,7,False,early_mid_late_thirds_only,high,True,Group4_curvilinear_exploration,"Session P1 = Task Part 1, NOT progressive cue stage"
790,2,1,9,790_T2_P1_R1,Curvilinear exploration (Group4 start),15120,16440,1320,11.0,5,False,early_mid_late_thirds_only,high,True,Group4_curvilinear_exploration,"Session P1 = Task Part 1, NOT progressive cue stage"
790,2,1,10,790_T2_P1_R1,Curvilinear exploration (Group4),16560,17760,1200,10.0,5,False,early_mid_late_thirds_only,high,True,Group4_curvilinear_exploration,"Session P1 = Task Part 1, NOT progressive cue stage"
790,2,1,11,790_T2_P1_R1,Curvilinear exploration (Group4; breakdown exercise),17880,18960,1080,9.0,4,False,early_mid_late_thirds_only,high,True,Group4_curvilinear_exploration,"Session P1 = Task Part 1, NOT progressive cue stage"
790,2,1,12,790_T2_P1_R1,Curvilinear exploration (Group4),19080,20040,960,8.0,4,False,early_mid_late_thirds_only,high,True,Group4_curvilinear_exploration,"Session P1 = Task Part 1, NOT progressive cue stage"
790,2,1,13,790_T2_P1_R1,Curvilinear exploration (Group4 end),20160,21960,1800,15.0,7,False,early_mid_late_thirds_only,high,True,Group4_curvilinear_exploration,"Session P1 = Task Part 1, NOT progressive cue stage"
790,2,2,9,790_T2_P1_R2,Curvilinear exploration (Group4 start),14640,15720,1080,9.0,4,False,early_mid_late_thirds_only,high,True,Group4_curvilinear_exploration,"Session P1 = Task Part 1, NOT progressive cue stage"
790,2,2,10,790_T2_P1_R2,Curvilinear exploration (Group4),15840,17040,1200,10.0,5,False,early_mid_late_thirds_only,high,True,Group4_curvilinear_exploration,"Session P1 = Task Part 1, NOT progressive cue stage"
790,2,2,11,790_T2_P1_R2,Curvilinear exploration (Group4; breakdown exercise),17160,18360,1200,10.0,5,False,early_mid_late_thirds_only,high,True,Group4_curvilinear_exploration,"Session P1 = Task Part 1, NOT progressive cue stage"
790,2,2,12,790_T2_P1_R2,Curvilinear exploration (Group4),18480,19440,960,8.0,4,False,early_mid_late_thirds_only,high,True,Group4_curvilinear_exploration,"Session P1 = Task Part 1, NOT progressive cue stage"
790,2,2,13,790_T2_P1_R2,Curvilinear exploration (Group4 end),19560,21600,2040,17.0,8,False,early_mid_late_thirds_only,high,True,Group4_curvilinear_exploration,"Session P1 = Task Part 1, NOT progressive cue stage"
790,3,1,9,790_T3_P1_R1,Curvilinear exploration (Group4 start),15000,16080,1080,9.0,4,False,early_mid_late_thirds_only,high,True,Group4_curvilinear_exploration,"Session P1 = Task Part 1, NOT progressive cue stage"
790,3,1,10,790_T3_P1_R1,Curvilinear exploration (Group4),16200,17400,1200,10.0,5,False,early_mid_late_thirds_only,high,True,Group4_curvilinear_exploration,"Session P1 = Task Part 1, NOT progressive cue stage"
790,3,1,11,790_T3_P1_R1,Curvilinear exploration (Group4; breakdown exercise),17520,18840,1320,11.0,5,False,early_mid_late_thirds_only,high,True,Group4_curvilinear_exploration,"Session P1 = Task Part 1, NOT progressive cue stage"
790,3,1,12,790_T3_P1_R1,Curvilinear exploration (Group4),18960,19920,960,8.0,4,False,early_mid_late_thirds_only,high,True,Group4_curvilinear_exploration,"Session P1 = Task Part 1, NOT progressive cue stage"
790,3,1,13,790_T3_P1_R1,Curvilinear exploration (Group4 end),20040,22320,2280,19.0,9,False,early_mid_late_thirds_only,high,True,Group4_curvilinear_exploration,"Session P1 = Task Part 1, NOT progressive cue stage"
790,3,2,9,790_T3_P1_R2,Curvilinear exploration (Group4 start),15000,16080,1080,9.0,4,False,early_mid_late_thirds_only,high,True,Group4_curvilinear_exploration,"Session P1 = Task Part 1, NOT progressive cue stage"
790,3,2,10,790_T3_P1_R2,Curvilinear exploration (Group4),16200,17400,1200,10.0,5,False,early_mid_late_thirds_only,high,True,Group4_curvilinear_exploration,"Session P1 = Task Part 1, NOT progressive cue stage"
790,3,2,11,790_T3_P1_R2,Curvilinear exploration (Group4; breakdown exercise),17520,18840,1320,11.0,5,False,early_mid_late_thirds_only,high,True,Group4_curvilinear_exploration,"Session P1 = Task Part 1, NOT progressive cue stage"
790,3,2,12,790_T3_P1_R2,Curvilinear exploration (Group4),18960,20160,1200,10.0,5,False,early_mid_late_thirds_only,high,True,Group4_curvilinear_exploration,"Session P1 = Task Part 1, NOT progressive cue stage"
790,3,2,13,790_T3_P1_R2,Curvilinear exploration (Group4 end),20280,21840,1560,13.0,6,False,early_mid_late_thirds_only,high,True,Group4_curvilinear_exploration,"Session P1 = Task Part 1, NOT progressive cue stage"
