participant,method,k,ari_vs_exercise,ari_seed0_vs_seed1,silhouette
252,kmeans,3,0.09475835888450869,0.21137867905928742,0.3783380843225721
252,kmeans,4,0.10464465584778959,0.1341991341991342,0.27680059833127046
252,kmeans,5,0.17695473251028807,0.25197691814490275,0.2870806425192462
651,kmeans,3,0.10962164870959659,0.20394919296688668,0.2402589231518073
651,kmeans,4,0.08792141644433665,0.15124179943767574,0.21396912650391375
651,kmeans,5,0.18085106382978725,0.13227513227513227,0.24030406282856767
671,kmeans,3,0.15691041705629324,0.24400469562300856,0.2941515367277832
671,kmeans,4,0.12444650056176063,0.08777728341702155,0.2686116188515819
671,kmeans,5,0.20329075557479975,0.1965065502183406,0.25418005720808545
790,kmeans,3,-0.0033940583532683145,0.13346729008076047,0.2793925879734283
790,kmeans,4,0.033135002051702916,0.33771767321230084,0.31378635147686124
790,kmeans,5,0.07650654085352777,0.2343438527454889,0.3078557775707455
