participant,within_ex_mean_dist,between_ex_mean_dist,ratio_between_over_within,seed_pair,mean_nn_overlap,n
252,6.21382240775797,8.072874344391648,1.2991800883000209,,,
252,,,,0-1,0.6080000000000001,25.0
252,,,,0-2,0.64,25.0
651,6.368846448596166,7.7745759751611,1.2207196449012816,,,
651,,,,0-1,0.4916666666666667,24.0
651,,,,0-2,0.5333333333333333,24.0
671,5.892899386401623,7.930400278958215,1.3457552486401352,,,
671,,,,0-1,0.45,24.0
671,,,,0-2,0.4583333333333333,24.0
790,7.141217804510914,7.590438722910425,1.0629053658209038,,,
790,,,,0-1,0.48461538461538467,26.0
790,,,,0-2,0.4769230769230769,26.0
