fold,seed,participant,delta,exercise_id,third,reliable,norm_delta,drep_later,ratio_vs_drep,exceeds_drep
A,0,252,D12,9,early,True,1.146946536647632,3.548972879102626,0.32317703620706245,False
A,0,252,D12,9,middle,True,1.3986292505638211,3.917811949028579,0.356992440872669,False
A,0,252,D12,9,late,True,1.7927884587371254,3.814492376682695,0.469993981295157,False
A,0,252,D12,10,early,True,1.4016002828007084,3.1230245074660092,0.44879580017703824,False
A,0,252,D12,10,middle,True,1.8406877994663962,3.383321003738383,0.5440476376413996,False
A,0,252,D12,10,late,True,5.020782611597576,4.2901623168597744,1.1703013174738306,True
A,0,252,D12,11,early,True,2.4526686753544418,3.658999047270443,0.6703113730472532,False
A,0,252,D12,11,middle,True,1.8329988766467322,3.4021762697950564,0.5387724595343057,False
A,0,252,D12,11,late,True,3.629745416236908,4.756659010237276,0.7630871602158099,False
A,0,252,D12,12,early,True,4.98404871413204,4.02370520814575,1.2386714374706507,True
A,0,252,D12,12,middle,True,3.646394131156484,4.1714345104834605,0.874134334841535,False
A,0,252,D12,12,late,True,4.3824475715243105,2.6988525293871044,1.6238188355254601,True
A,0,252,D12,13,early,True,4.2728002126745634,2.768029633543758,1.543625169649766,True
A,0,252,D12,13,middle,True,1.8076056796610638,3.3336163866277446,0.5422356594213952,False
A,0,252,D12,13,late,True,1.2066432010172516,4.097519628547507,0.2944813717573292,False
A,0,252,D13,9,early,True,3.4750709381834795,2.1793130077953524,1.5945717415319556,True
A,0,252,D13,9,middle,True,2.379327095424404,0.999813215621636,2.37977159958328,True
A,0,252,D13,9,late,True,1.4394554905088408,1.00911847105018,1.4264484615080064,True
A,0,252,D13,10,early,True,3.137332393024733,0.9360653401786995,3.351616877969011,True
A,0,252,D13,10,middle,True,2.2967073324136194,3.4998736384779052,0.6562257868865394,False
A,0,252,D13,10,late,True,3.8514341491498296,1.503049087171283,2.5624140834935565,True
A,0,252,D13,11,early,True,3.569976339729767,1.5284245613860246,2.335722959393166,True
A,0,252,D13,11,middle,True,1.644855332665746,1.2395384989498912,1.326990112900269,True
A,0,252,D13,11,late,True,2.332413127590666,3.3099654911632204,0.7046638805805152,False
A,0,252,D13,12,early,True,1.7474784957205398,3.137363474041858,0.5569894945800677,False
A,0,252,D13,12,middle,True,3.4474815684581905,1.9285206592161699,1.7876300945924992,True
A,0,252,D13,12,late,True,4.166718238814243,2.168408972973438,1.9215555233110002,True
A,0,252,D13,13,early,True,2.2670980706419286,2.1747577097168693,1.0424600683158773,True
A,0,252,D13,13,middle,True,1.9025933057081321,1.045218404919127,1.8202830114298874,True
A,0,252,D13,13,late,True,4.759086785577218,3.993023230766311,1.1918505128916794,True
A,0,651,D12,9,early,True,2.9377541381750305,1.8249969538832749,1.6097309817005463,True
A,0,651,D12,9,middle,True,1.4619329174149922,1.178519448916954,1.2404826401112787,True
A,0,651,D12,9,late,True,1.3129827550933286,0.8518096453377196,1.541403953664749,True
A,0,651,D12,10,early,True,3.257930928252225,3.8071734327421725,0.8557348347289901,False
A,0,651,D12,10,middle,True,5.222664006027606,1.7552982796681809,2.9753712326402386,True
A,0,651,D12,10,late,True,1.774317893983175,0.8033349132626314,2.20869012996962,True
A,0,651,D12,11,early,True,2.6448132028148734,1.948371875670734,1.357447844449298,True
A,0,651,D12,11,middle,True,3.611734451828869,1.7309965083484213,2.086505914026885,True
A,0,651,D12,11,late,True,2.6199074768903357,4.538450289186482,0.5772691799957899,False
A,0,651,D12,12,early,True,2.3606360266351705,3.815204143567958,0.61874435490299,False
A,0,651,D12,12,middle,True,3.3724114446338476,3.131279418713423,1.0770075083300936,True
A,0,651,D12,12,late,True,1.8607718949024108,1.7845666730937582,1.0427023674472984,True
A,0,651,D12,13,early,True,3.528569016388234,3.158925552500057,1.1170155667630823,True
A,0,651,D12,13,middle,True,4.775591590413725,3.0320782820243264,1.5750225245587544,True
A,0,651,D12,13,late,True,4.507404596324117,2.455122197808518,1.8359186358819535,True
A,0,651,D13,9,early,True,2.3870577728574935,1.2881128631576466,1.8531433394787487,True
A,0,651,D13,9,middle,True,2.6171940686784905,1.7865086001044412,1.4649770331502947,True
A,0,651,D13,9,late,True,3.2141519606737794,1.6446145407058546,1.954349716070425,True
A,0,651,D13,10,early,True,1.6221496313737767,1.4139808150211117,1.147221811032533,True
A,0,651,D13,10,middle,True,1.67287827737795,0.6510752951011681,2.5694083156972,True
A,0,651,D13,10,late,True,1.3890606019261107,1.2872528835154016,1.0790891360310486,True
A,0,651,D13,11,early,True,1.816564870870499,1.0727933368556266,1.6933036480212282,True
A,0,651,D13,11,middle,True,2.365416724907369,1.7391959524352087,1.3600633796297252,True
A,0,651,D13,11,late,True,2.6569357433001226,1.855413556683612,1.4319911233424212,True
A,0,651,D13,12,early,True,3.6045161580118106,4.0368935150168275,0.8928935441579973,False
A,0,651,D13,12,middle,True,3.401480900902822,3.190617220075774,1.0660886801150156,True
A,0,651,D13,12,late,True,2.1930378810781415,1.5263259130315003,1.4368083922014114,True
A,0,651,D13,13,early,True,2.8149468831219284,1.2965395450413548,2.1711230435567948,True
A,0,651,D13,13,middle,True,2.4999403946047853,3.1550580834840245,0.7923595472588527,False
A,0,651,D13,13,late,True,3.0814055373404914,2.371148249202744,1.2995414936103462,True
A,0,671,D12,9,early,True,2.340819259773181,4.2293175626249235,0.5534744613313816,False
A,0,671,D12,9,middle,True,2.4322700343235018,3.2602400194620937,0.746040174896326,False
A,0,671,D12,9,late,True,4.194064295022103,2.026862075072158,2.0692401059765206,True
A,0,671,D12,10,early,True,4.905316705086801,4.7376085518532065,1.0353993267696193,True
A,0,671,D12,10,middle,True,1.5496617705234301,4.385850119728979,0.35333213133584934,False
A,0,671,D12,10,late,True,4.43738974129825,5.535257349875198,0.8016591570757408,False
A,0,671,D12,11,early,True,2.085051678450178,3.8279016105063306,0.5446983466678968,False
A,0,671,D12,11,middle,True,9.176822434024603,6.772664383182843,1.354979652736301,True
A,0,671,D12,11,late,True,2.7476879768901834,3.3507141774413784,0.8200305461411607,False
A,0,671,D12,12,early,True,1.7897932017078977,2.3681411761361097,0.7557797734965057,False
A,0,671,D12,12,middle,True,2.4072572288948395,4.246000092005315,0.5669470505729387,False
A,0,671,D12,12,late,True,3.931664697539555,1.4305710713098208,2.748318329923833,True
A,0,671,D12,13,early,True,3.7352265518270333,3.0696322070728206,1.2168319524471365,True
A,0,671,D12,13,middle,True,2.1749060478984203,1.0305758917612393,2.1103793182873094,True
A,0,671,D12,13,late,True,6.6519209481462465,2.659905880395384,2.500810647915657,True
A,0,671,D13,9,early,False,4.299833524177653,2.360095592153302,1.8218895617929505,True
A,0,671,D13,9,middle,False,3.919430358628043,3.3817590191465476,1.1589916183966258,True
A,0,671,D13,9,late,False,6.482086493925841,4.129474502830556,1.5697121969109347,True
A,0,671,D13,10,early,False,7.6465985299199675,3.4682796082152962,2.204723780576257,True
A,0,671,D13,10,middle,False,3.9705985522689877,2.175398263890919,1.8252283355081715,True
A,0,671,D13,10,late,False,5.158594312347844,2.9670508877888206,1.7386268410759413,True
A,0,671,D13,11,early,False,6.016763566877856,1.9117685216116609,3.147223891836862,True
A,0,671,D13,11,middle,False,5.333822017910057,4.591741648921694,1.1616119602814827,True
A,0,671,D13,11,late,False,3.2001172109825866,4.5757410306073645,0.6993658927760202,False
A,0,671,D13,12,early,False,3.6955787394433317,4.916308369065708,0.7516979127461928,False
A,0,671,D13,12,middle,False,4.075354221303359,2.7166544335403673,1.5001371433142943,True
A,0,671,D13,12,late,False,4.553936358605212,2.1598676921701347,2.1084330188899805,True
A,0,671,D13,13,early,False,5.230672560982279,2.5895306774957336,2.019930718117896,True
A,0,671,D13,13,middle,False,4.49717359635653,4.285626869332889,1.0493619098147409,True
A,0,671,D13,13,late,False,5.98309888186839,2.65334958700113,2.2549229514195344,True
A,0,790,D12,9,early,True,1.8461246974444276,4.070368887206176,0.45355218374607137,False
A,0,790,D12,9,middle,True,2.7005855568287727,2.099895099643655,1.2860573641450244,True
A,0,790,D12,9,late,True,2.839613049631104,1.9483384034148457,1.4574537178213622,True
A,0,790,D12,10,early,True,1.8200272535474402,1.3848126915700445,1.3142768438119723,True
A,0,790,D12,10,middle,True,3.170968082851422,2.1543027233942036,1.4719231649372913,True
A,0,790,D12,10,late,True,2.4622410007090125,2.020166728970655,1.2188305872969256,True
A,0,790,D12,11,early,True,5.561422248583232,3.1979963456864318,1.739033334445385,True
A,0,790,D12,11,middle,True,1.2452214276713698,2.698261638971852,0.46149024604813715,False
A,0,790,D12,11,late,True,3.6035507225158394,0.8573239723836089,4.203254357272812,True
A,0,790,D12,12,early,True,4.608044636549225,0.8111377546764784,5.680964312143429,True
A,0,790,D12,12,middle,True,2.9935860298491086,3.249400280459803,0.9212733955403932,False
A,0,790,D12,12,late,True,3.5677587824780512,2.401571304467712,1.4855935261388438,True
A,0,790,D12,13,early,True,2.371519745449042,2.084975026184858,1.1374331661844945,True
A,0,790,D12,13,middle,True,3.0427772458931925,3.408930225496376,0.8925900633387509,False
A,0,790,D12,13,late,True,2.49130679292248,0.9081254970906236,2.7433507823576364,True
A,0,790,D13,9,early,True,1.9287536964352856,4.480590394421811,0.4304686495861173,False
A,0,790,D13,9,middle,True,1.322593337749703,3.2590481479490148,0.405821969393744,False
A,0,790,D13,9,late,True,2.258321849284759,6.082848333283536,0.3712605880583762,False
A,0,790,D13,10,early,True,2.0575997422574295,7.44676519557504,0.27630785827382887,False
A,0,790,D13,10,middle,True,3.6120489301218073,2.09606036089054,1.723256160708644,True
A,0,790,D13,10,late,True,2.5001074047931624,1.5707856472910127,1.5916286280721141,True
A,0,790,D13,11,early,True,12.815251890122397,3.525944886571971,3.63455819713103,True
A,0,790,D13,11,middle,True,5.008662588431189,2.9669815040590723,1.6881340788875598,True
A,0,790,D13,11,late,True,9.455362745724916,3.3028519803032217,2.862787312938213,True
A,0,790,D13,12,early,True,1.6065811430495547,3.215802670825301,0.4995894672347053,False
A,0,790,D13,12,middle,True,6.063994459213044,3.7930457326505356,1.5987137742669915,True
A,0,790,D13,12,late,True,1.7415814419215851,2.664807317388538,0.6535487314813827,False
A,0,790,D13,13,early,True,2.5698176620537563,1.3318241427842918,1.9295472874379147,True
A,0,790,D13,13,middle,True,5.303974507969162,1.8186956993639298,2.9163617145101144,True
A,0,790,D13,13,late,True,4.075502398105504,1.99295033700872,2.044959336128039,True
A,1,252,D12,9,early,True,0.8659867472402824,2.207736203670347,0.392251006166672,False
A,1,252,D12,9,middle,True,1.1074774224910526,1.224024829711569,0.90478346158388,False
A,1,252,D12,9,late,True,1.0847918321753853,1.2653774211935027,0.857287172986073,False
A,1,252,D12,10,early,True,1.130798193292481,1.6394084028637406,0.6897599105367447,False
A,1,252,D12,10,middle,True,1.4931219447690776,2.0171502113946533,0.740213562844552,False
A,1,252,D12,10,late,True,3.1696565959191845,1.9610222308800187,1.616328742227866,True
A,1,252,D12,11,early,True,2.5879707530898672,2.38754137183856,1.0839480243632234,True
A,1,252,D12,11,middle,True,2.2020631043648846,2.242846325639014,0.9818163104587605,False
A,1,252,D12,11,late,True,1.7085275649401297,1.611776355144609,1.06002768900704,True
A,1,252,D12,12,early,True,2.0694775105364616,1.7558000437971046,1.1786521579421971,True
A,1,252,D12,12,middle,True,2.6250499976865695,1.583148653209686,1.6581197175417015,True
A,1,252,D12,12,late,True,2.3110717214732417,1.9235206625253838,1.201480060234468,True
A,1,252,D12,13,early,True,3.027764239797453,2.6117535035478814,1.159284073203865,True
A,1,252,D12,13,middle,True,1.0671769382655274,1.9234233630139614,0.5548320555872239,False
A,1,252,D12,13,late,True,0.6601649648665745,1.580075420934225,0.41780598325885593,False
A,1,252,D13,9,early,True,1.7058372241520854,1.4492679780794517,1.1770336817988867,True
A,1,252,D13,9,middle,True,1.8076650679319224,1.2536946434982545,1.4418702969711135,True
A,1,252,D13,9,late,True,2.6530250791711603,1.1623105905805147,2.2825440124795815,True
A,1,252,D13,10,early,True,2.6227815717220784,0.832228916031233,3.1515145907567184,True
A,1,252,D13,10,middle,True,2.3701574112107937,1.9747193926140016,1.2002502330588538,True
A,1,252,D13,10,late,True,2.3195062271600126,1.076588804800022,2.1544959568763713,True
A,1,252,D13,11,early,True,2.207113191549094,2.180650631359885,1.012135167279275,True
A,1,252,D13,11,middle,True,1.1399535626668449,1.773951237431522,0.642607045003879,False
A,1,252,D13,11,late,True,1.643664410087193,3.9849010509602345,0.41247308002569405,False
A,1,252,D13,12,early,True,1.0854964498962971,2.197949043238152,0.49386788708125723,False
A,1,252,D13,12,middle,True,3.6948472986806546,2.42427088953449,1.5241066147480498,True
A,1,252,D13,12,late,True,2.2550637517137724,1.1159656725544627,2.0207286005060503,True
A,1,252,D13,13,early,True,0.8059195892891444,1.382274032335331,0.5830389419437733,False
A,1,252,D13,13,middle,True,1.4256813827406865,1.2909894346218902,1.1043323396045028,True
A,1,252,D13,13,late,True,2.0127879403188866,2.0113346858671233,1.0007225323870637,True
A,1,651,D12,9,early,False,3.07954648051516,0.7038419091634307,4.375338325868423,True
A,1,651,D12,9,middle,False,1.0798162864041245,0.9670315536505915,1.1166298372868653,True
A,1,651,D12,9,late,False,1.309489597479161,0.9630893518559885,1.3596761245004085,True
A,1,651,D12,10,early,False,3.8581733915404337,2.025914758539606,1.9044105262955997,True
A,1,651,D12,10,middle,False,5.572736491467055,1.1230154342599035,4.962297330436633,True
A,1,651,D12,10,late,False,2.017010861869963,0.3802947205652926,5.303809789606751,True
A,1,651,D12,11,early,False,1.8431041464094804,1.3885473895131075,1.3273613564285787,True
A,1,651,D12,11,middle,False,2.2553082049363966,0.9964644156636357,2.2633103294856576,True
A,1,651,D12,11,late,False,2.924192086414563,1.8677923164685568,1.5655873839032308,True
A,1,651,D12,12,early,False,2.270593154521269,3.258140605432227,0.6968984551297628,False
A,1,651,D12,12,middle,False,1.3611365565895641,2.1552024210660514,0.6315585688309918,False
A,1,651,D12,12,late,False,2.2324545485368623,1.2585768122119505,1.7737928482992789,True
A,1,651,D12,13,early,False,3.95296212156151,1.5863249112948352,2.491899416957974,True
A,1,651,D12,13,middle,False,3.869390838224326,0.7965798116962537,4.8575055272675876,True
A,1,651,D12,13,late,False,2.49191343204675,0.694106716470904,3.5901013099492283,True
A,1,651,D13,9,early,False,1.4622954603056115,0.3873945125355234,3.7746932725886806,True
A,1,651,D13,9,middle,False,1.59326213775676,1.2421161516574575,1.2826997987513,True
A,1,651,D13,9,late,False,1.6607123883828514,1.5591937372573599,1.065109709396386,True
A,1,651,D13,10,early,False,1.4051928702080834,0.8190625557509804,1.7156111707727781,True
A,1,651,D13,10,middle,False,1.6089330579993815,1.0101438882948546,1.5927761150100075,True
A,1,651,D13,10,late,False,0.9991442427174387,1.0067124254656563,0.9924822793910417,False
A,1,651,D13,11,early,False,1.4390522679327469,1.1375104028633585,1.2650893251704272,True
A,1,651,D13,11,middle,False,1.6450643854312579,0.43154417792718747,3.8120416624154347,True
A,1,651,D13,11,late,False,2.58022629992606,1.8667795381707535,1.3821805131067642,True
A,1,651,D13,12,early,False,1.7543907323297543,2.2703583135179914,0.7727373788903262,False
A,1,651,D13,12,middle,False,2.079415283780149,1.9599899939539702,1.0609315813828504,True
A,1,651,D13,12,late,False,0.5621357368767407,0.6782042720277239,0.8288590326864845,False
A,1,651,D13,13,early,False,1.1352902104157547,0.779503092928018,1.4564281023585257,True
A,1,651,D13,13,middle,False,1.5050635935193455,0.8825159556521418,1.705423662745188,True
A,1,651,D13,13,late,False,2.4795155912321953,2.116946794214072,1.1712696785810004,True
A,1,671,D12,9,early,True,1.9125827620437894,1.796531460421644,1.0645974224102417,True
A,1,671,D12,9,middle,True,2.220562676871025,2.1601344381633867,1.027974295321645,True
A,1,671,D12,9,late,True,2.1969342216617638,1.6796316312016761,1.3079857397600856,True
A,1,671,D12,10,early,True,2.806878114947223,1.413375777729024,1.9859390256830658,True
A,1,671,D12,10,middle,True,2.0301128753506403,1.5431828095872722,1.315536216926625,True
A,1,671,D12,10,late,True,2.2119632972877845,1.3806530483081678,1.6021137967994872,True
A,1,671,D12,11,early,True,1.6282352183345938,1.2793857598766334,1.2726694867164996,True
A,1,671,D12,11,middle,True,4.684823595946795,1.9013820482576347,2.4639044006120794,True
A,1,671,D12,11,late,True,1.383331436585091,2.030849704451311,0.6811589422659101,False
A,1,671,D12,12,early,True,1.8963274012520948,0.9553217805493679,1.9850143060295262,True
A,1,671,D12,12,middle,True,4.169254725751236,2.9750703886343652,1.4013970028000016,True
A,1,671,D12,12,late,True,2.6135579033182053,0.9417128994636066,2.7753234609049855,True
A,1,671,D12,13,early,True,1.3456826462240896,1.37092564105739,0.9815868971464925,False
A,1,671,D12,13,middle,True,2.8224808996533444,0.9400957753170559,3.002333351302889,True
A,1,671,D12,13,late,True,3.4965472013058028,2.644800490233082,1.3220457324543438,True
A,1,671,D13,9,early,False,5.369804379433505,3.04030843038589,1.7662038251664962,True
A,1,671,D13,9,middle,False,3.996959050393984,1.5284912197576082,2.6149702391014267,True
A,1,671,D13,9,late,False,5.725281423911224,2.0110979478734077,2.846843650735808,True
A,1,671,D13,10,early,False,2.5870281326420095,1.832122732701946,1.4120386622935228,True
A,1,671,D13,10,middle,False,2.238245045775422,1.2292909746074743,1.8207609849979722,True
A,1,671,D13,10,late,False,1.1043901522232107,1.6278518556185848,0.6784340653674175,False
A,1,671,D13,11,early,False,2.8955812447359977,1.8156967927902163,1.5947493305235738,True
A,1,671,D13,11,middle,False,2.7070545178072924,1.3670762684186948,1.9801781219847803,True
A,1,671,D13,11,late,False,2.4657516753995457,1.6455679802181729,1.498419819199831,True
A,1,671,D13,12,early,False,1.9999741382486442,2.093354448089616,0.9553920216778434,False
A,1,671,D13,12,middle,False,4.048612366717462,1.9521421897619398,2.07393313250977,True
A,1,671,D13,12,late,False,3.268911954548809,1.9887086233462852,1.6437359984130806,True
A,1,671,D13,13,early,False,2.5179799114755346,1.813147788129802,1.3887339619859351,True
A,1,671,D13,13,middle,False,2.697256973629981,1.7720591442860398,1.5221032448760068,True
A,1,671,D13,13,late,False,2.5824373633697975,3.185814565530904,0.8106050462919658,False
A,1,790,D12,9,early,True,1.5146844126040622,1.160120060335782,1.305627291856031,True
A,1,790,D12,9,middle,True,1.4969022729895942,1.1645148001845878,1.2854300114969082,True
A,1,790,D12,9,late,True,2.342759632045255,1.6243219470421015,1.4423000540695963,True
A,1,790,D12,10,early,True,2.0525509602595324,1.8348630349661594,1.1186398772796617,True
A,1,790,D12,10,middle,True,3.0626732503017102,1.5345331599538696,1.9958338667596982,True
A,1,790,D12,10,late,True,0.7649034563042306,1.5530968543306822,0.49250209616442175,False
A,1,790,D12,11,early,True,2.845858284554182,1.523624286366955,1.8678215554965076,True
A,1,790,D12,11,middle,True,1.9770480731955498,1.5656649259606783,1.2627529942158284,True
A,1,790,D12,11,late,True,2.472590081528406,1.6404885331519994,1.5072278967885406,True
A,1,790,D12,12,early,True,1.464979784858252,0.5539438395784719,2.6446359363307304,True
A,1,790,D12,12,middle,True,2.716032058923497,1.0678088991762826,2.543556305832128,True
A,1,790,D12,12,late,True,1.8720796483092348,0.8095138855430098,2.3125973275349954,True
A,1,790,D12,13,early,True,4.029218192471447,2.677234228523537,1.5049927830533951,True
A,1,790,D12,13,middle,True,2.8271052293716776,1.0157594147328903,2.7832429494292295,True
A,1,790,D12,13,late,True,1.7522609284038757,0.7657871817351324,2.2881826311503097,True
A,1,790,D13,9,early,True,2.3208342918532194,2.5435959282476133,0.9124225534722162,False
A,1,790,D13,9,middle,True,1.7643196247027577,3.3129730729125138,0.5325487367006283,False
A,1,790,D13,9,late,True,0.7472624533525685,3.7661843649555875,0.198413667770983,False
A,1,790,D13,10,early,True,2.257758965346318,3.8054283168416867,0.593299565085526,False
A,1,790,D13,10,middle,True,2.3967208105921096,1.2485763332873072,1.9195629027197052,True
A,1,790,D13,10,late,True,1.6607286035771915,1.1227278053022203,1.4791907671068592,True
A,1,790,D13,11,early,True,4.182457073807467,1.4554023929988382,2.873746184510228,True
A,1,790,D13,11,middle,True,2.6376142484692284,1.16258159780749,2.2687562347825727,True
A,1,790,D13,11,late,True,5.139590267420455,2.0774591919145107,2.473978929369003,True
A,1,790,D13,12,early,True,1.5879210802350532,2.0471121662686316,0.7756883606087067,False
A,1,790,D13,12,middle,True,4.424813243645482,3.418833635183455,1.2942464348394789,True
A,1,790,D13,12,late,True,0.7296878990209728,1.9202248077481114,0.3800012873892059,False
A,1,790,D13,13,early,True,3.39722035511271,1.0161776056383185,3.343136412634014,True
A,1,790,D13,13,middle,True,2.6341049267990946,1.540882548748692,1.7094780708225805,True
A,1,790,D13,13,late,True,2.4205913093442493,0.8292074621106843,2.9191624773646137,True
A,2,252,D12,9,early,True,1.076373323474483,1.6995273600089307,0.6333368610604933,False
A,2,252,D12,9,middle,True,0.8474118798245055,1.1131231399468984,0.7612921243061495,False
A,2,252,D12,9,late,True,1.0267224153445336,1.3300363818556344,0.7719506243220771,False
A,2,252,D12,10,early,True,1.133034254999961,1.3952994734896214,0.8120366104390914,False
A,2,252,D12,10,middle,True,1.6421875077357333,1.5804884456719268,1.0390379709720534,True
A,2,252,D12,10,late,True,3.664500044407006,3.24104191533915,1.1306549375568764,True
A,2,252,D12,11,early,True,2.8601894670726415,2.787404358620442,1.0261121455977857,True
A,2,252,D12,11,middle,True,2.3496019606374414,3.022882744666965,0.7772719483687086,False
A,2,252,D12,11,late,True,2.2556981461212087,2.4615310870715694,0.9163801172240178,False
A,2,252,D12,12,early,True,2.195643983130817,2.0548812154931437,1.0685016567266115,True
A,2,252,D12,12,middle,True,2.9828991360827257,2.9474132032592264,1.0120396871345556,True
A,2,252,D12,12,late,True,3.374545997391034,2.7183927621726633,1.2413754349073323,True
A,2,252,D12,13,early,True,3.1789158989207302,2.5227202751250375,1.2601143021150725,True
A,2,252,D12,13,middle,True,1.7355324706762252,2.5793667529675677,0.6728521520561165,False
A,2,252,D12,13,late,True,0.9913766080243318,2.0237157322151322,0.48987937991626135,False
A,2,252,D13,9,early,True,2.6893608737054944,1.495086120780438,1.7987999730086737,True
A,2,252,D13,9,middle,True,2.244394337334861,1.407589520435017,1.5944949182636914,True
A,2,252,D13,9,late,True,1.9351081463826105,0.8396694741689076,2.304606998245294,True
A,2,252,D13,10,early,True,1.857538231885387,1.0301843687153212,1.8031124217132195,True
A,2,252,D13,10,middle,True,2.364272121528316,2.711281337873939,0.8720128333794634,False
A,2,252,D13,10,late,True,3.3521423389035263,1.2939502099827755,2.5906269909320145,True
A,2,252,D13,11,early,True,2.668367178733992,2.3177449540881034,1.15127731117587,True
A,2,252,D13,11,middle,True,1.2672344610416497,1.1241760483644176,1.127256236143236,True
A,2,252,D13,11,late,True,1.9572092599619886,2.720054526561073,0.7195478034907119,False
A,2,252,D13,12,early,True,1.0320493449471881,1.954318222916468,0.5280866405712783,False
A,2,252,D13,12,middle,True,2.5020371059322626,1.5439959519070545,1.620494602231237,True
A,2,252,D13,12,late,True,2.762947565859568,1.5107297575045207,1.8288827317623684,True
A,2,252,D13,13,early,True,1.5673877890604215,2.226503183664259,0.7039683574495946,False
A,2,252,D13,13,middle,True,2.3425023098627302,1.8293864322730105,1.2804852318447415,True
A,2,252,D13,13,late,True,2.7206491618117425,2.258372740487629,1.204694474493302,True
A,2,651,D12,9,early,True,2.136603966539493,0.806765250370518,2.648358944015286,True
A,2,651,D12,9,middle,True,1.3057849430299289,1.1649767719402744,1.1208677928016864,True
A,2,651,D12,9,late,True,1.074915263719207,0.3814693738843733,2.8178284740756756,True
A,2,651,D12,10,early,True,2.403295777232956,1.4182698405772787,1.6945264634935353,True
A,2,651,D12,10,middle,True,3.6658290821908213,0.8209081542548051,4.465577620578696,True
A,2,651,D12,10,late,True,1.7559257343008488,0.3437894478015169,5.107561461033014,True
A,2,651,D12,11,early,True,1.7487865643991356,1.0354926062875733,1.6888450518916296,True
A,2,651,D12,11,middle,True,2.2115579875051714,0.8111005918880291,2.726613701954335,True
A,2,651,D12,11,late,True,1.611232677852706,1.9780318578613234,0.8145635629927589,False
A,2,651,D12,12,early,True,1.6577468121583503,2.089043805738046,0.793543346293152,False
A,2,651,D12,12,middle,True,1.9585023161307162,2.3012968998845413,0.8510428690139793,False
A,2,651,D12,12,late,True,1.9138408280335384,0.8617853640438805,2.220785949593,True
A,2,651,D12,13,early,True,2.7732320332694154,1.4959727920207815,1.85379844343512,True
A,2,651,D12,13,middle,True,3.273499714772377,0.9673151223138403,3.3841089002538176,True
A,2,651,D12,13,late,True,2.357158360471909,0.6475404852936361,3.6401714085923498,True
A,2,651,D13,9,early,True,2.2010241682555063,0.4792215046846182,4.592916108186815,True
A,2,651,D13,9,middle,True,1.8216130391810006,1.3026045000147988,1.3984390804425328,True
A,2,651,D13,9,late,True,1.7395097998397544,0.9904108111658932,1.756351788801695,True
A,2,651,D13,10,early,True,1.3646010847228567,1.0273865918302563,1.328225514693416,True
A,2,651,D13,10,middle,True,1.486527779783887,0.668814215630433,2.2226318535748626,True
A,2,651,D13,10,late,True,1.1420916800529395,0.8347172944278338,1.3682377107518766,True
A,2,651,D13,11,early,True,1.854099372213344,1.1382118417653246,1.6289580763258482,True
A,2,651,D13,11,middle,True,1.7108428499769648,0.34791453726185884,4.9174227195033655,True
A,2,651,D13,11,late,True,2.048109104268855,1.1790631572906776,1.7370647972540536,True
A,2,651,D13,12,early,True,1.506747010646733,2.1530032013208507,0.6998350070832944,False
A,2,651,D13,12,middle,True,2.408992373478746,2.4232475289933735,0.9941173341377351,False
A,2,651,D13,12,late,True,0.730543833103404,0.5801992445487674,1.2591257916434597,True
A,2,651,D13,13,early,True,1.3399013827015178,0.3915831899052694,3.421754092727174,True
A,2,651,D13,13,middle,True,1.8168606499899704,1.2846926286313032,1.414237623458331,True
A,2,651,D13,13,late,True,3.1078610127346535,2.225370092868884,1.3965591713008452,True
A,2,671,D12,9,early,True,2.0106269180676417,2.1534137838451075,0.9336927873088527,False
A,2,671,D12,9,middle,True,2.6125030897228743,1.337814843417503,1.9528136517375811,True
A,2,671,D12,9,late,True,1.9680613314020832,0.9681241639584252,2.0328604580585585,True
A,2,671,D12,10,early,True,1.6243408379236646,2.017188032202213,0.8052500867508778,False
A,2,671,D12,10,middle,True,1.8973647111474379,2.142276791092021,0.885676733761495,False
A,2,671,D12,10,late,True,1.2111158612574051,1.6988618459596543,0.7128983820183854,False
A,2,671,D12,11,early,True,2.053712255152169,1.3447361746124031,1.5272231787354988,True
A,2,671,D12,11,middle,True,3.0189572251307664,2.400247237474833,1.2577692739298156,True
A,2,671,D12,11,late,True,1.509272733098723,1.5742341814478307,0.9587345713143122,False
A,2,671,D12,12,early,True,2.0947777330763517,1.0284046636397515,2.0369197137462116,True
A,2,671,D12,12,middle,True,1.4471480709585391,2.441409404676328,0.5927510839380894,False
A,2,671,D12,12,late,True,1.4541830931536845,0.7805790960082061,1.8629541843872246,True
A,2,671,D12,13,early,True,1.199028999660652,1.2664011405717794,0.9468003156719292,False
A,2,671,D12,13,middle,True,0.757609096818936,0.8176743871971067,0.9265413087181713,False
A,2,671,D12,13,late,True,2.3347636061994264,1.073341033863171,2.1752299898534027,True
A,2,671,D13,9,early,True,3.4821846835152708,2.3410656872922853,1.4874357017905049,True
A,2,671,D13,9,middle,True,2.7440239597631297,1.825678757113982,1.5030157682838245,True
A,2,671,D13,9,late,True,3.892349329128269,1.7356081964792058,2.2426428597330625,True
A,2,671,D13,10,early,True,2.064910472197239,2.488316270787026,0.8298424506721291,False
A,2,671,D13,10,middle,True,2.1181465367377887,1.8392965594448065,1.1516068607104628,True
A,2,671,D13,10,late,True,1.1761671685046031,0.7505935723868574,1.5669827344303506,True
A,2,671,D13,11,early,True,2.739640605392702,1.884214913210184,1.4539958187280813,True
A,2,671,D13,11,middle,True,1.7123292915727297,2.1261774830062943,0.8053557641630149,False
A,2,671,D13,11,late,True,2.122862558746015,2.8854071563886,0.7357237449299903,False
A,2,671,D13,12,early,True,0.9897328289612399,3.8576712891655434,0.2565622508431324,False
A,2,671,D13,12,middle,True,2.8067295999572077,2.118926398265751,1.324599855027713,True
A,2,671,D13,12,late,True,2.53886524615949,2.087006855239497,1.2165102571587574,True
A,2,671,D13,13,early,True,2.730446440664687,2.0537776310129,1.3294752067769195,True
A,2,671,D13,13,middle,True,2.2077770455937604,2.7386166689649,0.8061650506305513,False
A,2,671,D13,13,late,True,3.1415608871613627,2.1345673900794164,1.4717553082474857,True
A,2,790,D12,9,early,True,1.7419350565393854,1.8872573436584328,0.9229981604748501,False
A,2,790,D12,9,middle,True,1.640633916206418,1.7745983722986194,0.9245099859306878,False
A,2,790,D12,9,late,True,2.303207303284746,1.484508953571143,1.5514943832060681,True
A,2,790,D12,10,early,True,1.227559802835402,1.4327921798028251,0.856760540809438,False
A,2,790,D12,10,middle,True,1.6777368442572613,1.40878781245928,1.1909081193203146,True
A,2,790,D12,10,late,True,1.059224304346304,1.7654100646299118,0.5999876887347148,False
A,2,790,D12,11,early,True,4.249739518383454,1.9137586934564024,2.220624540029173,True
A,2,790,D12,11,middle,True,2.3078620311760174,1.9766119474464257,1.167584782717484,True
A,2,790,D12,11,late,True,2.5037534684947262,1.06798734443544,2.344366233869805,True
A,2,790,D12,12,early,True,1.697142541358357,0.7207368324031472,2.3547326361823187,True
A,2,790,D12,12,middle,True,2.4346675724250746,0.9150412872892187,2.6607188180958494,True
A,2,790,D12,12,late,True,3.190716025147209,1.5957907911952747,1.9994575998006028,True
A,2,790,D12,13,early,True,2.3346954134060645,1.150714787388391,2.028908847782152,True
A,2,790,D12,13,middle,True,2.9351563118701542,1.598596171050822,1.8360836620425263,True
A,2,790,D12,13,late,True,1.8067675870710627,0.8351455309236644,2.16341645877311,True
A,2,790,D13,9,early,True,2.0399722409384227,2.0298684646438208,1.0049775522259639,True
A,2,790,D13,9,middle,True,1.1909906664199952,2.315869601786136,0.5142736298716614,False
A,2,790,D13,9,late,True,0.48157140262450204,2.857219590011166,0.168545464376653,False
A,2,790,D13,10,early,True,1.682639876910971,2.557513785105341,0.657920159300985,False
A,2,790,D13,10,middle,True,1.5014732551515046,0.7992595557173009,1.8785802989918554,True
A,2,790,D13,10,late,True,1.7011683746924515,1.513213098461595,1.1242093902186947,True
A,2,790,D13,11,early,True,5.404220961769932,1.4628743831170736,3.6942481351369953,True
A,2,790,D13,11,middle,True,2.950047432564037,1.7659624192605343,1.6705040834330538,True
A,2,790,D13,11,late,True,5.81998967047114,2.2518897556668844,2.584491383659047,True
A,2,790,D13,12,early,True,1.245250733923939,2.0894986438065475,0.595956708378332,False
A,2,790,D13,12,middle,True,4.550787581724873,3.6033506513705844,1.2629322045008076,True
A,2,790,D13,12,late,True,0.8832889055642767,1.5872498388446945,0.5564901529347093,False
A,2,790,D13,13,early,True,2.566199182641663,1.3302882311748965,1.9290550141717955,True
A,2,790,D13,13,middle,True,4.716221760097951,0.9572036120072791,4.9270831210173975,True
A,2,790,D13,13,late,True,3.0392140705581983,1.1439883533523543,2.656682702802049,True
B,0,252,D12,9,early,True,7.4839569337029825,6.302099725388484,1.1875338791535301,True
B,0,252,D12,9,middle,True,7.106071014456765,6.7065452580376705,1.0595725132757838,True
B,0,252,D12,9,late,True,4.937673944530713,5.875297853965811,0.840412531800034,False
B,0,252,D12,10,early,True,6.6199890582061265,6.849833119995742,0.9664453049055073,False
B,0,252,D12,10,middle,True,4.226503851771097,5.32488112254411,0.7937273630160906,False
B,0,252,D12,10,late,True,2.5278452463129524,5.173868111855457,0.48857937459221673,False
B,0,252,D12,11,early,True,3.6746147237122413,3.747888824976182,0.9804492329720035,False
B,0,252,D12,11,middle,True,0.7164793404691049,4.443800309183318,0.16123121891604072,False
B,0,252,D12,11,late,True,3.492259092307568,5.2871026515795005,0.6605241703155261,False
B,0,252,D12,12,early,True,4.753527977865053,4.3115023904891325,1.1025224034088437,True
B,0,252,D12,12,middle,True,3.9776187502659184,5.9794656182476436,0.665213081605043,False
B,0,252,D12,12,late,True,2.1838276357797626,2.787739456013742,0.7833686290405604,False
B,0,252,D12,13,early,True,1.7072819633019427,2.9441929370079047,0.5798811422450467,False
B,0,252,D12,13,middle,True,0.865508873947766,2.441481271007053,0.3545015414313476,False
B,0,252,D12,13,late,True,2.0803923671703406,4.5590751848974405,0.4563189425043756,False
B,0,252,D13,9,early,True,0.9232655427325376,2.3400736132668385,0.39454551237113483,False
B,0,252,D13,9,middle,True,4.1364437964767635,0.8609387813445736,4.804573665524349,True
B,0,252,D13,9,late,True,4.085994078012504,1.253425435728698,3.259862103912906,True
B,0,252,D13,10,early,True,3.277888837612393,1.2030366833089878,2.7246790418696656,True
B,0,252,D13,10,middle,True,5.296710953225996,3.604154218539832,1.4696127390941327,True
B,0,252,D13,10,late,True,5.0527929497692305,2.196940680921142,2.299922339118722,True
B,0,252,D13,11,early,True,2.372299328438226,2.0457788254688403,1.1596069423069502,True
B,0,252,D13,11,middle,True,4.3965186902148,1.0600112677738858,4.1476150526662465,True
B,0,252,D13,11,late,True,6.822681193797666,3.1981234297414547,2.1333389231788438,True
B,0,252,D13,12,early,True,9.610519758503361,4.698086069661147,2.0456244555767635,True
B,0,252,D13,12,middle,True,2.720896017718559,3.0181243571745497,0.9015188559909955,False
B,0,252,D13,12,late,True,2.3537359308765398,3.078006359380255,0.7646949538305877,False
B,0,252,D13,13,early,True,3.3329538430025183,1.868875582698102,1.7834006040095625,True
B,0,252,D13,13,middle,True,3.349355854993133,1.189884093553826,2.8148589204093097,True
B,0,252,D13,13,late,True,5.7387167133682695,3.947720640836411,1.4536785237550134,True
B,0,651,D12,9,early,True,1.9991624598967341,2.3485576897594282,0.8512298712583535,False
B,0,651,D12,9,middle,True,3.6637285516340965,1.2952984125163973,2.828482237167659,True
B,0,651,D12,9,late,True,1.5609826590588491,1.0482890310270483,1.4890765932459444,True
B,0,651,D12,10,early,True,3.5671961407285475,4.6031993638549995,0.7749384414541542,False
B,0,651,D12,10,middle,True,2.2901981133665115,2.0131424607107444,1.1376234707989576,True
B,0,651,D12,10,late,True,2.4734406502966095,1.1659426025978439,2.1214085880261355,True
B,0,651,D12,11,early,True,4.637661999881434,2.528352949554709,1.8342621035952336,True
B,0,651,D12,11,middle,True,4.422686552241834,2.7634642245091805,1.6004138982574847,True
B,0,651,D12,11,late,True,6.7193422354488765,5.234750119895605,1.2836032440041052,True
B,0,651,D12,12,early,True,7.41481747588277,4.340225433430318,1.708394549916831,True
B,0,651,D12,12,middle,True,2.4787015238133177,3.3009405821150533,0.7509076465184684,False
B,0,651,D12,12,late,True,3.6548164838942414,2.9565531970151686,1.236174775270073,True
B,0,651,D12,13,early,True,1.5329946257973976,3.2332472455736134,0.47413467308944623,False
B,0,651,D12,13,middle,True,3.3954319842239506,3.5610168885964457,0.9535006686144195,False
B,0,651,D12,13,late,True,3.1101907098291783,3.1937052157430297,0.9738502772572197,False
B,0,651,D13,9,early,True,2.1281813187760767,1.0992886183455628,1.9359622971253945,True
B,0,651,D13,9,middle,True,1.0592868845465426,1.7852847851787697,0.5933433664705045,False
B,0,651,D13,9,late,True,2.0372121219904202,1.8079567399215088,1.1268035772132825,True
B,0,651,D13,10,early,True,6.347349986576228,1.437360462866449,4.415976472539155,True
B,0,651,D13,10,middle,True,4.3340756455998095,0.366202864291479,11.83517680558092,True
B,0,651,D13,10,late,True,2.127124086909556,1.2554779768465942,1.6942743131602278,True
B,0,651,D13,11,early,True,2.3403758391448597,0.767176747914112,3.0506344796139113,True
B,0,651,D13,11,middle,True,0.9923084041707266,2.4862838952579787,0.39911307234999566,False
B,0,651,D13,11,late,True,2.008877032539643,2.83898117948566,0.7076049137118945,False
B,0,651,D13,12,early,True,2.590460830845942,3.5627067624939075,0.7271046997515479,False
B,0,651,D13,12,middle,True,1.9126139264756552,2.735704150773501,0.6991303960754957,False
B,0,651,D13,12,late,True,1.4279660894494584,1.8063039562792549,0.7905458461104619,False
B,0,651,D13,13,early,True,3.536122474509749,1.1785953570942374,3.000285427246096,True
B,0,651,D13,13,middle,True,1.889986318045874,3.0767475732279936,0.6142805911318165,False
B,0,651,D13,13,late,True,1.9008954462054768,1.7673656032246081,1.0755530393582629,True
B,0,671,D12,9,early,False,5.713508604303328,4.260411588900336,1.341069632612199,True
B,0,671,D12,9,middle,False,5.740081454523253,3.6711484207461993,1.5635656194353813,True
B,0,671,D12,9,late,False,2.964557614477894,2.592304360493402,1.1435993626588044,True
B,0,671,D12,10,early,False,2.1771091518064534,6.869682190367766,0.3169155561314115,False
B,0,671,D12,10,middle,False,1.4891570071222262,5.0219093227859615,0.29653203819620133,False
B,0,671,D12,10,late,False,2.9711525786708974,6.188444505485549,0.48011298736495317,False
B,0,671,D12,11,early,False,6.580541553520091,4.160252346113874,1.5817650003050967,True
B,0,671,D12,11,middle,False,3.240133975266243,7.5203620643185864,0.4308481357087199,False
B,0,671,D12,11,late,False,8.956665217992116,3.0694822618895774,2.9179726265882966,True
B,0,671,D12,12,early,False,3.2190322621991547,2.719775341461697,1.1835655001082335,True
B,0,671,D12,12,middle,False,2.359839367217296,4.085149478303794,0.5776629177831533,False
B,0,671,D12,12,late,False,7.777548350788066,1.983508134498772,3.921107363017412,True
B,0,671,D12,13,early,False,5.631427249644447,4.388673817129174,1.2831728864571241,True
B,0,671,D12,13,middle,False,4.8723673818476545,1.5448327903164225,3.1539771892397916,True
B,0,671,D12,13,late,False,8.25414402415469,3.977445114305473,2.0752376932788925,True
B,0,671,D13,9,early,False,5.657177804855378,1.9723251719484014,2.86827845900624,True
B,0,671,D13,9,middle,False,5.4539865511449195,4.8119913167776485,1.1334157092363963,True
B,0,671,D13,9,late,False,6.633420488866852,5.38742313213256,1.2312789113041276,True
B,0,671,D13,10,early,False,5.709100774631488,3.5372748027433287,1.6139828237839489,True
B,0,671,D13,10,middle,False,7.025218549631083,1.465296633368832,4.794400252923228,True
B,0,671,D13,10,late,False,3.989841198593397,3.030673858622801,1.3164864926793742,True
B,0,671,D13,11,early,False,8.027858191218135,2.665174092059728,3.012132759032623,True
B,0,671,D13,11,middle,False,9.081548559443913,4.486870739662072,2.0240272310870915,True
B,0,671,D13,11,late,False,9.581561431518146,4.322558865596809,2.2166410520809032,True
B,0,671,D13,12,early,False,10.191557444289202,4.400552158292839,2.315972422934067,True
B,0,671,D13,12,middle,False,6.466376282121432,1.9215636735598223,3.3651636795058932,True
B,0,671,D13,12,late,False,7.447696090517844,1.7434656354713707,4.271776821402192,True
B,0,671,D13,13,early,False,4.573171850714882,1.7972194434122173,2.5445817801927495,True
B,0,671,D13,13,middle,False,8.065367283611437,3.786601948162002,2.1299749469379337,True
B,0,671,D13,13,late,False,8.492794923925207,4.055393211924062,2.0941976474571846,True
B,0,790,D12,9,early,False,2.1051822427262574,3.929880439227985,0.5356860788212211,False
B,0,790,D12,9,middle,False,4.258210076461663,1.5376257568266343,2.7693410165356456,True
B,0,790,D12,9,late,False,1.5143267454378684,2.1069681506235045,0.7187231306698876,False
B,0,790,D12,10,early,False,3.3790642215288664,1.50229421861552,2.249269270731092,True
B,0,790,D12,10,middle,False,4.253682284462146,2.813570126099662,1.5118451269451216,True
B,0,790,D12,10,late,False,1.6074185921729676,2.550821031915069,0.6301573383869165,False
B,0,790,D12,11,early,False,2.9439007198931155,3.250431426741087,0.9056953780577669,False
B,0,790,D12,11,middle,False,1.2152387020296496,1.7814677666004395,0.6821558743937757,False
B,0,790,D12,11,late,False,3.009795350585954,0.752189558871171,4.001378794864989,True
B,0,790,D12,12,early,False,4.765918387229128,0.47338617228776075,10.06771778777694,True
B,0,790,D12,12,middle,False,4.855919645547003,2.8053325916214056,1.7309604073506357,True
B,0,790,D12,12,late,False,3.6281515359068455,2.900911306246674,1.2506937141077596,True
B,0,790,D12,13,early,False,2.612906338803848,2.7947690286683344,0.9349274705712831,False
B,0,790,D12,13,middle,False,1.823073954253356,4.291888051821909,0.4247720192700414,False
B,0,790,D12,13,late,False,1.1641821703478399,0.9233570915597688,1.2608146739646096,True
B,0,790,D13,9,early,False,1.520978976743752,5.044426043957922,0.3015167560173748,False
B,0,790,D13,9,middle,False,2.490005097860405,2.8283068827512863,0.8803871719317135,False
B,0,790,D13,9,late,False,4.5424145379976375,5.689332036586012,0.7984091117879977,False
B,0,790,D13,10,early,False,7.105584903523632,7.903433691905727,0.8990503596937609,False
B,0,790,D13,10,middle,False,5.7395572879587355,2.392233753080914,2.3992460103728845,True
B,0,790,D13,10,late,False,2.0992018901641587,2.531906881757124,0.8290991684130692,False
B,0,790,D13,11,early,False,4.280872129162762,3.082314447450731,1.3888499055322905,True
B,0,790,D13,11,middle,False,5.006339279893089,3.6339679578304622,1.3776509143690838,True
B,0,790,D13,11,late,False,1.0468539519769302,3.5190034401567525,0.2974859132079446,False
B,0,790,D13,12,early,False,3.6947945588867253,2.6061780256281963,1.4177061284967774,True
B,0,790,D13,12,middle,False,3.590989798676887,4.113993781641543,0.8728719558841992,False
B,0,790,D13,12,late,False,5.1757431270148,2.792492053913064,1.8534495450979471,True
B,0,790,D13,13,early,False,3.8922162239097458,1.6248366175958695,2.3954508298001813,True
B,0,790,D13,13,middle,False,0.8780112858901274,1.5841592795051616,0.5542443220509928,False
B,0,790,D13,13,late,False,2.8222001607060334,1.4924056681354962,1.8910409019230585,True
B,1,252,D12,9,early,True,4.624908228628417,4.270583788218799,1.0829686192756804,True
B,1,252,D12,9,middle,True,5.124688452792068,3.156372138569144,1.6236008391314742,True
B,1,252,D12,9,late,True,3.127028128790584,2.555635340142758,1.2235815022873757,True
B,1,252,D12,10,early,True,3.8596986371880755,3.8179672023010496,1.0109302758970466,True
B,1,252,D12,10,middle,True,3.0516895102044086,3.4421450304479144,0.8865662205428058,False
B,1,252,D12,10,late,True,2.6073866442817364,2.5258965991668028,1.0322618293804324,True
B,1,252,D12,11,early,True,1.4988814561021222,2.709601082012875,0.553174216696375,False
B,1,252,D12,11,middle,True,0.7586158358546754,3.8901558132621776,0.1950091133286821,False
B,1,252,D12,11,late,True,2.5474698686132706,2.3164086946865727,1.0997497438412793,True
B,1,252,D12,12,early,True,3.9759708129259055,1.5291087666182548,2.6001883579014984,True
B,1,252,D12,12,middle,True,2.124868066152136,4.396712612240381,0.48328563941990105,False
B,1,252,D12,12,late,True,1.5253991941631266,3.5368221385822043,0.431290897419741,False
B,1,252,D12,13,early,True,0.8422556131767605,3.481437126671345,0.24192756684422845,False
B,1,252,D12,13,middle,True,0.9710497701905315,1.7393896190727076,0.5582704182793797,False
B,1,252,D12,13,late,True,1.3883560508920325,1.4255011551055254,0.9739424243323442,False
B,1,252,D13,9,early,True,0.9852896371744936,1.0895959451781787,0.9042706532955864,False
B,1,252,D13,9,middle,True,1.438963707890413,0.6321892637127606,2.2761596731959304,True
B,1,252,D13,9,late,True,1.436347270569043,0.5984873112735616,2.3999627786803743,True
B,1,252,D13,10,early,True,1.4649913004905586,1.159935679629157,1.26299356612509,True
B,1,252,D13,10,middle,True,2.0087575564449054,2.233112866075719,0.8995324808525794,False
B,1,252,D13,10,late,True,3.624853041941749,2.490293205318592,1.4555928732408072,True
B,1,252,D13,11,early,True,2.26905555540073,2.1101320250252322,1.0753144961977428,True
B,1,252,D13,11,middle,True,2.114866958987676,1.0740754782815676,1.9690114910465037,True
B,1,252,D13,11,late,True,6.232899473895746,4.077093648555904,1.5287604384813245,True
B,1,252,D13,12,early,True,9.490576676093816,4.294355573256834,2.2100118432662,True
B,1,252,D13,12,middle,True,3.2607294267178157,2.5039198383277297,1.302249927016645,True
B,1,252,D13,12,late,True,2.6795004926121804,1.7053685819346398,1.571214880464401,True
B,1,252,D13,13,early,True,3.2180709182984293,0.8091840721669668,3.9769330971636,True
B,1,252,D13,13,middle,True,3.390124751831418,1.269558068569844,2.670318779235038,True
B,1,252,D13,13,late,True,3.0845724468864244,0.9683245371248703,3.1854738041081503,True
B,1,651,D12,9,early,True,1.962102545124372,2.061479520978694,0.9517933722634595,False
B,1,651,D12,9,middle,True,2.2293541157517227,1.2990768652261195,1.7161063948003397,True
B,1,651,D12,9,late,True,2.3116481597293066,0.4689295186594893,4.9296281589129345,True
B,1,651,D12,10,early,True,2.9086294979906455,2.9295586420329616,0.9928558712762984,False
B,1,651,D12,10,middle,True,2.4376551004318427,0.8810516639670354,2.7667561394254943,True
B,1,651,D12,10,late,True,1.886132675636441,0.4389919041657784,4.296509019273787,True
B,1,651,D12,11,early,True,2.203259863869959,1.3870098535884023,1.5884961870817254,True
B,1,651,D12,11,middle,True,2.5274473018998833,1.6368109244052231,1.5441290525466742,True
B,1,651,D12,11,late,True,3.4945733360063307,3.1825141793604526,1.0980542863468368,True
B,1,651,D12,12,early,True,5.0952607647562855,2.905091028881679,1.753907438390224,True
B,1,651,D12,12,middle,True,3.0250633767269846,3.6898098333397455,0.8198426242441115,False
B,1,651,D12,12,late,True,2.215113636898178,1.9306254277678399,1.147355465766997,True
B,1,651,D12,13,early,True,1.8616616209206585,1.6574800570062336,1.1231879460940368,True
B,1,651,D12,13,middle,True,3.2586894479583086,1.389226462002837,2.3456862772828857,True
B,1,651,D12,13,late,True,3.169618441915887,1.6185202476683274,1.9583433982256957,True
B,1,651,D13,9,early,True,1.871721969427453,0.41799172677915003,4.477892382823154,True
B,1,651,D13,9,middle,True,1.2104804693167086,1.14625155587266,1.056033872420919,True
B,1,651,D13,9,late,True,0.9561688482199701,1.5472891404955715,0.6179639106842854,False
B,1,651,D13,10,early,True,1.6312161980850441,0.8688059764952903,1.8775379569386361,True
B,1,651,D13,10,middle,True,1.520169945689053,0.7570019321869295,2.008145397063097,True
B,1,651,D13,10,late,True,1.174195390161303,0.582626265358741,2.0153492212341555,True
B,1,651,D13,11,early,True,0.9143346470760492,0.9460216622537996,0.966504979281067,False
B,1,651,D13,11,middle,True,1.2461537539593945,0.7091228483189413,1.757317165726006,True
B,1,651,D13,11,late,True,1.1100274680326845,1.471431322743315,0.7543861890632895,False
B,1,651,D13,12,early,True,0.9282758508682332,1.6985486757734383,0.5465111857601258,False
B,1,651,D13,12,middle,True,1.5911088519795757,2.509476362413652,0.6340401829683797,False
B,1,651,D13,12,late,True,1.359687894487373,0.9019633514100674,1.5074757664618306,True
B,1,651,D13,13,early,True,2.4866081478590463,0.4396093164368271,5.656404573073641,True
B,1,651,D13,13,middle,True,1.3956135050782341,1.661450591539868,0.8399969955078529,False
B,1,651,D13,13,late,True,0.6619181510018657,2.283662810098517,0.28984933680875186,False
B,1,671,D12,9,early,False,3.5192366146389973,1.7237179784565415,2.0416545273782005,True
B,1,671,D12,9,middle,False,3.186443655594852,3.057021852764865,1.042335910262772,True
B,1,671,D12,9,late,False,1.5944303369660036,2.347353050230211,0.6792460711479398,False
B,1,671,D12,10,early,False,1.6439677209641868,3.1644750050773824,0.5195072542290426,False
B,1,671,D12,10,middle,False,1.0312025022451732,1.0082925690256173,1.0227215135004866,True
B,1,671,D12,10,late,False,1.7896370788365643,1.051901967750147,1.701334471941636,True
B,1,671,D12,11,early,False,3.1548867111683907,2.1025118776338347,1.5005321704621701,True
B,1,671,D12,11,middle,False,2.7519109540571307,2.574689241277635,1.068832273013093,True
B,1,671,D12,11,late,False,3.6798813709684732,2.835747156594777,1.2976761212333718,True
B,1,671,D12,12,early,False,2.8098529685551386,2.1791116746086368,1.2894488159078774,True
B,1,671,D12,12,middle,False,1.613265438825089,2.2111633472758094,0.729600298780576,False
B,1,671,D12,12,late,False,4.080039640546882,1.440556616122305,2.832266080266631,True
B,1,671,D12,13,early,False,4.021574639638487,3.2241003676832083,1.2473478431219969,True
B,1,671,D12,13,middle,False,3.955660408244065,2.0885785175460754,1.893948623435844,True
B,1,671,D12,13,late,False,4.341297872303584,1.2374769239334926,3.5081849110399284,True
B,1,671,D13,9,early,False,3.9224491818898173,1.9140713335586383,2.0492701150260717,True
B,1,671,D13,9,middle,False,1.9566852009585656,0.9078411558623175,2.155316696454457,True
B,1,671,D13,9,late,False,2.635462973774092,1.3985398835920761,1.8844389099616121,True
B,1,671,D13,10,early,False,1.3021849274002608,2.241132009712963,0.5810389221860432,False
B,1,671,D13,10,middle,False,2.126430981914823,1.1394051505261997,1.8662641475095976,True
B,1,671,D13,10,late,False,1.2265721504993907,0.9562738232344481,1.2826578754929214,True
B,1,671,D13,11,early,False,3.406856254752187,1.4526686444398988,2.345239754290806,True
B,1,671,D13,11,middle,False,3.6499132274986303,1.7414426754330987,2.095913508373678,True
B,1,671,D13,11,late,False,2.4009430443829647,1.4529492430371742,1.6524617469528051,True
B,1,671,D13,12,early,False,6.132812815225765,2.5527965314721315,2.402389982757118,True
B,1,671,D13,12,middle,False,2.743908069387749,2.7765989793078893,0.988226276043547,False
B,1,671,D13,12,late,False,2.700000720567705,1.8441716244903261,1.4640723697903681,True
B,1,671,D13,13,early,False,2.039154402501815,1.377824615059417,1.4799811095070898,True
B,1,671,D13,13,middle,False,2.9512285810280123,1.5442109563294502,1.911156353949856,True
B,1,671,D13,13,late,False,4.22749407064762,2.6652767319350508,1.5861370115884232,True
B,1,790,D12,9,early,True,1.3208357208205226,0.996521966797828,1.3254456648505477,True
B,1,790,D12,9,middle,True,1.7484131980860294,1.3864990545652767,1.2610273280238387,True
B,1,790,D12,9,late,True,1.2928629301191839,1.0868933936193304,1.1895029795093148,True
B,1,790,D12,10,early,True,3.3026229257782624,1.2333827549679057,2.6776950727385525,True
B,1,790,D12,10,middle,True,2.8267811052305976,1.0432567947302955,2.709573634707437,True
B,1,790,D12,10,late,True,0.9257200622457024,1.2221775166549453,0.7574350285704518,False
B,1,790,D12,11,early,True,1.2111726646202379,1.8418930091923957,0.6575694997351088,False
B,1,790,D12,11,middle,True,0.7461295348606412,1.0885220473484207,0.6854519269298874,False
B,1,790,D12,11,late,True,1.4416124108815975,0.6109243227035801,2.3597233852171677,True
B,1,790,D12,12,early,True,1.9567641528028452,0.5694526502796454,3.4362192393729702,True
B,1,790,D12,12,middle,True,2.9453872035723614,0.9306612581373579,3.1648327227753223,True
B,1,790,D12,12,late,True,0.6477682859124324,1.2368305383053988,0.5237324482624354,False
B,1,790,D12,13,early,True,3.0838666989413097,1.9243947333452234,1.6025125435572916,True
B,1,790,D12,13,middle,True,1.5404503601424495,1.4503552053588118,1.0621193721722455,True
B,1,790,D12,13,late,True,1.128068999555679,1.4895147662366144,0.7573399237966879,False
B,1,790,D13,9,early,True,1.5041143579460197,1.7529815060797505,0.858032074342712,False
B,1,790,D13,9,middle,True,2.7133712358591118,2.348959967249262,1.1551372836024072,True
B,1,790,D13,9,late,True,4.482651704853389,4.4265515712125465,1.0126735524794699,True
B,1,790,D13,10,early,True,3.6318190629968634,6.2126932558305,0.5845804570487151,False
B,1,790,D13,10,middle,True,3.023447673670218,1.1919671352015995,2.5365193253913474,True
B,1,790,D13,10,late,True,0.5542415280230396,2.329636736993076,0.23790899208535568,False
B,1,790,D13,11,early,True,2.18152038566223,3.3044349789101424,0.6601795464535761,False
B,1,790,D13,11,middle,True,2.339875362644446,3.110078710354789,0.7523524581078914,False
B,1,790,D13,11,late,True,0.971634721859483,3.6649178478016404,0.2651177358429213,False
B,1,790,D13,12,early,True,1.517558171693626,3.136892973253114,0.4837774781075309,False
B,1,790,D13,12,middle,True,2.5296547273578267,4.020955209085022,0.6291178577772458,False
B,1,790,D13,12,late,True,2.5158731355875195,2.863058137740878,0.8787363073153283,False
B,1,790,D13,13,early,True,2.8884330126737354,1.1398786084417751,2.5339829972090193,True
B,1,790,D13,13,middle,True,0.6974334980960526,2.094429611469971,0.33299447939267834,False
B,1,790,D13,13,late,True,2.8302007407201244,0.7919405023020547,3.573754256150742,True
B,2,252,D12,9,early,True,4.941988270159759,4.576166760965673,1.0799405983878283,True
B,2,252,D12,9,middle,True,5.235276094716717,3.502330098171628,1.4947980195955155,True
B,2,252,D12,9,late,True,3.438186515803271,2.807111573235702,1.224812917514405,True
B,2,252,D12,10,early,True,3.8703395920581865,3.52594703975969,1.0976737734330713,True
B,2,252,D12,10,middle,True,3.3145827082297035,3.2158600673393716,1.0306986743275834,True
B,2,252,D12,10,late,True,2.983196317582513,4.14395503644591,0.71989109228875,False
B,2,252,D12,11,early,True,2.5066557230945334,3.5309167417407465,0.709916405975279,False
B,2,252,D12,11,middle,True,1.3165221832414438,6.165342845943095,0.21353592430106927,False
B,2,252,D12,11,late,True,3.581643078174933,4.401732451890329,0.813689409186329,False
B,2,252,D12,12,early,True,5.238394146229761,1.7406987890603443,3.0093627795636753,True
B,2,252,D12,12,middle,True,2.4701421828257897,4.754637287247875,0.5195227382435267,False
B,2,252,D12,12,late,True,1.6850694363372143,4.774187135603481,0.35295420738136046,False
B,2,252,D12,13,early,True,0.8696437507034154,4.103937360452922,0.2119047330214219,False
B,2,252,D12,13,middle,True,1.1444000683054276,1.5522504351439899,0.737252212913228,False
B,2,252,D12,13,late,True,2.21484448744648,1.2027348421145991,1.8415068807289485,True
B,2,252,D13,9,early,True,1.458005204285765,1.047497878164776,1.3918932292638158,True
B,2,252,D13,9,middle,True,1.4299024242369893,0.7978662132448968,1.7921581344090523,True
B,2,252,D13,9,late,True,1.758943171471315,1.3043831504135401,1.3484865784364524,True
B,2,252,D13,10,early,True,1.546940470249914,1.0668085136814331,1.450063859081515,True
B,2,252,D13,10,middle,True,4.237482489410273,3.51973026642925,1.203922507877054,True
B,2,252,D13,10,late,True,4.033351590408772,2.1968366657090006,1.8359815517313665,True
B,2,252,D13,11,early,True,3.2126288869243473,1.986724341303436,1.6170481330170994,True
B,2,252,D13,11,middle,True,2.608498574715486,1.4774988762132868,1.7654826116692977,True
B,2,252,D13,11,late,True,6.395139427211136,3.8132586666508796,1.6770798905252022,True
B,2,252,D13,12,early,True,11.02896311452791,4.640968238749144,2.3764358097612166,True
B,2,252,D13,12,middle,True,4.544274963848335,2.3211581065154023,1.9577619254340015,True
B,2,252,D13,12,late,True,4.4494275870066,2.343262419571473,1.8988174563138749,True
B,2,252,D13,13,early,True,3.0151765064033613,1.231634218834785,2.4481103726201567,True
B,2,252,D13,13,middle,True,3.0917225117059006,1.3151790147125675,2.3507997596673915,True
B,2,252,D13,13,late,True,2.4976774033554334,2.3903464032680026,1.0449018602243973,True
B,2,651,D12,9,early,True,3.0617923544187042,1.9259899633498399,1.58972394076934,True
B,2,651,D12,9,middle,True,3.2665788134432936,2.0465813958346613,1.5961147795497663,True
B,2,651,D12,9,late,True,2.9131256535039802,1.1225743849163414,2.59504019746636,True
B,2,651,D12,10,early,True,4.209916013213264,3.6691582509973575,1.1473792421106168,True
B,2,651,D12,10,middle,True,3.2542976995138915,0.9905690205839903,3.2852811181146357,True
B,2,651,D12,10,late,True,3.150132230217758,0.7146430328328416,4.407980048067703,True
B,2,651,D12,11,early,True,4.42601879905565,2.6732031851032976,1.6556986104610751,True
B,2,651,D12,11,middle,True,2.52808848705642,1.5691844805140025,1.611084304267602,True
B,2,651,D12,11,late,True,5.745944263963545,3.7934122538661,1.5147165347260898,True
B,2,651,D12,12,early,True,6.981698308041303,3.847731254386709,1.8144973872802659,True
B,2,651,D12,12,middle,True,3.773658110324549,2.8400378312105987,1.3287351558679708,True
B,2,651,D12,12,late,True,1.75556887839972,1.6613037150088525,1.056741679765861,True
B,2,651,D12,13,early,True,2.427479979732612,2.0763306492152784,1.1691201402098677,True
B,2,651,D12,13,middle,True,3.59970519846678,0.9174138382751182,3.923752889137567,True
B,2,651,D12,13,late,True,2.9246164553003764,0.9957294127206854,2.9371598528050793,True
B,2,651,D13,9,early,True,2.228202806586352,0.3165675794309222,7.038632353293668,True
B,2,651,D13,9,middle,True,1.3320064161564718,1.0044265199994782,1.3261362475347263,True
B,2,651,D13,9,late,True,0.7562669614671693,1.928706929404891,0.39211087487538504,False
B,2,651,D13,10,early,True,1.6527349163924658,0.8638076461845804,1.9133135990316363,True
B,2,651,D13,10,middle,True,1.6417309855176518,0.8167022135059392,2.0101953421554097,True
B,2,651,D13,10,late,True,1.7349062960112156,0.35308648203195353,4.913544936716695,True
B,2,651,D13,11,early,True,1.7256979266242263,1.16817981779811,1.4772536730492198,True
B,2,651,D13,11,middle,True,1.2892954416178242,0.6657253602826667,1.936677673012772,True
B,2,651,D13,11,late,True,1.2244505195565214,2.5219139681803435,0.4855243021791139,False
B,2,651,D13,12,early,True,1.6071904995433923,3.0624560930959053,0.5248044219039391,False
B,2,651,D13,12,middle,True,2.3940498132703167,3.1388649771869233,0.7627119454548452,False
B,2,651,D13,12,late,True,1.074440927342887,0.8535957170560668,1.2587234282857986,True
B,2,651,D13,13,early,True,2.2021476057857314,0.39806585224151136,5.532118852660745,True
B,2,651,D13,13,middle,True,1.6321350641643482,1.9702689249764798,0.8283818739027373,False
B,2,651,D13,13,late,True,0.9461551242578234,1.9983537842555756,0.47346727677165734,False
B,2,671,D12,9,early,False,3.5165236268089273,2.2022820614533045,1.5967635065275625,True
B,2,671,D12,9,middle,False,2.8070160461158555,2.900164468600837,0.9678816758520181,False
B,2,671,D12,9,late,False,2.9209139107529904,1.7182078758890509,1.6999770235843112,True
B,2,671,D12,10,early,False,1.236766390390849,2.6035110763495712,0.4750378831208742,False
B,2,671,D12,10,middle,False,1.9373799325798389,2.161159167616988,0.89645407039413,False
B,2,671,D12,10,late,False,1.6683743223384957,1.3746286829682464,1.2136908992295738,True
B,2,671,D12,11,early,False,3.4930977767554894,1.8612690254991313,1.87672911809122,True
B,2,671,D12,11,middle,False,2.4155176476244216,4.24024562137598,0.5696645579792085,False
B,2,671,D12,11,late,False,4.2743671627897255,2.8712874113417084,1.4886587618870168,True
B,2,671,D12,12,early,False,2.6925633997872156,2.278493997728488,1.1817294241158978,True
B,2,671,D12,12,middle,False,1.6051737307034466,3.201257329457635,0.5014197752654265,False
B,2,671,D12,12,late,False,5.2308487213204815,1.5234934208610909,3.4334567184175717,True
B,2,671,D12,13,early,False,4.48187790383746,3.0814307353499615,1.4544795222627154,True
B,2,671,D12,13,middle,False,5.0631336862381415,1.3733945432856651,3.6865835174539594,True
B,2,671,D12,13,late,False,6.285102532824501,2.0713049547020344,3.0343685117716714,True
B,2,671,D13,9,early,False,4.2443922151518185,2.3069335405231906,1.8398415648286213,True
B,2,671,D13,9,middle,False,2.119646225515647,1.9907132888239063,1.0647672055115043,True
B,2,671,D13,9,late,False,2.514264685121647,2.118775445350983,1.1866593463872948,True
B,2,671,D13,10,early,False,2.80550632214041,2.5205912627694214,1.1130350103086317,True
B,2,671,D13,10,middle,False,3.248152557953092,2.1205241391813323,1.5317687254468613,True
B,2,671,D13,10,late,False,1.2057079040733607,0.9522644979427342,1.2661481202734786,True
B,2,671,D13,11,early,False,4.048764884603742,1.4142965596676158,2.8627410969275577,True
B,2,671,D13,11,middle,False,4.034636048526013,1.4637400554329727,2.7563883584046436,True
B,2,671,D13,11,late,False,3.9365829360294358,2.67935560721678,1.4692274983680196,True
B,2,671,D13,12,early,False,10.421344435251681,4.680639299682024,2.2264788564159703,True
B,2,671,D13,12,middle,False,4.662752525734017,2.9940285581442487,1.5573507183325175,True
B,2,671,D13,12,late,False,5.099620788103652,2.7055216726281106,1.884893711884386,True
B,2,671,D13,13,early,False,3.711332106494005,2.066871343134267,1.7956280243675093,True
B,2,671,D13,13,middle,False,5.7627227145601,2.9502393455727196,1.9533068471912074,True
B,2,671,D13,13,late,False,6.830571516607676,2.2665598648940835,3.013629431282138,True
B,2,790,D12,9,early,False,2.341987118370935,1.4152429184023634,1.6548304802787868,True
B,2,790,D12,9,middle,False,1.4703476186951643,2.4623607957591886,0.5971292351744215,False
B,2,790,D12,9,late,False,1.4226209612854297,1.001919248435488,1.419895828438144,True
B,2,790,D12,10,early,False,5.16653087678355,2.1653602415237927,2.385991382730752,True
B,2,790,D12,10,middle,False,2.8867429885929057,1.4216855607108654,2.0305073557541715,True
B,2,790,D12,10,late,False,1.8898243656448643,2.225855411561284,0.8490328508441989,False
B,2,790,D12,11,early,False,1.3104664964911363,1.9780739497074233,0.6624962108645975,False
B,2,790,D12,11,middle,False,0.984447706546803,1.9113100470656728,0.5150643706698296,False
B,2,790,D12,11,late,False,3.0979021120555967,1.287107894837986,2.4068705696545694,True
B,2,790,D12,12,early,False,1.884518788944686,0.6399829938152114,2.94463885315181,True
B,2,790,D12,12,middle,False,2.8436397064351056,0.9718942265049444,2.9258736484742753,True
B,2,790,D12,12,late,False,1.4123352700755172,2.091434638201521,0.6752949598702358,False
B,2,790,D12,13,early,False,2.7102445285778205,1.548447557423067,1.7502979132778775,True
B,2,790,D12,13,middle,False,1.6912529498958224,2.1524409319118147,0.7857372180678791,False
B,2,790,D12,13,late,False,1.1995071063949,1.3628683568171711,0.8801342406952766,False
B,2,790,D13,9,early,False,3.087695458564067,1.74773671620441,1.7666822639451487,True
B,2,790,D13,9,middle,False,2.9079562506466687,2.557936482382415,1.1368367708404752,True
B,2,790,D13,9,late,False,4.882005167075262,4.705938915132202,1.0374136288460758,True
B,2,790,D13,10,early,False,3.502365153110536,5.718834357460194,0.6124264026884633,False
B,2,790,D13,10,middle,False,4.003589617305043,1.6227799760874333,2.467117955792015,True
B,2,790,D13,10,late,False,1.0940045432088616,2.3788498956947954,0.45988800940688757,False
B,2,790,D13,11,early,False,4.146740332394992,3.0194044315194724,1.3733636637435165,True
B,2,790,D13,11,middle,False,3.4107298596265605,2.6671452807984344,1.278794178997826,True
B,2,790,D13,11,late,False,1.2549548378064133,4.1863922136800245,0.2997700104891157,False
B,2,790,D13,12,early,False,1.5235991905851871,3.8645910843136972,0.3942459001081505,False
B,2,790,D13,12,middle,False,2.1588112122162975,6.121581276807461,0.3526558113988098,False
B,2,790,D13,12,late,False,3.39809442953961,2.3552529601172774,1.4427725968638228,True
B,2,790,D13,13,early,False,3.1984892403636622,1.0546190164210105,3.0328385801520623,True
B,2,790,D13,13,middle,False,1.2046503688031862,2.1014926259369155,0.5732355916624322,False
B,2,790,D13,13,late,False,4.1028247611918385,0.9894918868024798,4.146395555045956,True
