participant,delta,exercise_id,mean_frac,sd_frac,mean_cos,n,mean_norm
252,D12,9,0.24015890884059746,0.14770221849959453,0.90428448490152,6,2.8112557003976284
252,D12,10,0.2683032767593995,0.02317972298488238,0.8885320803692864,6,2.8224289534715177
252,D12,11,0.18814692977057965,0.046666993158237954,0.5582206816860565,6,1.8966544807886316
252,D12,12,0.23617287228910114,0.11006594490305252,0.6045332683995567,6,2.3200451028825313
252,D12,13,0.06721801234022076,0.022372521380474256,-0.2580508694665962,6,0.6627870188727237
252,D13,9,0.15751564245208835,0.07061226938901685,0.5114859688549368,6,1.9576172234291256
252,D13,10,0.22410283333171446,0.042262856820307816,0.7329246572371947,6,2.9609746912123307
252,D13,11,0.18844522992950408,0.04970067022530349,0.8541750341984953,6,2.699151276119375
252,D13,12,0.26750106817700914,0.04834107516451644,0.7679097606966372,6,3.6732025288872907
252,D13,13,0.16243522610960298,0.039588612898049706,0.5210565574562466,6,2.2796488688615653
651,D12,9,0.12869955099970148,0.04320266002837505,0.6945799646211841,5,1.6797075226140628
651,D12,10,0.21393900373027686,0.049363367028911094,0.9093980620135046,5,2.7043647699757627
651,D12,11,0.24989211223203944,0.07128713932831107,0.8285803907438698,5,3.3221961461060374
651,D12,12,0.19209926299004085,0.02251106353919908,0.9220262236002885,5,2.501326323174498
651,D12,13,0.2153700700478612,0.06885013630003742,0.9183302136664686,5,2.7065975837101677
651,D13,9,0.16026626974371014,0.03640449090260418,0.7166092575383012,5,1.0922798593044436
651,D13,10,0.24841312626336381,0.09704343112207285,0.5060998736718536,5,1.6609158678440565
651,D13,11,0.2246049862760307,0.06684324645762779,0.5857177885481331,5,1.3520334243154255
651,D13,12,0.15197292065933662,0.05462794798107233,0.22073586093414468,5,1.0920513454862155
651,D13,13,0.2147426970573798,0.05219839919545383,0.4398129706231133,5,1.4700913390315806
671,D12,9,0.20380027391024458,0.08114353550238655,0.7662653457392542,3,2.1179215664594317
671,D12,10,0.19032060022815178,0.011848404067246035,0.9294982071056008,3,2.169534515124779
671,D12,11,0.23139267436961705,0.05370984899247413,0.9409793428636689,3,2.856527514871889
671,D12,12,0.16998658314263973,0.045841156382016794,0.9159848628126458,3,1.9299957132904615
671,D12,13,0.20449986834924763,0.044517251945658344,0.5998264638486582,3,2.5156722922232437
671,D13,9,0.2947551082427391,,0.9868832562743123,1,3.3158677052091274
671,D13,10,0.14410343393762864,,0.8075198461745039,1,1.6211014141611249
671,D13,11,0.14471337242372959,,0.9819119739278052,1,1.6279629587846727
671,D13,12,0.1887754789842016,,0.8413732805240286,1,2.1236426334759475
671,D13,13,0.22765260641161222,,0.8617601475584725,1,2.560993531570269
790,D12,9,0.18176405640241972,0.056154451356913375,0.6169074752287715,4,1.502300832846071
790,D12,10,0.14884727273612933,0.07351855324742569,0.051019447372885385,4,1.1038442570749192
790,D12,11,0.2649210662799002,0.058167155915439535,0.6798172339257056,4,2.1594256918421983
790,D12,12,0.18568742421429396,0.024338821219725453,0.12551332129105672,4,1.446633965075031
790,D12,13,0.2187801803671252,0.043460503306805474,0.7632525146282644,4,1.679113461028327
790,D13,9,0.13853095359323103,0.13084456635150887,0.27746174420396286,4,1.4455307419986507
790,D13,10,0.11467986113445601,0.06881905030160398,0.4201638635411057,4,1.2028150909564523
790,D13,11,0.3699970809519751,0.1444017543882014,0.942932498339773,4,4.394326913153278
790,D13,12,0.1807439989724547,0.06456496467305907,0.8888872714542752,4,2.0658812628393677
790,D13,13,0.19604810534779044,0.0350236753818289,0.9549658427232431,4,2.2197333982354466
