fold,component,explained_variance_ratio,cumulative
A,1,0.15400734847953465,0.15400734847953465
A,2,0.08993444019531943,0.24394178867485408
A,3,0.07881927130629775,0.32276105998115184
A,4,0.06492808865765944,0.38768914863881127
A,5,0.05989147009897957,0.4475806187377908
A,6,0.055030013458802506,0.5026106321965933
A,7,0.04470798068380698,0.5473186128804003
A,8,0.03911038083077036,0.5864289937111706
A,9,0.03836919214590311,0.6247981858570737
A,10,0.029997889000823477,0.6547960748578971
A,11,0.02510947624923856,0.6799055511071357
A,12,0.023295187960216773,0.7032007390673525
A,13,0.02223936795629347,0.7254401070236459
A,14,0.019825147746498805,0.7452652547701447
A,15,0.019447646026842094,0.7647129007969868
A,16,0.017078285422412288,0.7817911862193992
A,17,0.015393420106514762,0.797184606325914
A,18,0.014697491077318893,0.8118820974032329
A,19,0.012748116355028646,0.8246302137582615
A,20,0.01244023086996928,0.8370704446282308
A,21,0.011371636777115439,0.8484420814053462
A,22,0.010147240814020613,0.8585893222193668
A,23,0.009925864857429495,0.8685151870767963
A,24,0.009491049052750796,0.8780062361295472
A,25,0.00883141954934149,0.8868376556788887
A,26,0.007968619051849615,0.8948062747307384
A,27,0.007534922029501393,0.9023411967602397
A,28,0.007118388451887648,0.9094595852121273
A,29,0.00632263755941285,0.9157822227715402
A,30,0.005750778877520263,0.9215330016490605
A,31,0.005216552788304054,0.9267495544373645
A,32,0.005125150586608826,0.9318747050239734
B,1,0.13595780004198052,0.13595780004198052
B,2,0.08956816845782622,0.22552596849980674
B,3,0.08011812573094063,0.30564409423074734
B,4,0.07012200048214327,0.37576609471289063
B,5,0.060847815930833944,0.43661391064372457
B,6,0.05229659063505691,0.4889105012787815
B,7,0.04389254484591567,0.5328030461246972
B,8,0.04237405672136929,0.5751771028460665
B,9,0.03722921739103114,0.6124063202370976
B,10,0.03121564660617115,0.6436219668432688
B,11,0.025972333251529384,0.6695943000947981
B,12,0.025394751009267802,0.694989051104066
B,13,0.020478513407711254,0.7154675645117772
B,14,0.018649796198127348,0.7341173607099045
B,15,0.018354771221961774,0.7524721319318664
B,16,0.018260394399655974,0.7707325263315223
B,17,0.016052031466963025,0.7867845577984853
B,18,0.014410398946179688,0.801194956744665
B,19,0.012591455453425729,0.8137864121980908
B,20,0.011883800757049133,0.8256702129551399
B,21,0.010707803953288565,0.8363780169084284
B,22,0.010507097463572427,0.8468851143720009
B,23,0.009629379970223256,0.8565144943422242
B,24,0.009020885362028955,0.8655353797042531
B,25,0.008680992260333033,0.8742163719645861
B,26,0.007954060918686365,0.8821704328832725
B,27,0.007372596116498779,0.8895430289997712
B,28,0.006903552626774007,0.8964465816265452
B,29,0.006624913131800801,0.903071494758346
B,30,0.006311989631375423,0.9093834843897215
B,31,0.006028894019219622,0.9154123784089411
B,32,0.0056123689743086186,0.9210247473832496
