participant_id,timepoint_internal,timepoint_display,classes_at_timepoint,session_id,stage_order,exercise_id,stage_display,body_involvement_description,raw_variability,raw_variability_definition,mean_abs_nv_across_links,max_abs_nv_across_links,normalized_variability,normalization_definition,session_mean_raw_variability,session_fitted_progression_slope,session_endpoint_change_ex13_minus_ex09,session_slope_positive,session_endpoint_positive,valid_link_count,valid_link_count_definition,selected_m,top_link,exercise_nv_rank,ex13_over_ex09_ratio,duration_frames_or_seconds,duration_availability,coverage_status,qc_status,include_in_main_figure,layer,interpretation_note,source_file,source_run,notes
671,T1,Baseline,,671_T1,1,ex09,Hands,Hands,0.032762,median across links of mean(|JcvPCA_link|) for R1 vs R2 within this exercise segment,0.042619,0.189806,0.676503869630217,normalized_variability = median_abs_nv(stage) / mean_over_five_stages(median_abs_nv) within the same participant×timepoint session,0.048428399999999996,0.3744827415318285,1.25478025290945,True,True,18,Number of links entering the per-exercise NV summary (NOT temporal sample/frame count),3,LFArm_to_LHand,3.0,,,unavailable_in_source_table,layer2_descriptive,authoritative_marker_gap_policy_layer2,True,Layer2_protocol_openness_descriptive,descriptive protocol-openness only; not skill or treatment,/Users/drorhazan/Desktop/gaga_psilo/projects/gaga_jcvpca/results_committee_case/marker_gap_policy_ex09_13/step08_nv_and_stability/exercise_level_nv.csv,marker_gap_policy_ex09_13/step08_nv_and_stability,Descriptive protocol-structure context only; firewalled from A2 gate. Prefer main annotation: 12/12 sessions Whole body > Hands. Slope is separate validation metadata.
671,T1,Baseline,,671_T1,2,ex10,+ Elbows,Hands + elbows,0.019666,median across links of mean(|JcvPCA_link|) for R1 vs R2 within this exercise segment,0.060374,0.237608,0.4060840333358112,normalized_variability = median_abs_nv(stage) / mean_over_five_stages(median_abs_nv) within the same participant×timepoint session,0.048428399999999996,0.3744827415318285,1.25478025290945,True,True,18,Number of links entering the per-exercise NV summary (NOT temporal sample/frame count),4,LShoulder_to_LUArm,4.0,,,unavailable_in_source_table,layer2_descriptive,authoritative_marker_gap_policy_layer2,True,Layer2_protocol_openness_descriptive,descriptive protocol-openness only; not skill or treatment,/Users/drorhazan/Desktop/gaga_psilo/projects/gaga_jcvpca/results_committee_case/marker_gap_policy_ex09_13/step08_nv_and_stability/exercise_level_nv.csv,marker_gap_policy_ex09_13/step08_nv_and_stability,Descriptive protocol-structure context only; firewalled from A2 gate. Prefer main annotation: 12/12 sessions Whole body > Hands. Slope is separate validation metadata.
671,T1,Baseline,,671_T1,3,ex11,+ Shoulders,Hands + elbows + shoulders,0.016697,median across links of mean(|JcvPCA_link|) for R1 vs R2 within this exercise segment,0.026915,0.076631,0.34477703165910917,normalized_variability = median_abs_nv(stage) / mean_over_five_stages(median_abs_nv) within the same participant×timepoint session,0.048428399999999996,0.3744827415318285,1.25478025290945,True,True,18,Number of links entering the per-exercise NV summary (NOT temporal sample/frame count),5,RFArm_to_RHand,5.0,,,unavailable_in_source_table,layer2_descriptive,authoritative_marker_gap_policy_layer2,True,Layer2_protocol_openness_descriptive,descriptive protocol-openness only; not skill or treatment,/Users/drorhazan/Desktop/gaga_psilo/projects/gaga_jcvpca/results_committee_case/marker_gap_policy_ex09_13/step08_nv_and_stability/exercise_level_nv.csv,marker_gap_policy_ex09_13/step08_nv_and_stability,Descriptive protocol-structure context only; firewalled from A2 gate. Prefer main annotation: 12/12 sessions Whole body > Hands. Slope is separate validation metadata.
671,T1,Baseline,,671_T1,4,ex12,+ Head/Nose,Hands + elbows + shoulders + head/nose,0.079488,median across links of mean(|JcvPCA_link|) for R1 vs R2 within this exercise segment,0.098345,0.250095,1.641350942835196,normalized_variability = median_abs_nv(stage) / mean_over_five_stages(median_abs_nv) within the same participant×timepoint session,0.048428399999999996,0.3744827415318285,1.25478025290945,True,True,18,Number of links entering the per-exercise NV summary (NOT temporal sample/frame count),6,RUArm_to_RFArm,2.0,,,unavailable_in_source_table,layer2_descriptive,authoritative_marker_gap_policy_layer2,True,Layer2_protocol_openness_descriptive,descriptive protocol-openness only; not skill or treatment,/Users/drorhazan/Desktop/gaga_psilo/projects/gaga_jcvpca/results_committee_case/marker_gap_policy_ex09_13/step08_nv_and_stability/exercise_level_nv.csv,marker_gap_policy_ex09_13/step08_nv_and_stability,Descriptive protocol-structure context only; firewalled from A2 gate. Prefer main annotation: 12/12 sessions Whole body > Hands. Slope is separate validation metadata.
671,T1,Baseline,,671_T1,5,ex13,Whole body,Whole body,0.093529,median across links of mean(|JcvPCA_link|) for R1 vs R2 within this exercise segment,0.089764,0.166506,1.931284122539667,normalized_variability = median_abs_nv(stage) / mean_over_five_stages(median_abs_nv) within the same participant×timepoint session,0.048428399999999996,0.3744827415318285,1.25478025290945,True,True,18,Number of links entering the per-exercise NV summary (NOT temporal sample/frame count),7,RFArm_to_RHand,1.0,2.855,,unavailable_in_source_table,layer2_descriptive,authoritative_marker_gap_policy_layer2,True,Layer2_protocol_openness_descriptive,descriptive protocol-openness only; not skill or treatment,/Users/drorhazan/Desktop/gaga_psilo/projects/gaga_jcvpca/results_committee_case/marker_gap_policy_ex09_13/step08_nv_and_stability/exercise_level_nv.csv,marker_gap_policy_ex09_13/step08_nv_and_stability,Descriptive protocol-structure context only; firewalled from A2 gate. Prefer main annotation: 12/12 sessions Whole body > Hands. Slope is separate validation metadata.
671,T2,≈4 classes,4,671_T2,1,ex09,Hands,Hands,0.016275,median across links of mean(|JcvPCA_link|) for R1 vs R2 within this exercise segment,0.059953,0.273254,0.2792294468254486,normalized_variability = median_abs_nv(stage) / mean_over_five_stages(median_abs_nv) within the same participant×timepoint session,0.0582854,0.3933283463783383,1.5949448747027557,True,True,18,Number of links entering the per-exercise NV summary (NOT temporal sample/frame count),3,RUArm_to_RFArm,5.0,,,unavailable_in_source_table,layer2_descriptive,authoritative_marker_gap_policy_layer2,True,Layer2_protocol_openness_descriptive,descriptive protocol-openness only; not skill or treatment,/Users/drorhazan/Desktop/gaga_psilo/projects/gaga_jcvpca/results_committee_case/marker_gap_policy_ex09_13/step08_nv_and_stability/exercise_level_nv.csv,marker_gap_policy_ex09_13/step08_nv_and_stability,Descriptive protocol-structure context only; firewalled from A2 gate. Prefer main annotation: 12/12 sessions Whole body > Hands. Slope is separate validation metadata.
671,T2,≈4 classes,4,671_T2,2,ex10,+ Elbows,Hands + elbows,0.033711,median across links of mean(|JcvPCA_link|) for R1 vs R2 within this exercise segment,0.057753,0.147586,0.578378118705542,normalized_variability = median_abs_nv(stage) / mean_over_five_stages(median_abs_nv) within the same participant×timepoint session,0.0582854,0.3933283463783383,1.5949448747027557,True,True,18,Number of links entering the per-exercise NV summary (NOT temporal sample/frame count),4,LShoulder_to_LUArm,4.0,,,unavailable_in_source_table,layer2_descriptive,authoritative_marker_gap_policy_layer2,True,Layer2_protocol_openness_descriptive,descriptive protocol-openness only; not skill or treatment,/Users/drorhazan/Desktop/gaga_psilo/projects/gaga_jcvpca/results_committee_case/marker_gap_policy_ex09_13/step08_nv_and_stability/exercise_level_nv.csv,marker_gap_policy_ex09_13/step08_nv_and_stability,Descriptive protocol-structure context only; firewalled from A2 gate. Prefer main annotation: 12/12 sessions Whole body > Hands. Slope is separate validation metadata.
671,T2,≈4 classes,4,671_T2,3,ex11,+ Shoulders,Hands + elbows + shoulders,0.055164,median across links of mean(|JcvPCA_link|) for R1 vs R2 within this exercise segment,0.068902,0.180877,0.9464462798573914,normalized_variability = median_abs_nv(stage) / mean_over_five_stages(median_abs_nv) within the same participant×timepoint session,0.0582854,0.3933283463783383,1.5949448747027557,True,True,18,Number of links entering the per-exercise NV summary (NOT temporal sample/frame count),5,RFArm_to_RHand,3.0,,,unavailable_in_source_table,layer2_descriptive,authoritative_marker_gap_policy_layer2,True,Layer2_protocol_openness_descriptive,descriptive protocol-openness only; not skill or treatment,/Users/drorhazan/Desktop/gaga_psilo/projects/gaga_jcvpca/results_committee_case/marker_gap_policy_ex09_13/step08_nv_and_stability/exercise_level_nv.csv,marker_gap_policy_ex09_13/step08_nv_and_stability,Descriptive protocol-structure context only; firewalled from A2 gate. Prefer main annotation: 12/12 sessions Whole body > Hands. Slope is separate validation metadata.
671,T2,≈4 classes,4,671_T2,4,ex12,+ Head/Nose,Hands + elbows + shoulders + head/nose,0.07704,median across links of mean(|JcvPCA_link|) for R1 vs R2 within this exercise segment,0.0801,0.201729,1.3217718330834136,normalized_variability = median_abs_nv(stage) / mean_over_five_stages(median_abs_nv) within the same participant×timepoint session,0.0582854,0.3933283463783383,1.5949448747027557,True,True,18,Number of links entering the per-exercise NV summary (NOT temporal sample/frame count),6,RUArm_to_RFArm,2.0,,,unavailable_in_source_table,layer2_descriptive,authoritative_marker_gap_policy_layer2,True,Layer2_protocol_openness_descriptive,descriptive protocol-openness only; not skill or treatment,/Users/drorhazan/Desktop/gaga_psilo/projects/gaga_jcvpca/results_committee_case/marker_gap_policy_ex09_13/step08_nv_and_stability/exercise_level_nv.csv,marker_gap_policy_ex09_13/step08_nv_and_stability,Descriptive protocol-structure context only; firewalled from A2 gate. Prefer main annotation: 12/12 sessions Whole body > Hands. Slope is separate validation metadata.
671,T2,≈4 classes,4,671_T2,5,ex13,Whole body,Whole body,0.109237,median across links of mean(|JcvPCA_link|) for R1 vs R2 within this exercise segment,0.114313,0.229173,1.8741743215282043,normalized_variability = median_abs_nv(stage) / mean_over_five_stages(median_abs_nv) within the same participant×timepoint session,0.0582854,0.3933283463783383,1.5949448747027557,True,True,18,Number of links entering the per-exercise NV summary (NOT temporal sample/frame count),7,RThigh_to_RShin,1.0,6.712,,unavailable_in_source_table,layer2_descriptive,authoritative_marker_gap_policy_layer2,True,Layer2_protocol_openness_descriptive,descriptive protocol-openness only; not skill or treatment,/Users/drorhazan/Desktop/gaga_psilo/projects/gaga_jcvpca/results_committee_case/marker_gap_policy_ex09_13/step08_nv_and_stability/exercise_level_nv.csv,marker_gap_policy_ex09_13/step08_nv_and_stability,Descriptive protocol-structure context only; firewalled from A2 gate. Prefer main annotation: 12/12 sessions Whole body > Hands. Slope is separate validation metadata.
671,T3,≈10 classes,10,671_T3,1,ex09,Hands,Hands,0.029721,median across links of mean(|JcvPCA_link|) for R1 vs R2 within this exercise segment,0.083787,0.345795,0.44604158912727665,normalized_variability = median_abs_nv(stage) / mean_over_five_stages(median_abs_nv) within the same participant×timepoint session,0.0666328,0.21046091414438534,0.3256954532902715,True,True,15,Number of links entering the per-exercise NV summary (NOT temporal sample/frame count),3,RUArm_to_RFArm,4.0,,,unavailable_in_source_table,layer2_descriptive,authoritative_marker_gap_policy_layer2,True,Layer2_protocol_openness_descriptive,descriptive protocol-openness only; not skill or treatment,/Users/drorhazan/Desktop/gaga_psilo/projects/gaga_jcvpca/results_committee_case/marker_gap_policy_ex09_13/step08_nv_and_stability/exercise_level_nv.csv,marker_gap_policy_ex09_13/step08_nv_and_stability,Descriptive protocol-structure context only; firewalled from A2 gate. Prefer main annotation: 12/12 sessions Whole body > Hands. Slope is separate validation metadata.
671,T3,≈10 classes,10,671_T3,2,ex10,+ Elbows,Hands + elbows,0.024348,median across links of mean(|JcvPCA_link|) for R1 vs R2 within this exercise segment,0.068233,0.17984,0.36540562605803745,normalized_variability = median_abs_nv(stage) / mean_over_five_stages(median_abs_nv) within the same participant×timepoint session,0.0666328,0.21046091414438534,0.3256954532902715,True,True,15,Number of links entering the per-exercise NV summary (NOT temporal sample/frame count),5,LFArm_to_LHand,5.0,,,unavailable_in_source_table,layer2_descriptive,authoritative_marker_gap_policy_layer2,True,Layer2_protocol_openness_descriptive,descriptive protocol-openness only; not skill or treatment,/Users/drorhazan/Desktop/gaga_psilo/projects/gaga_jcvpca/results_committee_case/marker_gap_policy_ex09_13/step08_nv_and_stability/exercise_level_nv.csv,marker_gap_policy_ex09_13/step08_nv_and_stability,Descriptive protocol-structure context only; firewalled from A2 gate. Prefer main annotation: 12/12 sessions Whole body > Hands. Slope is separate validation metadata.
671,T3,≈10 classes,10,671_T3,3,ex11,+ Shoulders,Hands + elbows + shoulders,0.106492,median across links of mean(|JcvPCA_link|) for R1 vs R2 within this exercise segment,0.086721,0.196404,1.5981918814757896,normalized_variability = median_abs_nv(stage) / mean_over_five_stages(median_abs_nv) within the same participant×timepoint session,0.0666328,0.21046091414438534,0.3256954532902715,True,True,15,Number of links entering the per-exercise NV summary (NOT temporal sample/frame count),6,LFArm_to_LHand,2.0,,,unavailable_in_source_table,layer2_descriptive,authoritative_marker_gap_policy_layer2,True,Layer2_protocol_openness_descriptive,descriptive protocol-openness only; not skill or treatment,/Users/drorhazan/Desktop/gaga_psilo/projects/gaga_jcvpca/results_committee_case/marker_gap_policy_ex09_13/step08_nv_and_stability/exercise_level_nv.csv,marker_gap_policy_ex09_13/step08_nv_and_stability,Descriptive protocol-structure context only; firewalled from A2 gate. Prefer main annotation: 12/12 sessions Whole body > Hands. Slope is separate validation metadata.
671,T3,≈10 classes,10,671_T3,4,ex12,+ Head/Nose,Hands + elbows + shoulders + head/nose,0.12118,median across links of mean(|JcvPCA_link|) for R1 vs R2 within this exercise segment,0.129105,0.258567,1.8186238609213479,normalized_variability = median_abs_nv(stage) / mean_over_five_stages(median_abs_nv) within the same participant×timepoint session,0.0666328,0.21046091414438534,0.3256954532902715,True,True,15,Number of links entering the per-exercise NV summary (NOT temporal sample/frame count),6,LShoulder_to_LUArm,1.0,,,unavailable_in_source_table,layer2_descriptive,authoritative_marker_gap_policy_layer2,True,Layer2_protocol_openness_descriptive,descriptive protocol-openness only; not skill or treatment,/Users/drorhazan/Desktop/gaga_psilo/projects/gaga_jcvpca/results_committee_case/marker_gap_policy_ex09_13/step08_nv_and_stability/exercise_level_nv.csv,marker_gap_policy_ex09_13/step08_nv_and_stability,Descriptive protocol-structure context only; firewalled from A2 gate. Prefer main annotation: 12/12 sessions Whole body > Hands. Slope is separate validation metadata.
671,T3,≈10 classes,10,671_T3,5,ex13,Whole body,Whole body,0.051423,median across links of mean(|JcvPCA_link|) for R1 vs R2 within this exercise segment,0.087662,0.21354,0.7717370424175481,normalized_variability = median_abs_nv(stage) / mean_over_five_stages(median_abs_nv) within the same participant×timepoint session,0.0666328,0.21046091414438534,0.3256954532902715,True,True,15,Number of links entering the per-exercise NV summary (NOT temporal sample/frame count),7,LShoulder_to_LUArm,3.0,1.73,,unavailable_in_source_table,layer2_descriptive,authoritative_marker_gap_policy_layer2,True,Layer2_protocol_openness_descriptive,descriptive protocol-openness only; not skill or treatment,/Users/drorhazan/Desktop/gaga_psilo/projects/gaga_jcvpca/results_committee_case/marker_gap_policy_ex09_13/step08_nv_and_stability/exercise_level_nv.csv,marker_gap_policy_ex09_13/step08_nv_and_stability,Descriptive protocol-structure context only; firewalled from A2 gate. Prefer main annotation: 12/12 sessions Whole body > Hands. Slope is separate validation metadata.
252,T1,Baseline,,252_T1,1,ex09,Hands,Hands,0.007523,median across links of mean(|JcvPCA_link|) for R1 vs R2 within this exercise segment,0.046389,0.19482,0.24924791603164717,normalized_variability = median_abs_nv(stage) / mean_over_five_stages(median_abs_nv) within the same participant×timepoint session,0.0301828,0.35652424559683,1.357660654412447,True,True,20,Number of links entering the per-exercise NV summary (NOT temporal sample/frame count),5,RUArm_to_RFArm,5.0,,,unavailable_in_source_table,layer2_descriptive,authoritative_marker_gap_policy_layer2,True,Layer2_protocol_openness_descriptive,descriptive protocol-openness only; not skill or treatment,/Users/drorhazan/Desktop/gaga_psilo/projects/gaga_jcvpca/results_committee_case/marker_gap_policy_ex09_13/step08_nv_and_stability/exercise_level_nv.csv,marker_gap_policy_ex09_13/step08_nv_and_stability,Descriptive protocol-structure context only; firewalled from A2 gate. Prefer main annotation: 12/12 sessions Whole body > Hands. Slope is separate validation metadata.
252,T1,Baseline,,252_T1,2,ex10,+ Elbows,Hands + elbows,0.017961,median across links of mean(|JcvPCA_link|) for R1 vs R2 within this exercise segment,0.050835,0.258068,0.5950740156645508,normalized_variability = median_abs_nv(stage) / mean_over_five_stages(median_abs_nv) within the same participant×timepoint session,0.0301828,0.35652424559683,1.357660654412447,True,True,20,Number of links entering the per-exercise NV summary (NOT temporal sample/frame count),4,LUArm_to_LFArm,4.0,,,unavailable_in_source_table,layer2_descriptive,authoritative_marker_gap_policy_layer2,True,Layer2_protocol_openness_descriptive,descriptive protocol-openness only; not skill or treatment,/Users/drorhazan/Desktop/gaga_psilo/projects/gaga_jcvpca/results_committee_case/marker_gap_policy_ex09_13/step08_nv_and_stability/exercise_level_nv.csv,marker_gap_policy_ex09_13/step08_nv_and_stability,Descriptive protocol-structure context only; firewalled from A2 gate. Prefer main annotation: 12/12 sessions Whole body > Hands. Slope is separate validation metadata.
252,T1,Baseline,,252_T1,3,ex11,+ Shoulders,Hands + elbows + shoulders,0.033315,median across links of mean(|JcvPCA_link|) for R1 vs R2 within this exercise segment,0.043371,0.137094,1.1037743350517513,normalized_variability = median_abs_nv(stage) / mean_over_five_stages(median_abs_nv) within the same participant×timepoint session,0.0301828,0.35652424559683,1.357660654412447,True,True,20,Number of links entering the per-exercise NV summary (NOT temporal sample/frame count),6,RUArm_to_RFArm,3.0,,,unavailable_in_source_table,layer2_descriptive,authoritative_marker_gap_policy_layer2,True,Layer2_protocol_openness_descriptive,descriptive protocol-openness only; not skill or treatment,/Users/drorhazan/Desktop/gaga_psilo/projects/gaga_jcvpca/results_committee_case/marker_gap_policy_ex09_13/step08_nv_and_stability/exercise_level_nv.csv,marker_gap_policy_ex09_13/step08_nv_and_stability,Descriptive protocol-structure context only; firewalled from A2 gate. Prefer main annotation: 12/12 sessions Whole body > Hands. Slope is separate validation metadata.
252,T1,Baseline,,252_T1,4,ex12,+ Head/Nose,Hands + elbows + shoulders + head/nose,0.043614,median across links of mean(|JcvPCA_link|) for R1 vs R2 within this exercise segment,0.063459,0.212715,1.444995162807957,normalized_variability = median_abs_nv(stage) / mean_over_five_stages(median_abs_nv) within the same participant×timepoint session,0.0301828,0.35652424559683,1.357660654412447,True,True,20,Number of links entering the per-exercise NV summary (NOT temporal sample/frame count),6,LShoulder_to_LUArm,2.0,,,unavailable_in_source_table,layer2_descriptive,authoritative_marker_gap_policy_layer2,True,Layer2_protocol_openness_descriptive,descriptive protocol-openness only; not skill or treatment,/Users/drorhazan/Desktop/gaga_psilo/projects/gaga_jcvpca/results_committee_case/marker_gap_policy_ex09_13/step08_nv_and_stability/exercise_level_nv.csv,marker_gap_policy_ex09_13/step08_nv_and_stability,Descriptive protocol-structure context only; firewalled from A2 gate. Prefer main annotation: 12/12 sessions Whole body > Hands. Slope is separate validation metadata.
252,T1,Baseline,,252_T1,5,ex13,Whole body,Whole body,0.048501,median across links of mean(|JcvPCA_link|) for R1 vs R2 within this exercise segment,0.077383,0.183717,1.6069085704440942,normalized_variability = median_abs_nv(stage) / mean_over_five_stages(median_abs_nv) within the same participant×timepoint session,0.0301828,0.35652424559683,1.357660654412447,True,True,20,Number of links entering the per-exercise NV summary (NOT temporal sample/frame count),8,RShoulder_to_RUArm,1.0,6.447,,unavailable_in_source_table,layer2_descriptive,authoritative_marker_gap_policy_layer2,True,Layer2_protocol_openness_descriptive,descriptive protocol-openness only; not skill or treatment,/Users/drorhazan/Desktop/gaga_psilo/projects/gaga_jcvpca/results_committee_case/marker_gap_policy_ex09_13/step08_nv_and_stability/exercise_level_nv.csv,marker_gap_policy_ex09_13/step08_nv_and_stability,Descriptive protocol-structure context only; firewalled from A2 gate. Prefer main annotation: 12/12 sessions Whole body > Hands. Slope is separate validation metadata.
252,T2,≈4 classes,4,252_T2,1,ex09,Hands,Hands,0.011884,median across links of mean(|JcvPCA_link|) for R1 vs R2 within this exercise segment,0.076876,0.477102,0.5988048089810644,normalized_variability = median_abs_nv(stage) / mean_over_five_stages(median_abs_nv) within the same participant×timepoint session,0.0198462,0.18913444387338635,0.9454202819683365,True,True,22,Number of links entering the per-exercise NV summary (NOT temporal sample/frame count),3,RFArm_to_RHand,5.0,,,unavailable_in_source_table,layer2_descriptive,authoritative_marker_gap_policy_layer2,True,Layer2_protocol_openness_descriptive,descriptive protocol-openness only; not skill or treatment,/Users/drorhazan/Desktop/gaga_psilo/projects/gaga_jcvpca/results_committee_case/marker_gap_policy_ex09_13/step08_nv_and_stability/exercise_level_nv.csv,marker_gap_policy_ex09_13/step08_nv_and_stability,Descriptive protocol-structure context only; firewalled from A2 gate. Prefer main annotation: 12/12 sessions Whole body > Hands. Slope is separate validation metadata.
252,T2,≈4 classes,4,252_T2,2,ex10,+ Elbows,Hands + elbows,0.016452,median across links of mean(|JcvPCA_link|) for R1 vs R2 within this exercise segment,0.082837,0.455732,0.8289748163376365,normalized_variability = median_abs_nv(stage) / mean_over_five_stages(median_abs_nv) within the same participant×timepoint session,0.0198462,0.18913444387338635,0.9454202819683365,True,True,22,Number of links entering the per-exercise NV summary (NOT temporal sample/frame count),4,LShin_to_LFoot,4.0,,,unavailable_in_source_table,layer2_descriptive,authoritative_marker_gap_policy_layer2,True,Layer2_protocol_openness_descriptive,descriptive protocol-openness only; not skill or treatment,/Users/drorhazan/Desktop/gaga_psilo/projects/gaga_jcvpca/results_committee_case/marker_gap_policy_ex09_13/step08_nv_and_stability/exercise_level_nv.csv,marker_gap_policy_ex09_13/step08_nv_and_stability,Descriptive protocol-structure context only; firewalled from A2 gate. Prefer main annotation: 12/12 sessions Whole body > Hands. Slope is separate validation metadata.
252,T2,≈4 classes,4,252_T2,3,ex11,+ Shoulders,Hands + elbows + shoulders,0.023786,median across links of mean(|JcvPCA_link|) for R1 vs R2 within this exercise segment,0.058986,0.265334,1.1985165925970716,normalized_variability = median_abs_nv(stage) / mean_over_five_stages(median_abs_nv) within the same participant×timepoint session,0.0198462,0.18913444387338635,0.9454202819683365,True,True,22,Number of links entering the per-exercise NV summary (NOT temporal sample/frame count),5,LUArm_to_LFArm,2.0,,,unavailable_in_source_table,layer2_descriptive,authoritative_marker_gap_policy_layer2,True,Layer2_protocol_openness_descriptive,descriptive protocol-openness only; not skill or treatment,/Users/drorhazan/Desktop/gaga_psilo/projects/gaga_jcvpca/results_committee_case/marker_gap_policy_ex09_13/step08_nv_and_stability/exercise_level_nv.csv,marker_gap_policy_ex09_13/step08_nv_and_stability,Descriptive protocol-structure context only; firewalled from A2 gate. Prefer main annotation: 12/12 sessions Whole body > Hands. Slope is separate validation metadata.
252,T2,≈4 classes,4,252_T2,4,ex12,+ Head/Nose,Hands + elbows + shoulders + head/nose,0.016462,median across links of mean(|JcvPCA_link|) for R1 vs R2 within this exercise segment,0.039425,0.159368,0.8294786911348269,normalized_variability = median_abs_nv(stage) / mean_over_five_stages(median_abs_nv) within the same participant×timepoint session,0.0198462,0.18913444387338635,0.9454202819683365,True,True,22,Number of links entering the per-exercise NV summary (NOT temporal sample/frame count),4,RShoulder_to_RUArm,3.0,,,unavailable_in_source_table,layer2_descriptive,authoritative_marker_gap_policy_layer2,True,Layer2_protocol_openness_descriptive,descriptive protocol-openness only; not skill or treatment,/Users/drorhazan/Desktop/gaga_psilo/projects/gaga_jcvpca/results_committee_case/marker_gap_policy_ex09_13/step08_nv_and_stability/exercise_level_nv.csv,marker_gap_policy_ex09_13/step08_nv_and_stability,Descriptive protocol-structure context only; firewalled from A2 gate. Prefer main annotation: 12/12 sessions Whole body > Hands. Slope is separate validation metadata.
252,T2,≈4 classes,4,252_T2,5,ex13,Whole body,Whole body,0.030647,median across links of mean(|JcvPCA_link|) for R1 vs R2 within this exercise segment,0.076082,0.257216,1.5442250909494009,normalized_variability = median_abs_nv(stage) / mean_over_five_stages(median_abs_nv) within the same participant×timepoint session,0.0198462,0.18913444387338635,0.9454202819683365,True,True,22,Number of links entering the per-exercise NV summary (NOT temporal sample/frame count),7,LThigh_to_LShin,1.0,2.579,,unavailable_in_source_table,layer2_descriptive,authoritative_marker_gap_policy_layer2,True,Layer2_protocol_openness_descriptive,descriptive protocol-openness only; not skill or treatment,/Users/drorhazan/Desktop/gaga_psilo/projects/gaga_jcvpca/results_committee_case/marker_gap_policy_ex09_13/step08_nv_and_stability/exercise_level_nv.csv,marker_gap_policy_ex09_13/step08_nv_and_stability,Descriptive protocol-structure context only; firewalled from A2 gate. Prefer main annotation: 12/12 sessions Whole body > Hands. Slope is separate validation metadata.
252,T3,≈10 classes,10,252_T3,1,ex09,Hands,Hands,0.003002,median across links of mean(|JcvPCA_link|) for R1 vs R2 within this exercise segment,0.033759,0.224184,0.0888517933145093,normalized_variability = median_abs_nv(stage) / mean_over_five_stages(median_abs_nv) within the same participant×timepoint session,0.0337866,0.38021582520881064,1.7015917553112774,True,True,22,Number of links entering the per-exercise NV summary (NOT temporal sample/frame count),4,RFArm_to_RHand,5.0,,,unavailable_in_source_table,layer2_descriptive,authoritative_marker_gap_policy_layer2,True,Layer2_protocol_openness_descriptive,descriptive protocol-openness only; not skill or treatment,/Users/drorhazan/Desktop/gaga_psilo/projects/gaga_jcvpca/results_committee_case/marker_gap_policy_ex09_13/step08_nv_and_stability/exercise_level_nv.csv,marker_gap_policy_ex09_13/step08_nv_and_stability,Descriptive protocol-structure context only; firewalled from A2 gate. Prefer main annotation: 12/12 sessions Whole body > Hands. Slope is separate validation metadata.
252,T3,≈10 classes,10,252_T3,2,ex10,+ Elbows,Hands + elbows,0.022573,median across links of mean(|JcvPCA_link|) for R1 vs R2 within this exercise segment,0.069551,0.334359,0.6681051067583006,normalized_variability = median_abs_nv(stage) / mean_over_five_stages(median_abs_nv) within the same participant×timepoint session,0.0337866,0.38021582520881064,1.7015917553112774,True,True,22,Number of links entering the per-exercise NV summary (NOT temporal sample/frame count),5,LUArm_to_LFArm,4.0,,,unavailable_in_source_table,layer2_descriptive,authoritative_marker_gap_policy_layer2,True,Layer2_protocol_openness_descriptive,descriptive protocol-openness only; not skill or treatment,/Users/drorhazan/Desktop/gaga_psilo/projects/gaga_jcvpca/results_committee_case/marker_gap_policy_ex09_13/step08_nv_and_stability/exercise_level_nv.csv,marker_gap_policy_ex09_13/step08_nv_and_stability,Descriptive protocol-structure context only; firewalled from A2 gate. Prefer main annotation: 12/12 sessions Whole body > Hands. Slope is separate validation metadata.
252,T3,≈10 classes,10,252_T3,3,ex11,+ Shoulders,Hands + elbows + shoulders,0.046812,median across links of mean(|JcvPCA_link|) for R1 vs R2 within this exercise segment,0.058174,0.154254,1.3855197030775515,normalized_variability = median_abs_nv(stage) / mean_over_five_stages(median_abs_nv) within the same participant×timepoint session,0.0337866,0.38021582520881064,1.7015917553112774,True,True,22,Number of links entering the per-exercise NV summary (NOT temporal sample/frame count),6,LUArm_to_LFArm,2.0,,,unavailable_in_source_table,layer2_descriptive,authoritative_marker_gap_policy_layer2,True,Layer2_protocol_openness_descriptive,descriptive protocol-openness only; not skill or treatment,/Users/drorhazan/Desktop/gaga_psilo/projects/gaga_jcvpca/results_committee_case/marker_gap_policy_ex09_13/step08_nv_and_stability/exercise_level_nv.csv,marker_gap_policy_ex09_13/step08_nv_and_stability,Descriptive protocol-structure context only; firewalled from A2 gate. Prefer main annotation: 12/12 sessions Whole body > Hands. Slope is separate validation metadata.
252,T3,≈10 classes,10,252_T3,4,ex12,+ Head/Nose,Hands + elbows + shoulders + head/nose,0.036053,median across links of mean(|JcvPCA_link|) for R1 vs R2 within this exercise segment,0.046844,0.176832,1.0670798482238522,normalized_variability = median_abs_nv(stage) / mean_over_five_stages(median_abs_nv) within the same participant×timepoint session,0.0337866,0.38021582520881064,1.7015917553112774,True,True,22,Number of links entering the per-exercise NV summary (NOT temporal sample/frame count),5,LUArm_to_LFArm,3.0,,,unavailable_in_source_table,layer2_descriptive,authoritative_marker_gap_policy_layer2,True,Layer2_protocol_openness_descriptive,descriptive protocol-openness only; not skill or treatment,/Users/drorhazan/Desktop/gaga_psilo/projects/gaga_jcvpca/results_committee_case/marker_gap_policy_ex09_13/step08_nv_and_stability/exercise_level_nv.csv,marker_gap_policy_ex09_13/step08_nv_and_stability,Descriptive protocol-structure context only; firewalled from A2 gate. Prefer main annotation: 12/12 sessions Whole body > Hands. Slope is separate validation metadata.
252,T3,≈10 classes,10,252_T3,5,ex13,Whole body,Whole body,0.060493,median across links of mean(|JcvPCA_link|) for R1 vs R2 within this exercise segment,0.08561,0.212612,1.7904435486257866,normalized_variability = median_abs_nv(stage) / mean_over_five_stages(median_abs_nv) within the same participant×timepoint session,0.0337866,0.38021582520881064,1.7015917553112774,True,True,22,Number of links entering the per-exercise NV summary (NOT temporal sample/frame count),7,LUArm_to_LFArm,1.0,20.151,,unavailable_in_source_table,layer2_descriptive,authoritative_marker_gap_policy_layer2,True,Layer2_protocol_openness_descriptive,descriptive protocol-openness only; not skill or treatment,/Users/drorhazan/Desktop/gaga_psilo/projects/gaga_jcvpca/results_committee_case/marker_gap_policy_ex09_13/step08_nv_and_stability/exercise_level_nv.csv,marker_gap_policy_ex09_13/step08_nv_and_stability,Descriptive protocol-structure context only; firewalled from A2 gate. Prefer main annotation: 12/12 sessions Whole body > Hands. Slope is separate validation metadata.
651,T1,Baseline,,651_T1,1,ex09,Hands,Hands,0.008694,median across links of mean(|JcvPCA_link|) for R1 vs R2 within this exercise segment,0.048346,0.159922,0.242798974513648,normalized_variability = median_abs_nv(stage) / mean_over_five_stages(median_abs_nv) within the same participant×timepoint session,0.0358074,0.549238425576836,2.05756352038964,True,True,13,Number of links entering the per-exercise NV summary (NOT temporal sample/frame count),4,LUArm_to_LFArm,4.0,,,unavailable_in_source_table,layer2_descriptive,authoritative_marker_gap_policy_layer2,True,Layer2_protocol_openness_descriptive,descriptive protocol-openness only; not skill or treatment,/Users/drorhazan/Desktop/gaga_psilo/projects/gaga_jcvpca/results_committee_case/marker_gap_policy_ex09_13/step08_nv_and_stability/exercise_level_nv.csv,marker_gap_policy_ex09_13/step08_nv_and_stability,Descriptive protocol-structure context only; firewalled from A2 gate. Prefer main annotation: 12/12 sessions Whole body > Hands. Slope is separate validation metadata.
651,T1,Baseline,,651_T1,2,ex10,+ Elbows,Hands + elbows,0.001065,median across links of mean(|JcvPCA_link|) for R1 vs R2 within this exercise segment,0.018348,0.052694,0.029742455470098357,normalized_variability = median_abs_nv(stage) / mean_over_five_stages(median_abs_nv) within the same participant×timepoint session,0.0358074,0.549238425576836,2.05756352038964,True,True,13,Number of links entering the per-exercise NV summary (NOT temporal sample/frame count),2,RUArm_to_RFArm,5.0,,,unavailable_in_source_table,layer2_descriptive,authoritative_marker_gap_policy_layer2,True,Layer2_protocol_openness_descriptive,descriptive protocol-openness only; not skill or treatment,/Users/drorhazan/Desktop/gaga_psilo/projects/gaga_jcvpca/results_committee_case/marker_gap_policy_ex09_13/step08_nv_and_stability/exercise_level_nv.csv,marker_gap_policy_ex09_13/step08_nv_and_stability,Descriptive protocol-structure context only; firewalled from A2 gate. Prefer main annotation: 12/12 sessions Whole body > Hands. Slope is separate validation metadata.
651,T1,Baseline,,651_T1,3,ex11,+ Shoulders,Hands + elbows + shoulders,0.036527,median across links of mean(|JcvPCA_link|) for R1 vs R2 within this exercise segment,0.046264,0.111855,1.0200964046537864,normalized_variability = median_abs_nv(stage) / mean_over_five_stages(median_abs_nv) within the same participant×timepoint session,0.0358074,0.549238425576836,2.05756352038964,True,True,13,Number of links entering the per-exercise NV summary (NOT temporal sample/frame count),4,LUArm_to_LFArm,3.0,,,unavailable_in_source_table,layer2_descriptive,authoritative_marker_gap_policy_layer2,True,Layer2_protocol_openness_descriptive,descriptive protocol-openness only; not skill or treatment,/Users/drorhazan/Desktop/gaga_psilo/projects/gaga_jcvpca/results_committee_case/marker_gap_policy_ex09_13/step08_nv_and_stability/exercise_level_nv.csv,marker_gap_policy_ex09_13/step08_nv_and_stability,Descriptive protocol-structure context only; firewalled from A2 gate. Prefer main annotation: 12/12 sessions Whole body > Hands. Slope is separate validation metadata.
651,T1,Baseline,,651_T1,4,ex12,+ Head/Nose,Hands + elbows + shoulders + head/nose,0.050381,median across links of mean(|JcvPCA_link|) for R1 vs R2 within this exercise segment,0.064719,0.158218,1.4069996704591787,normalized_variability = median_abs_nv(stage) / mean_over_five_stages(median_abs_nv) within the same participant×timepoint session,0.0358074,0.549238425576836,2.05756352038964,True,True,13,Number of links entering the per-exercise NV summary (NOT temporal sample/frame count),3,LShin_to_LFoot,2.0,,,unavailable_in_source_table,layer2_descriptive,authoritative_marker_gap_policy_layer2,True,Layer2_protocol_openness_descriptive,descriptive protocol-openness only; not skill or treatment,/Users/drorhazan/Desktop/gaga_psilo/projects/gaga_jcvpca/results_committee_case/marker_gap_policy_ex09_13/step08_nv_and_stability/exercise_level_nv.csv,marker_gap_policy_ex09_13/step08_nv_and_stability,Descriptive protocol-structure context only; firewalled from A2 gate. Prefer main annotation: 12/12 sessions Whole body > Hands. Slope is separate validation metadata.
651,T1,Baseline,,651_T1,5,ex13,Whole body,Whole body,0.08237,median across links of mean(|JcvPCA_link|) for R1 vs R2 within this exercise segment,0.090147,0.179308,2.300362494903288,normalized_variability = median_abs_nv(stage) / mean_over_five_stages(median_abs_nv) within the same participant×timepoint session,0.0358074,0.549238425576836,2.05756352038964,True,True,13,Number of links entering the per-exercise NV summary (NOT temporal sample/frame count),5,651_to_RThigh,1.0,9.474,,unavailable_in_source_table,layer2_descriptive,authoritative_marker_gap_policy_layer2,True,Layer2_protocol_openness_descriptive,descriptive protocol-openness only; not skill or treatment,/Users/drorhazan/Desktop/gaga_psilo/projects/gaga_jcvpca/results_committee_case/marker_gap_policy_ex09_13/step08_nv_and_stability/exercise_level_nv.csv,marker_gap_policy_ex09_13/step08_nv_and_stability,Descriptive protocol-structure context only; firewalled from A2 gate. Prefer main annotation: 12/12 sessions Whole body > Hands. Slope is separate validation metadata.
651,T2,≈4 classes,4,651_T2,1,ex09,Hands,Hands,0.004696,median across links of mean(|JcvPCA_link|) for R1 vs R2 within this exercise segment,0.020037,0.07765,0.11560352127931939,normalized_variability = median_abs_nv(stage) / mean_over_five_stages(median_abs_nv) within the same participant×timepoint session,0.040621599999999994,0.5627720227662131,2.0875839454871303,True,True,14,Number of links entering the per-exercise NV summary (NOT temporal sample/frame count),3,RFArm_to_RHand,4.0,,,unavailable_in_source_table,layer2_descriptive,authoritative_marker_gap_policy_layer2,True,Layer2_protocol_openness_descriptive,descriptive protocol-openness only; not skill or treatment,/Users/drorhazan/Desktop/gaga_psilo/projects/gaga_jcvpca/results_committee_case/marker_gap_policy_ex09_13/step08_nv_and_stability/exercise_level_nv.csv,marker_gap_policy_ex09_13/step08_nv_and_stability,Descriptive protocol-structure context only; firewalled from A2 gate. Prefer main annotation: 12/12 sessions Whole body > Hands. Slope is separate validation metadata.
651,T2,≈4 classes,4,651_T2,2,ex10,+ Elbows,Hands + elbows,0.004544,median across links of mean(|JcvPCA_link|) for R1 vs R2 within this exercise segment,0.012664,0.046557,0.11186166965358334,normalized_variability = median_abs_nv(stage) / mean_over_five_stages(median_abs_nv) within the same participant×timepoint session,0.040621599999999994,0.5627720227662131,2.0875839454871303,True,True,14,Number of links entering the per-exercise NV summary (NOT temporal sample/frame count),3,LUArm_to_LFArm,5.0,,,unavailable_in_source_table,layer2_descriptive,authoritative_marker_gap_policy_layer2,True,Layer2_protocol_openness_descriptive,descriptive protocol-openness only; not skill or treatment,/Users/drorhazan/Desktop/gaga_psilo/projects/gaga_jcvpca/results_committee_case/marker_gap_policy_ex09_13/step08_nv_and_stability/exercise_level_nv.csv,marker_gap_policy_ex09_13/step08_nv_and_stability,Descriptive protocol-structure context only; firewalled from A2 gate. Prefer main annotation: 12/12 sessions Whole body > Hands. Slope is separate validation metadata.
651,T2,≈4 classes,4,651_T2,3,ex11,+ Shoulders,Hands + elbows + shoulders,0.040822,median across links of mean(|JcvPCA_link|) for R1 vs R2 within this exercise segment,0.067014,0.16135,1.004933335959194,normalized_variability = median_abs_nv(stage) / mean_over_five_stages(median_abs_nv) within the same participant×timepoint session,0.040621599999999994,0.5627720227662131,2.0875839454871303,True,True,14,Number of links entering the per-exercise NV summary (NOT temporal sample/frame count),5,LShoulder_to_LUArm,3.0,,,unavailable_in_source_table,layer2_descriptive,authoritative_marker_gap_policy_layer2,True,Layer2_protocol_openness_descriptive,descriptive protocol-openness only; not skill or treatment,/Users/drorhazan/Desktop/gaga_psilo/projects/gaga_jcvpca/results_committee_case/marker_gap_policy_ex09_13/step08_nv_and_stability/exercise_level_nv.csv,marker_gap_policy_ex09_13/step08_nv_and_stability,Descriptive protocol-structure context only; firewalled from A2 gate. Prefer main annotation: 12/12 sessions Whole body > Hands. Slope is separate validation metadata.
651,T2,≈4 classes,4,651_T2,4,ex12,+ Head/Nose,Hands + elbows + shoulders + head/nose,0.063549,median across links of mean(|JcvPCA_link|) for R1 vs R2 within this exercise segment,0.087306,0.326789,1.564414006341454,normalized_variability = median_abs_nv(stage) / mean_over_five_stages(median_abs_nv) within the same participant×timepoint session,0.040621599999999994,0.5627720227662131,2.0875839454871303,True,True,14,Number of links entering the per-exercise NV summary (NOT temporal sample/frame count),4,RUArm_to_RFArm,2.0,,,unavailable_in_source_table,layer2_descriptive,authoritative_marker_gap_policy_layer2,True,Layer2_protocol_openness_descriptive,descriptive protocol-openness only; not skill or treatment,/Users/drorhazan/Desktop/gaga_psilo/projects/gaga_jcvpca/results_committee_case/marker_gap_policy_ex09_13/step08_nv_and_stability/exercise_level_nv.csv,marker_gap_policy_ex09_13/step08_nv_and_stability,Descriptive protocol-structure context only; firewalled from A2 gate. Prefer main annotation: 12/12 sessions Whole body > Hands. Slope is separate validation metadata.
651,T2,≈4 classes,4,651_T2,5,ex13,Whole body,Whole body,0.089497,median across links of mean(|JcvPCA_link|) for R1 vs R2 within this exercise segment,0.086922,0.196272,2.2031874667664497,normalized_variability = median_abs_nv(stage) / mean_over_five_stages(median_abs_nv) within the same participant×timepoint session,0.040621599999999994,0.5627720227662131,2.0875839454871303,True,True,14,Number of links entering the per-exercise NV summary (NOT temporal sample/frame count),7,LThigh_to_LShin,1.0,19.058,,unavailable_in_source_table,layer2_descriptive,authoritative_marker_gap_policy_layer2,True,Layer2_protocol_openness_descriptive,descriptive protocol-openness only; not skill or treatment,/Users/drorhazan/Desktop/gaga_psilo/projects/gaga_jcvpca/results_committee_case/marker_gap_policy_ex09_13/step08_nv_and_stability/exercise_level_nv.csv,marker_gap_policy_ex09_13/step08_nv_and_stability,Descriptive protocol-structure context only; firewalled from A2 gate. Prefer main annotation: 12/12 sessions Whole body > Hands. Slope is separate validation metadata.
651,T3,≈10 classes,10,651_T3,1,ex09,Hands,Hands,0.009482,median across links of mean(|JcvPCA_link|) for R1 vs R2 within this exercise segment,0.021041,0.052575,0.25478425829889456,normalized_variability = median_abs_nv(stage) / mean_over_five_stages(median_abs_nv) within the same participant×timepoint session,0.0372158,0.41612970834967944,2.0249195234282213,True,True,13,Number of links entering the per-exercise NV summary (NOT temporal sample/frame count),4,LUArm_to_LFArm,5.0,,,unavailable_in_source_table,layer2_descriptive,authoritative_marker_gap_policy_layer2,True,Layer2_protocol_openness_descriptive,descriptive protocol-openness only; not skill or treatment,/Users/drorhazan/Desktop/gaga_psilo/projects/gaga_jcvpca/results_committee_case/marker_gap_policy_ex09_13/step08_nv_and_stability/exercise_level_nv.csv,marker_gap_policy_ex09_13/step08_nv_and_stability,Descriptive protocol-structure context only; firewalled from A2 gate. Prefer main annotation: 12/12 sessions Whole body > Hands. Slope is separate validation metadata.
651,T3,≈10 classes,10,651_T3,2,ex10,+ Elbows,Hands + elbows,0.016091,median across links of mean(|JcvPCA_link|) for R1 vs R2 within this exercise segment,0.057413,0.161122,0.43237012236738165,normalized_variability = median_abs_nv(stage) / mean_over_five_stages(median_abs_nv) within the same participant×timepoint session,0.0372158,0.41612970834967944,2.0249195234282213,True,True,13,Number of links entering the per-exercise NV summary (NOT temporal sample/frame count),4,LShoulder_to_LUArm,4.0,,,unavailable_in_source_table,layer2_descriptive,authoritative_marker_gap_policy_layer2,True,Layer2_protocol_openness_descriptive,descriptive protocol-openness only; not skill or treatment,/Users/drorhazan/Desktop/gaga_psilo/projects/gaga_jcvpca/results_committee_case/marker_gap_policy_ex09_13/step08_nv_and_stability/exercise_level_nv.csv,marker_gap_policy_ex09_13/step08_nv_and_stability,Descriptive protocol-structure context only; firewalled from A2 gate. Prefer main annotation: 12/12 sessions Whole body > Hands. Slope is separate validation metadata.
651,T3,≈10 classes,10,651_T3,3,ex11,+ Shoulders,Hands + elbows + shoulders,0.055426,median across links of mean(|JcvPCA_link|) for R1 vs R2 within this exercise segment,0.076964,0.189984,1.4893136785988748,normalized_variability = median_abs_nv(stage) / mean_over_five_stages(median_abs_nv) within the same participant×timepoint session,0.0372158,0.41612970834967944,2.0249195234282213,True,True,13,Number of links entering the per-exercise NV summary (NOT temporal sample/frame count),4,LShoulder_to_LUArm,2.0,,,unavailable_in_source_table,layer2_descriptive,authoritative_marker_gap_policy_layer2,True,Layer2_protocol_openness_descriptive,descriptive protocol-openness only; not skill or treatment,/Users/drorhazan/Desktop/gaga_psilo/projects/gaga_jcvpca/results_committee_case/marker_gap_policy_ex09_13/step08_nv_and_stability/exercise_level_nv.csv,marker_gap_policy_ex09_13/step08_nv_and_stability,Descriptive protocol-structure context only; firewalled from A2 gate. Prefer main annotation: 12/12 sessions Whole body > Hands. Slope is separate validation metadata.
651,T3,≈10 classes,10,651_T3,4,ex12,+ Head/Nose,Hands + elbows + shoulders + head/nose,0.020239,median across links of mean(|JcvPCA_link|) for R1 vs R2 within this exercise segment,0.024205,0.062073,0.5438281590077333,normalized_variability = median_abs_nv(stage) / mean_over_five_stages(median_abs_nv) within the same participant×timepoint session,0.0372158,0.41612970834967944,2.0249195234282213,True,True,13,Number of links entering the per-exercise NV summary (NOT temporal sample/frame count),5,LUArm_to_LFArm,3.0,,,unavailable_in_source_table,layer2_descriptive,authoritative_marker_gap_policy_layer2,True,Layer2_protocol_openness_descriptive,descriptive protocol-openness only; not skill or treatment,/Users/drorhazan/Desktop/gaga_psilo/projects/gaga_jcvpca/results_committee_case/marker_gap_policy_ex09_13/step08_nv_and_stability/exercise_level_nv.csv,marker_gap_policy_ex09_13/step08_nv_and_stability,Descriptive protocol-structure context only; firewalled from A2 gate. Prefer main annotation: 12/12 sessions Whole body > Hands. Slope is separate validation metadata.
651,T3,≈10 classes,10,651_T3,5,ex13,Whole body,Whole body,0.084841,median across links of mean(|JcvPCA_link|) for R1 vs R2 within this exercise segment,0.107866,0.227846,2.279703781727116,normalized_variability = median_abs_nv(stage) / mean_over_five_stages(median_abs_nv) within the same participant×timepoint session,0.0372158,0.41612970834967944,2.0249195234282213,True,True,13,Number of links entering the per-exercise NV summary (NOT temporal sample/frame count),6,LShoulder_to_LUArm,1.0,8.948,,unavailable_in_source_table,layer2_descriptive,authoritative_marker_gap_policy_layer2,True,Layer2_protocol_openness_descriptive,descriptive protocol-openness only; not skill or treatment,/Users/drorhazan/Desktop/gaga_psilo/projects/gaga_jcvpca/results_committee_case/marker_gap_policy_ex09_13/step08_nv_and_stability/exercise_level_nv.csv,marker_gap_policy_ex09_13/step08_nv_and_stability,Descriptive protocol-structure context only; firewalled from A2 gate. Prefer main annotation: 12/12 sessions Whole body > Hands. Slope is separate validation metadata.
790,T1,Baseline,,790_T1,1,ex09,Hands,Hands,0.002151,median across links of mean(|JcvPCA_link|) for R1 vs R2 within this exercise segment,0.064793,0.465221,0.07228162615176789,normalized_variability = median_abs_nv(stage) / mean_over_five_stages(median_abs_nv) within the same participant×timepoint session,0.029758600000000003,0.3881163764424401,1.616003441022091,True,True,20,Number of links entering the per-exercise NV summary (NOT temporal sample/frame count),3,LUArm_to_LFArm,5.0,,,unavailable_in_source_table,layer2_descriptive,authoritative_marker_gap_policy_layer2,True,Layer2_protocol_openness_descriptive,descriptive protocol-openness only; not skill or treatment,/Users/drorhazan/Desktop/gaga_psilo/projects/gaga_jcvpca/results_committee_case/marker_gap_policy_ex09_13/step08_nv_and_stability/exercise_level_nv.csv,marker_gap_policy_ex09_13/step08_nv_and_stability,Descriptive protocol-structure context only; firewalled from A2 gate. Prefer main annotation: 12/12 sessions Whole body > Hands. Slope is separate validation metadata.
790,T1,Baseline,,790_T1,2,ex10,+ Elbows,Hands + elbows,0.013638,median across links of mean(|JcvPCA_link|) for R1 vs R2 within this exercise segment,0.050022,0.327666,0.4582876882649049,normalized_variability = median_abs_nv(stage) / mean_over_five_stages(median_abs_nv) within the same participant×timepoint session,0.029758600000000003,0.3881163764424401,1.616003441022091,True,True,20,Number of links entering the per-exercise NV summary (NOT temporal sample/frame count),3,LShoulder_to_LUArm,4.0,,,unavailable_in_source_table,layer2_descriptive,authoritative_marker_gap_policy_layer2,True,Layer2_protocol_openness_descriptive,descriptive protocol-openness only; not skill or treatment,/Users/drorhazan/Desktop/gaga_psilo/projects/gaga_jcvpca/results_committee_case/marker_gap_policy_ex09_13/step08_nv_and_stability/exercise_level_nv.csv,marker_gap_policy_ex09_13/step08_nv_and_stability,Descriptive protocol-structure context only; firewalled from A2 gate. Prefer main annotation: 12/12 sessions Whole body > Hands. Slope is separate validation metadata.
790,T1,Baseline,,790_T1,3,ex11,+ Shoulders,Hands + elbows + shoulders,0.049807,median across links of mean(|JcvPCA_link|) for R1 vs R2 within this exercise segment,0.057493,0.131649,1.6737010477643435,normalized_variability = median_abs_nv(stage) / mean_over_five_stages(median_abs_nv) within the same participant×timepoint session,0.029758600000000003,0.3881163764424401,1.616003441022091,True,True,20,Number of links entering the per-exercise NV summary (NOT temporal sample/frame count),4,LFArm_to_LHand,2.0,,,unavailable_in_source_table,layer2_descriptive,authoritative_marker_gap_policy_layer2,True,Layer2_protocol_openness_descriptive,descriptive protocol-openness only; not skill or treatment,/Users/drorhazan/Desktop/gaga_psilo/projects/gaga_jcvpca/results_committee_case/marker_gap_policy_ex09_13/step08_nv_and_stability/exercise_level_nv.csv,marker_gap_policy_ex09_13/step08_nv_and_stability,Descriptive protocol-structure context only; firewalled from A2 gate. Prefer main annotation: 12/12 sessions Whole body > Hands. Slope is separate validation metadata.
790,T1,Baseline,,790_T1,4,ex12,+ Head/Nose,Hands + elbows + shoulders + head/nose,0.032956,median across links of mean(|JcvPCA_link|) for R1 vs R2 within this exercise segment,0.050331,0.235932,1.1074445706451244,normalized_variability = median_abs_nv(stage) / mean_over_five_stages(median_abs_nv) within the same participant×timepoint session,0.029758600000000003,0.3881163764424401,1.616003441022091,True,True,20,Number of links entering the per-exercise NV summary (NOT temporal sample/frame count),4,LFArm_to_LHand,3.0,,,unavailable_in_source_table,layer2_descriptive,authoritative_marker_gap_policy_layer2,True,Layer2_protocol_openness_descriptive,descriptive protocol-openness only; not skill or treatment,/Users/drorhazan/Desktop/gaga_psilo/projects/gaga_jcvpca/results_committee_case/marker_gap_policy_ex09_13/step08_nv_and_stability/exercise_level_nv.csv,marker_gap_policy_ex09_13/step08_nv_and_stability,Descriptive protocol-structure context only; firewalled from A2 gate. Prefer main annotation: 12/12 sessions Whole body > Hands. Slope is separate validation metadata.
790,T1,Baseline,,790_T1,5,ex13,Whole body,Whole body,0.050241,median across links of mean(|JcvPCA_link|) for R1 vs R2 within this exercise segment,0.079538,0.258059,1.6882850671738587,normalized_variability = median_abs_nv(stage) / mean_over_five_stages(median_abs_nv) within the same participant×timepoint session,0.029758600000000003,0.3881163764424401,1.616003441022091,True,True,20,Number of links entering the per-exercise NV summary (NOT temporal sample/frame count),6,LShoulder_to_LUArm,1.0,23.357,,unavailable_in_source_table,layer2_descriptive,authoritative_marker_gap_policy_layer2,True,Layer2_protocol_openness_descriptive,descriptive protocol-openness only; not skill or treatment,/Users/drorhazan/Desktop/gaga_psilo/projects/gaga_jcvpca/results_committee_case/marker_gap_policy_ex09_13/step08_nv_and_stability/exercise_level_nv.csv,marker_gap_policy_ex09_13/step08_nv_and_stability,Descriptive protocol-structure context only; firewalled from A2 gate. Prefer main annotation: 12/12 sessions Whole body > Hands. Slope is separate validation metadata.
790,T2,≈4 classes,4,790_T2,1,ex09,Hands,Hands,0.006601,median across links of mean(|JcvPCA_link|) for R1 vs R2 within this exercise segment,0.029873,0.14987,0.2930729818766261,normalized_variability = median_abs_nv(stage) / mean_over_five_stages(median_abs_nv) within the same participant×timepoint session,0.0225234,0.3796096504080201,1.377500732571459,True,True,22,Number of links entering the per-exercise NV summary (NOT temporal sample/frame count),4,LUArm_to_LFArm,5.0,,,unavailable_in_source_table,layer2_descriptive,authoritative_marker_gap_policy_layer2,True,Layer2_protocol_openness_descriptive,descriptive protocol-openness only; not skill or treatment,/Users/drorhazan/Desktop/gaga_psilo/projects/gaga_jcvpca/results_committee_case/marker_gap_policy_ex09_13/step08_nv_and_stability/exercise_level_nv.csv,marker_gap_policy_ex09_13/step08_nv_and_stability,Descriptive protocol-structure context only; firewalled from A2 gate. Prefer main annotation: 12/12 sessions Whole body > Hands. Slope is separate validation metadata.
790,T2,≈4 classes,4,790_T2,2,ex10,+ Elbows,Hands + elbows,0.016554,median across links of mean(|JcvPCA_link|) for R1 vs R2 within this exercise segment,0.045908,0.168466,0.7349689656090999,normalized_variability = median_abs_nv(stage) / mean_over_five_stages(median_abs_nv) within the same participant×timepoint session,0.0225234,0.3796096504080201,1.377500732571459,True,True,22,Number of links entering the per-exercise NV summary (NOT temporal sample/frame count),4,RShoulder_to_RUArm,3.0,,,unavailable_in_source_table,layer2_descriptive,authoritative_marker_gap_policy_layer2,True,Layer2_protocol_openness_descriptive,descriptive protocol-openness only; not skill or treatment,/Users/drorhazan/Desktop/gaga_psilo/projects/gaga_jcvpca/results_committee_case/marker_gap_policy_ex09_13/step08_nv_and_stability/exercise_level_nv.csv,marker_gap_policy_ex09_13/step08_nv_and_stability,Descriptive protocol-structure context only; firewalled from A2 gate. Prefer main annotation: 12/12 sessions Whole body > Hands. Slope is separate validation metadata.
790,T2,≈4 classes,4,790_T2,3,ex11,+ Shoulders,Hands + elbows + shoulders,0.011832,median across links of mean(|JcvPCA_link|) for R1 vs R2 within this exercise segment,0.019863,0.066928,0.5253203335198061,normalized_variability = median_abs_nv(stage) / mean_over_five_stages(median_abs_nv) within the same participant×timepoint session,0.0225234,0.3796096504080201,1.377500732571459,True,True,22,Number of links entering the per-exercise NV summary (NOT temporal sample/frame count),4,LShoulder_to_LUArm,4.0,,,unavailable_in_source_table,layer2_descriptive,authoritative_marker_gap_policy_layer2,True,Layer2_protocol_openness_descriptive,descriptive protocol-openness only; not skill or treatment,/Users/drorhazan/Desktop/gaga_psilo/projects/gaga_jcvpca/results_committee_case/marker_gap_policy_ex09_13/step08_nv_and_stability/exercise_level_nv.csv,marker_gap_policy_ex09_13/step08_nv_and_stability,Descriptive protocol-structure context only; firewalled from A2 gate. Prefer main annotation: 12/12 sessions Whole body > Hands. Slope is separate validation metadata.
790,T2,≈4 classes,4,790_T2,4,ex12,+ Head/Nose,Hands + elbows + shoulders + head/nose,0.040003,median across links of mean(|JcvPCA_link|) for R1 vs R2 within this exercise segment,0.057222,0.237864,1.776064004546383,normalized_variability = median_abs_nv(stage) / mean_over_five_stages(median_abs_nv) within the same participant×timepoint session,0.0225234,0.3796096504080201,1.377500732571459,True,True,22,Number of links entering the per-exercise NV summary (NOT temporal sample/frame count),4,LUArm_to_LFArm,1.0,,,unavailable_in_source_table,layer2_descriptive,authoritative_marker_gap_policy_layer2,True,Layer2_protocol_openness_descriptive,descriptive protocol-openness only; not skill or treatment,/Users/drorhazan/Desktop/gaga_psilo/projects/gaga_jcvpca/results_committee_case/marker_gap_policy_ex09_13/step08_nv_and_stability/exercise_level_nv.csv,marker_gap_policy_ex09_13/step08_nv_and_stability,Descriptive protocol-structure context only; firewalled from A2 gate. Prefer main annotation: 12/12 sessions Whole body > Hands. Slope is separate validation metadata.
790,T2,≈4 classes,4,790_T2,5,ex13,Whole body,Whole body,0.037627,median across links of mean(|JcvPCA_link|) for R1 vs R2 within this exercise segment,0.065747,0.198382,1.6705737144480852,normalized_variability = median_abs_nv(stage) / mean_over_five_stages(median_abs_nv) within the same participant×timepoint session,0.0225234,0.3796096504080201,1.377500732571459,True,True,22,Number of links entering the per-exercise NV summary (NOT temporal sample/frame count),6,RShoulder_to_RUArm,2.0,5.7,,unavailable_in_source_table,layer2_descriptive,authoritative_marker_gap_policy_layer2,True,Layer2_protocol_openness_descriptive,descriptive protocol-openness only; not skill or treatment,/Users/drorhazan/Desktop/gaga_psilo/projects/gaga_jcvpca/results_committee_case/marker_gap_policy_ex09_13/step08_nv_and_stability/exercise_level_nv.csv,marker_gap_policy_ex09_13/step08_nv_and_stability,Descriptive protocol-structure context only; firewalled from A2 gate. Prefer main annotation: 12/12 sessions Whole body > Hands. Slope is separate validation metadata.
790,T3,≈10 classes,10,790_T3,1,ex09,Hands,Hands,0.001681,median across links of mean(|JcvPCA_link|) for R1 vs R2 within this exercise segment,0.028166,0.201295,0.058214434132151265,normalized_variability = median_abs_nv(stage) / mean_over_five_stages(median_abs_nv) within the same participant×timepoint session,0.028876000000000002,0.4835122593156947,1.725446737775315,True,True,20,Number of links entering the per-exercise NV summary (NOT temporal sample/frame count),3,RFArm_to_RHand,5.0,,,unavailable_in_source_table,layer2_descriptive,authoritative_marker_gap_policy_layer2,True,Layer2_protocol_openness_descriptive,descriptive protocol-openness only; not skill or treatment,/Users/drorhazan/Desktop/gaga_psilo/projects/gaga_jcvpca/results_committee_case/marker_gap_policy_ex09_13/step08_nv_and_stability/exercise_level_nv.csv,marker_gap_policy_ex09_13/step08_nv_and_stability,Descriptive protocol-structure context only; firewalled from A2 gate. Prefer main annotation: 12/12 sessions Whole body > Hands. Slope is separate validation metadata.
790,T3,≈10 classes,10,790_T3,2,ex10,+ Elbows,Hands + elbows,0.006402,median across links of mean(|JcvPCA_link|) for R1 vs R2 within this exercise segment,0.042756,0.28695,0.2217066075633744,normalized_variability = median_abs_nv(stage) / mean_over_five_stages(median_abs_nv) within the same participant×timepoint session,0.028876000000000002,0.4835122593156947,1.725446737775315,True,True,20,Number of links entering the per-exercise NV summary (NOT temporal sample/frame count),4,RUArm_to_RFArm,4.0,,,unavailable_in_source_table,layer2_descriptive,authoritative_marker_gap_policy_layer2,True,Layer2_protocol_openness_descriptive,descriptive protocol-openness only; not skill or treatment,/Users/drorhazan/Desktop/gaga_psilo/projects/gaga_jcvpca/results_committee_case/marker_gap_policy_ex09_13/step08_nv_and_stability/exercise_level_nv.csv,marker_gap_policy_ex09_13/step08_nv_and_stability,Descriptive protocol-structure context only; firewalled from A2 gate. Prefer main annotation: 12/12 sessions Whole body > Hands. Slope is separate validation metadata.
790,T3,≈10 classes,10,790_T3,3,ex11,+ Shoulders,Hands + elbows + shoulders,0.038419,median across links of mean(|JcvPCA_link|) for R1 vs R2 within this exercise segment,0.051549,0.233506,1.3304820612273167,normalized_variability = median_abs_nv(stage) / mean_over_five_stages(median_abs_nv) within the same participant×timepoint session,0.028876000000000002,0.4835122593156947,1.725446737775315,True,True,20,Number of links entering the per-exercise NV summary (NOT temporal sample/frame count),4,LUArm_to_LFArm,3.0,,,unavailable_in_source_table,layer2_descriptive,authoritative_marker_gap_policy_layer2,True,Layer2_protocol_openness_descriptive,descriptive protocol-openness only; not skill or treatment,/Users/drorhazan/Desktop/gaga_psilo/projects/gaga_jcvpca/results_committee_case/marker_gap_policy_ex09_13/step08_nv_and_stability/exercise_level_nv.csv,marker_gap_policy_ex09_13/step08_nv_and_stability,Descriptive protocol-structure context only; firewalled from A2 gate. Prefer main annotation: 12/12 sessions Whole body > Hands. Slope is separate validation metadata.
790,T3,≈10 classes,10,790_T3,4,ex12,+ Head/Nose,Hands + elbows + shoulders + head/nose,0.046373,median across links of mean(|JcvPCA_link|) for R1 vs R2 within this exercise segment,0.064711,0.176333,1.6059357251696909,normalized_variability = median_abs_nv(stage) / mean_over_five_stages(median_abs_nv) within the same participant×timepoint session,0.028876000000000002,0.4835122593156947,1.725446737775315,True,True,20,Number of links entering the per-exercise NV summary (NOT temporal sample/frame count),5,RUArm_to_RFArm,2.0,,,unavailable_in_source_table,layer2_descriptive,authoritative_marker_gap_policy_layer2,True,Layer2_protocol_openness_descriptive,descriptive protocol-openness only; not skill or treatment,/Users/drorhazan/Desktop/gaga_psilo/projects/gaga_jcvpca/results_committee_case/marker_gap_policy_ex09_13/step08_nv_and_stability/exercise_level_nv.csv,marker_gap_policy_ex09_13/step08_nv_and_stability,Descriptive protocol-structure context only; firewalled from A2 gate. Prefer main annotation: 12/12 sessions Whole body > Hands. Slope is separate validation metadata.
790,T3,≈10 classes,10,790_T3,5,ex13,Whole body,Whole body,0.051505,median across links of mean(|JcvPCA_link|) for R1 vs R2 within this exercise segment,0.086794,0.239422,1.7836611719074664,normalized_variability = median_abs_nv(stage) / mean_over_five_stages(median_abs_nv) within the same participant×timepoint session,0.028876000000000002,0.4835122593156947,1.725446737775315,True,True,20,Number of links entering the per-exercise NV summary (NOT temporal sample/frame count),7,790_to_LThigh,1.0,30.64,,unavailable_in_source_table,layer2_descriptive,authoritative_marker_gap_policy_layer2,True,Layer2_protocol_openness_descriptive,descriptive protocol-openness only; not skill or treatment,/Users/drorhazan/Desktop/gaga_psilo/projects/gaga_jcvpca/results_committee_case/marker_gap_policy_ex09_13/step08_nv_and_stability/exercise_level_nv.csv,marker_gap_policy_ex09_13/step08_nv_and_stability,Descriptive protocol-structure context only; firewalled from A2 gate. Prefer main annotation: 12/12 sessions Whole body > Hands. Slope is separate validation metadata.
