participant,comparison,comparison_alias,scope,exercise,metric,T1_R1,T1_R2,Tk_R1,Tk_R2,Drep_T1,Drep_floor_used,Drep_unstable,Delta_R1,Delta_R2,Delta_mean,direction,direction_consistency,exceeds_drep_both_reps,coupling_change_category,n_windows_min_across_cells,reliability_QC,interpretation_status,jcvpca_A2_count_pooled,jcvpca_coverage,jcvpca_A2_links_pooled,jcvpca_regions_touched,jcvpca_exercise_resolved,region_compatible_with_metric,concordance,source_file
252,T1_vs_T2,D12,PRIMARY,ex9,regional_coupling,0.130172,0.287692,0.056788,-0.002212,0.157520,0.010447,False,-0.073384,-0.289904,-0.181644,DECREASE,SAME_SIGN,False,LIMITED,4,OK_MIN_WINDOWS>=3,EXCEEDS_R1R2_PARTIAL_MATCH,3,adequate,Chest_to_LShoulder;LFArm_to_LHand;RFArm_to_RHand,arm;trunk,NO_POOLED_ONLY,True,CONVERGENT_COORDINATION_EVIDENCE,outputs/s5_explicit/window_features.csv (mean over windows per pid×T×R×ex; no raw recompute)
252,T1_vs_T3,D13,SUPPLEMENTAL,ex9,regional_coupling,0.130172,0.287692,0.072069,0.136533,0.157520,0.010447,False,-0.058103,-0.151159,-0.104631,DECREASE,SAME_SIGN,False,LIMITED,4,OK_MIN_WINDOWS>=3,DIRECTIONAL_BUT_LE_OR_NEAR_DREP,12,limited,252_to_RThigh;Chest_to_LShoulder;Chest_to_Neck;LShoulder_to_LUArm;LUArm_to_LFArm;Neck2_to_Head;Neck_to_Neck2;RFArm_to_RHand;RShin_to_RFoot;RShoulder_to_RUArm;RThigh_to_RShin;RUArm_to_RFArm,arm;head_neck;leg;trunk,NO_POOLED_ONLY,True,CONVERGENT_COORDINATION_EVIDENCE,outputs/s5_explicit/window_features.csv (mean over windows per pid×T×R×ex; no raw recompute)
252,T1_vs_T2,D12,PRIMARY,ex9,trunk_arm_lagged_coupling,0.266289,0.250092,0.232328,0.220174,0.016197,0.012910,False,-0.033961,-0.029918,-0.031939,DECREASE,SAME_SIGN,True,PRESENT,4,OK_MIN_WINDOWS>=3,EXCEEDS_R1R2_DIRECTION_CONSISTENT,3,adequate,Chest_to_LShoulder;LFArm_to_LHand;RFArm_to_RHand,arm;trunk,NO_POOLED_ONLY,True,CONVERGENT_COORDINATION_EVIDENCE,outputs/s5_explicit/window_features.csv (mean over windows per pid×T×R×ex; no raw recompute)
252,T1_vs_T3,D13,SUPPLEMENTAL,ex9,trunk_arm_lagged_coupling,0.266289,0.250092,0.302750,0.303627,0.016197,0.012910,False,0.036461,0.053536,0.044999,INCREASE,SAME_SIGN,True,PRESENT,4,OK_MIN_WINDOWS>=3,EXCEEDS_R1R2_DIRECTION_CONSISTENT,12,limited,252_to_RThigh;Chest_to_LShoulder;Chest_to_Neck;LShoulder_to_LUArm;LUArm_to_LFArm;Neck2_to_Head;Neck_to_Neck2;RFArm_to_RHand;RShin_to_RFoot;RShoulder_to_RUArm;RThigh_to_RShin;RUArm_to_RFArm,arm;head_neck;leg;trunk,NO_POOLED_ONLY,True,CONVERGENT_COORDINATION_EVIDENCE,outputs/s5_explicit/window_features.csv (mean over windows per pid×T×R×ex; no raw recompute)
252,T1_vs_T2,D12,PRIMARY,ex10,regional_coupling,0.155033,0.181531,0.117265,0.149195,0.026498,0.010000,False,-0.037769,-0.032336,-0.035052,DECREASE,SAME_SIGN,True,PRESENT,5,OK_MIN_WINDOWS>=3,EXCEEDS_R1R2_DIRECTION_CONSISTENT,3,adequate,Chest_to_LShoulder;LFArm_to_LHand;RFArm_to_RHand,arm;trunk,NO_POOLED_ONLY,True,CONVERGENT_COORDINATION_EVIDENCE,outputs/s5_explicit/window_features.csv (mean over windows per pid×T×R×ex; no raw recompute)
252,T1_vs_T3,D13,SUPPLEMENTAL,ex10,regional_coupling,0.155033,0.181531,0.154628,0.201914,0.026498,0.010000,False,-0.000405,0.020383,0.009989,STABLE_OR_UNCLEAR,OPPOSITE_SIGN,False,UNRELIABLE,5,OK_MIN_WINDOWS>=3,INCONSISTENT_ACROSS_REPS,12,limited,252_to_RThigh;Chest_to_LShoulder;Chest_to_Neck;LShoulder_to_LUArm;LUArm_to_LFArm;Neck2_to_Head;Neck_to_Neck2;RFArm_to_RHand;RShin_to_RFoot;RShoulder_to_RUArm;RThigh_to_RShin;RUArm_to_RFArm,arm;head_neck;leg;trunk,NO_POOLED_ONLY,True,INSUFFICIENT_OR_UNRELIABLE,outputs/s5_explicit/window_features.csv (mean over windows per pid×T×R×ex; no raw recompute)
252,T1_vs_T2,D12,PRIMARY,ex10,trunk_arm_lagged_coupling,0.252434,0.216322,0.299724,0.391107,0.036112,0.011719,False,0.047290,0.174786,0.111038,INCREASE,SAME_SIGN,True,PRESENT,5,OK_MIN_WINDOWS>=3,EXCEEDS_R1R2_DIRECTION_CONSISTENT,3,adequate,Chest_to_LShoulder;LFArm_to_LHand;RFArm_to_RHand,arm;trunk,NO_POOLED_ONLY,True,CONVERGENT_COORDINATION_EVIDENCE,outputs/s5_explicit/window_features.csv (mean over windows per pid×T×R×ex; no raw recompute)
252,T1_vs_T3,D13,SUPPLEMENTAL,ex10,trunk_arm_lagged_coupling,0.252434,0.216322,0.377215,0.336311,0.036112,0.011719,False,0.124781,0.119990,0.122385,INCREASE,SAME_SIGN,True,PRESENT,5,OK_MIN_WINDOWS>=3,EXCEEDS_R1R2_DIRECTION_CONSISTENT,12,limited,252_to_RThigh;Chest_to_LShoulder;Chest_to_Neck;LShoulder_to_LUArm;LUArm_to_LFArm;Neck2_to_Head;Neck_to_Neck2;RFArm_to_RHand;RShin_to_RFoot;RShoulder_to_RUArm;RThigh_to_RShin;RUArm_to_RFArm,arm;head_neck;leg;trunk,NO_POOLED_ONLY,True,CONVERGENT_COORDINATION_EVIDENCE,outputs/s5_explicit/window_features.csv (mean over windows per pid×T×R×ex; no raw recompute)
252,T1_vs_T2,D12,PRIMARY,ex11,regional_coupling,0.135415,0.180711,0.186065,0.126856,0.045296,0.010000,False,0.050650,-0.053855,-0.001603,STABLE_OR_UNCLEAR,OPPOSITE_SIGN,False,UNRELIABLE,4,OK_MIN_WINDOWS>=3,INCONSISTENT_ACROSS_REPS,3,adequate,Chest_to_LShoulder;LFArm_to_LHand;RFArm_to_RHand,arm;trunk,NO_POOLED_ONLY,True,INSUFFICIENT_OR_UNRELIABLE,outputs/s5_explicit/window_features.csv (mean over windows per pid×T×R×ex; no raw recompute)
252,T1_vs_T3,D13,SUPPLEMENTAL,ex11,regional_coupling,0.135415,0.180711,0.153551,0.152288,0.045296,0.010000,False,0.018136,-0.028423,-0.005143,STABLE_OR_UNCLEAR,OPPOSITE_SIGN,False,UNRELIABLE,5,OK_MIN_WINDOWS>=3,INCONSISTENT_ACROSS_REPS,12,limited,252_to_RThigh;Chest_to_LShoulder;Chest_to_Neck;LShoulder_to_LUArm;LUArm_to_LFArm;Neck2_to_Head;Neck_to_Neck2;RFArm_to_RHand;RShin_to_RFoot;RShoulder_to_RUArm;RThigh_to_RShin;RUArm_to_RFArm,arm;head_neck;leg;trunk,NO_POOLED_ONLY,True,INSUFFICIENT_OR_UNRELIABLE,outputs/s5_explicit/window_features.csv (mean over windows per pid×T×R×ex; no raw recompute)
252,T1_vs_T2,D12,PRIMARY,ex11,trunk_arm_lagged_coupling,0.260012,0.249879,0.326044,0.269931,0.010133,0.012747,True,0.066032,0.020052,0.043042,INCREASE,SAME_SIGN,False,UNRELIABLE,4,OK_MIN_WINDOWS>=3,EXCEEDS_BUT_DREP_UNSTABLE,3,adequate,Chest_to_LShoulder;LFArm_to_LHand;RFArm_to_RHand,arm;trunk,NO_POOLED_ONLY,True,INSUFFICIENT_OR_UNRELIABLE,outputs/s5_explicit/window_features.csv (mean over windows per pid×T×R×ex; no raw recompute)
252,T1_vs_T3,D13,SUPPLEMENTAL,ex11,trunk_arm_lagged_coupling,0.260012,0.249879,0.260695,0.287870,0.010133,0.012747,True,0.000683,0.037991,0.019337,INCREASE,SAME_SIGN,False,LIMITED,5,OK_MIN_WINDOWS>=3,EXCEEDS_R1R2_PARTIAL_MATCH,12,limited,252_to_RThigh;Chest_to_LShoulder;Chest_to_Neck;LShoulder_to_LUArm;LUArm_to_LFArm;Neck2_to_Head;Neck_to_Neck2;RFArm_to_RHand;RShin_to_RFoot;RShoulder_to_RUArm;RThigh_to_RShin;RUArm_to_RFArm,arm;head_neck;leg;trunk,NO_POOLED_ONLY,True,CONVERGENT_COORDINATION_EVIDENCE,outputs/s5_explicit/window_features.csv (mean over windows per pid×T×R×ex; no raw recompute)
252,T1_vs_T2,D12,PRIMARY,ex12,regional_coupling,0.295902,0.032315,0.245056,0.050125,0.263588,0.010000,False,-0.050846,0.017810,-0.016518,STABLE_OR_UNCLEAR,OPPOSITE_SIGN,False,UNRELIABLE,3,OK_MIN_WINDOWS>=3,INCONSISTENT_ACROSS_REPS,3,adequate,Chest_to_LShoulder;LFArm_to_LHand;RFArm_to_RHand,arm;trunk,NO_POOLED_ONLY,True,INSUFFICIENT_OR_UNRELIABLE,outputs/s5_explicit/window_features.csv (mean over windows per pid×T×R×ex; no raw recompute)
252,T1_vs_T3,D13,SUPPLEMENTAL,ex12,regional_coupling,0.295902,0.032315,0.166253,0.194591,0.263588,0.010000,False,-0.129649,0.162276,0.016314,STABLE_OR_UNCLEAR,OPPOSITE_SIGN,False,UNRELIABLE,3,OK_MIN_WINDOWS>=3,INCONSISTENT_ACROSS_REPS,12,limited,252_to_RThigh;Chest_to_LShoulder;Chest_to_Neck;LShoulder_to_LUArm;LUArm_to_LFArm;Neck2_to_Head;Neck_to_Neck2;RFArm_to_RHand;RShin_to_RFoot;RShoulder_to_RUArm;RThigh_to_RShin;RUArm_to_RFArm,arm;head_neck;leg;trunk,NO_POOLED_ONLY,True,INSUFFICIENT_OR_UNRELIABLE,outputs/s5_explicit/window_features.csv (mean over windows per pid×T×R×ex; no raw recompute)
252,T1_vs_T2,D12,PRIMARY,ex12,trunk_arm_lagged_coupling,0.396811,0.220897,0.257962,0.276673,0.175915,0.015443,False,-0.138849,0.055776,-0.041537,STABLE_OR_UNCLEAR,OPPOSITE_SIGN,False,UNRELIABLE,3,OK_MIN_WINDOWS>=3,INCONSISTENT_ACROSS_REPS,3,adequate,Chest_to_LShoulder;LFArm_to_LHand;RFArm_to_RHand,arm;trunk,NO_POOLED_ONLY,True,INSUFFICIENT_OR_UNRELIABLE,outputs/s5_explicit/window_features.csv (mean over windows per pid×T×R×ex; no raw recompute)
252,T1_vs_T3,D13,SUPPLEMENTAL,ex12,trunk_arm_lagged_coupling,0.396811,0.220897,0.259828,0.347549,0.175915,0.015443,False,-0.136984,0.126652,-0.005166,STABLE_OR_UNCLEAR,OPPOSITE_SIGN,False,UNRELIABLE,3,OK_MIN_WINDOWS>=3,INCONSISTENT_ACROSS_REPS,12,limited,252_to_RThigh;Chest_to_LShoulder;Chest_to_Neck;LShoulder_to_LUArm;LUArm_to_LFArm;Neck2_to_Head;Neck_to_Neck2;RFArm_to_RHand;RShin_to_RFoot;RShoulder_to_RUArm;RThigh_to_RShin;RUArm_to_RFArm,arm;head_neck;leg;trunk,NO_POOLED_ONLY,True,INSUFFICIENT_OR_UNRELIABLE,outputs/s5_explicit/window_features.csv (mean over windows per pid×T×R×ex; no raw recompute)
252,T1_vs_T2,D12,PRIMARY,ex13,regional_coupling,0.067999,0.056019,0.012228,0.042521,0.011980,0.010000,False,-0.055770,-0.013498,-0.034634,DECREASE,SAME_SIGN,True,PRESENT,6,OK_MIN_WINDOWS>=3,EXCEEDS_R1R2_DIRECTION_CONSISTENT,3,adequate,Chest_to_LShoulder;LFArm_to_LHand;RFArm_to_RHand,arm;trunk,NO_POOLED_ONLY,True,CONVERGENT_COORDINATION_EVIDENCE,outputs/s5_explicit/window_features.csv (mean over windows per pid×T×R×ex; no raw recompute)
252,T1_vs_T3,D13,SUPPLEMENTAL,ex13,regional_coupling,0.067999,0.056019,0.125871,0.010917,0.011980,0.010000,False,0.057872,-0.045102,0.006385,STABLE_OR_UNCLEAR,OPPOSITE_SIGN,False,UNRELIABLE,6,OK_MIN_WINDOWS>=3,INCONSISTENT_ACROSS_REPS,12,limited,252_to_RThigh;Chest_to_LShoulder;Chest_to_Neck;LShoulder_to_LUArm;LUArm_to_LFArm;Neck2_to_Head;Neck_to_Neck2;RFArm_to_RHand;RShin_to_RFoot;RShoulder_to_RUArm;RThigh_to_RShin;RUArm_to_RFArm,arm;head_neck;leg;trunk,NO_POOLED_ONLY,True,INSUFFICIENT_OR_UNRELIABLE,outputs/s5_explicit/window_features.csv (mean over windows per pid×T×R×ex; no raw recompute)
252,T1_vs_T2,D12,PRIMARY,ex13,trunk_arm_lagged_coupling,0.255447,0.325821,0.341292,0.312825,0.070373,0.014532,False,0.085844,-0.012996,0.036424,STABLE_OR_UNCLEAR,OPPOSITE_SIGN,False,UNRELIABLE,6,OK_MIN_WINDOWS>=3,INCONSISTENT_ACROSS_REPS,3,adequate,Chest_to_LShoulder;LFArm_to_LHand;RFArm_to_RHand,arm;trunk,NO_POOLED_ONLY,True,INSUFFICIENT_OR_UNRELIABLE,outputs/s5_explicit/window_features.csv (mean over windows per pid×T×R×ex; no raw recompute)
252,T1_vs_T3,D13,SUPPLEMENTAL,ex13,trunk_arm_lagged_coupling,0.255447,0.325821,0.344598,0.364289,0.070373,0.014532,False,0.089151,0.038468,0.063809,INCREASE,SAME_SIGN,False,LIMITED,6,OK_MIN_WINDOWS>=3,DIRECTIONAL_BUT_LE_OR_NEAR_DREP,12,limited,252_to_RThigh;Chest_to_LShoulder;Chest_to_Neck;LShoulder_to_LUArm;LUArm_to_LFArm;Neck2_to_Head;Neck_to_Neck2;RFArm_to_RHand;RShin_to_RFoot;RShoulder_to_RUArm;RThigh_to_RShin;RUArm_to_RFArm,arm;head_neck;leg;trunk,NO_POOLED_ONLY,True,CONVERGENT_COORDINATION_EVIDENCE,outputs/s5_explicit/window_features.csv (mean over windows per pid×T×R×ex; no raw recompute)
651,T1_vs_T2,D12,PRIMARY,ex9,regional_coupling,0.289525,0.293388,0.227069,0.344980,0.003863,0.014573,True,-0.062456,0.051591,-0.005432,STABLE_OR_UNCLEAR,OPPOSITE_SIGN,False,UNRELIABLE,4,OK_MIN_WINDOWS>=3,INCONSISTENT_ACROSS_REPS,4,adequate,LFArm_to_LHand;LUArm_to_LFArm;RShoulder_to_RUArm;RThigh_to_RShin,arm;leg,NO_POOLED_ONLY,True,INSUFFICIENT_OR_UNRELIABLE,outputs/s5_explicit/window_features.csv (mean over windows per pid×T×R×ex; no raw recompute)
651,T1_vs_T3,D13,SUPPLEMENTAL,ex9,regional_coupling,0.289525,0.293388,0.202043,0.144716,0.003863,0.014573,True,-0.087482,-0.148672,-0.118077,DECREASE,SAME_SIGN,False,UNRELIABLE,4,OK_MIN_WINDOWS>=3,EXCEEDS_BUT_DREP_UNSTABLE,2,limited,LShoulder_to_LUArm;LThigh_to_LShin,arm;leg,NO_POOLED_ONLY,True,INSUFFICIENT_OR_UNRELIABLE,outputs/s5_explicit/window_features.csv (mean over windows per pid×T×R×ex; no raw recompute)
651,T1_vs_T2,D12,PRIMARY,ex9,trunk_arm_lagged_coupling,0.218511,0.254473,0.318432,0.341637,0.035961,0.011825,False,0.099920,0.087164,0.093542,INCREASE,SAME_SIGN,True,PRESENT,4,OK_MIN_WINDOWS>=3,EXCEEDS_R1R2_DIRECTION_CONSISTENT,4,adequate,LFArm_to_LHand;LUArm_to_LFArm;RShoulder_to_RUArm;RThigh_to_RShin,arm;leg,NO_POOLED_ONLY,True,CONVERGENT_COORDINATION_EVIDENCE,outputs/s5_explicit/window_features.csv (mean over windows per pid×T×R×ex; no raw recompute)
651,T1_vs_T3,D13,SUPPLEMENTAL,ex9,trunk_arm_lagged_coupling,0.218511,0.254473,0.234743,0.298578,0.035961,0.011825,False,0.016232,0.044105,0.030168,INCREASE,SAME_SIGN,False,LIMITED,4,OK_MIN_WINDOWS>=3,DIRECTIONAL_BUT_LE_OR_NEAR_DREP,2,limited,LShoulder_to_LUArm;LThigh_to_LShin,arm;leg,NO_POOLED_ONLY,True,CONVERGENT_COORDINATION_EVIDENCE,outputs/s5_explicit/window_features.csv (mean over windows per pid×T×R×ex; no raw recompute)
651,T1_vs_T2,D12,PRIMARY,ex10,regional_coupling,0.088279,0.246931,0.254844,0.178672,0.158652,0.010000,False,0.166565,-0.068259,0.049153,STABLE_OR_UNCLEAR,OPPOSITE_SIGN,False,UNRELIABLE,5,OK_MIN_WINDOWS>=3,INCONSISTENT_ACROSS_REPS,4,adequate,LFArm_to_LHand;LUArm_to_LFArm;RShoulder_to_RUArm;RThigh_to_RShin,arm;leg,NO_POOLED_ONLY,True,INSUFFICIENT_OR_UNRELIABLE,outputs/s5_explicit/window_features.csv (mean over windows per pid×T×R×ex; no raw recompute)
651,T1_vs_T3,D13,SUPPLEMENTAL,ex10,regional_coupling,0.088279,0.246931,0.233525,0.130884,0.158652,0.010000,False,0.145246,-0.116047,0.014600,STABLE_OR_UNCLEAR,OPPOSITE_SIGN,False,UNRELIABLE,5,OK_MIN_WINDOWS>=3,INCONSISTENT_ACROSS_REPS,2,limited,LShoulder_to_LUArm;LThigh_to_LShin,arm;leg,NO_POOLED_ONLY,True,INSUFFICIENT_OR_UNRELIABLE,outputs/s5_explicit/window_features.csv (mean over windows per pid×T×R×ex; no raw recompute)
651,T1_vs_T2,D12,PRIMARY,ex10,trunk_arm_lagged_coupling,0.201778,0.258639,0.346527,0.331446,0.056861,0.011510,False,0.144749,0.072807,0.108778,INCREASE,SAME_SIGN,True,PRESENT,5,OK_MIN_WINDOWS>=3,EXCEEDS_R1R2_DIRECTION_CONSISTENT,4,adequate,LFArm_to_LHand;LUArm_to_LFArm;RShoulder_to_RUArm;RThigh_to_RShin,arm;leg,NO_POOLED_ONLY,True,CONVERGENT_COORDINATION_EVIDENCE,outputs/s5_explicit/window_features.csv (mean over windows per pid×T×R×ex; no raw recompute)
651,T1_vs_T3,D13,SUPPLEMENTAL,ex10,trunk_arm_lagged_coupling,0.201778,0.258639,0.270645,0.294236,0.056861,0.011510,False,0.068867,0.035597,0.052232,INCREASE,SAME_SIGN,False,LIMITED,5,OK_MIN_WINDOWS>=3,DIRECTIONAL_BUT_LE_OR_NEAR_DREP,2,limited,LShoulder_to_LUArm;LThigh_to_LShin,arm;leg,NO_POOLED_ONLY,True,CONVERGENT_COORDINATION_EVIDENCE,outputs/s5_explicit/window_features.csv (mean over windows per pid×T×R×ex; no raw recompute)
651,T1_vs_T2,D12,PRIMARY,ex11,regional_coupling,0.230073,0.068818,0.083026,0.166533,0.161255,0.010000,False,-0.147047,0.097715,-0.024666,STABLE_OR_UNCLEAR,OPPOSITE_SIGN,False,UNRELIABLE,5,OK_MIN_WINDOWS>=3,INCONSISTENT_ACROSS_REPS,4,adequate,LFArm_to_LHand;LUArm_to_LFArm;RShoulder_to_RUArm;RThigh_to_RShin,arm;leg,NO_POOLED_ONLY,True,INSUFFICIENT_OR_UNRELIABLE,outputs/s5_explicit/window_features.csv (mean over windows per pid×T×R×ex; no raw recompute)
651,T1_vs_T3,D13,SUPPLEMENTAL,ex11,regional_coupling,0.230073,0.068818,0.254316,0.054483,0.161255,0.010000,False,0.024244,-0.014335,0.004954,STABLE_OR_UNCLEAR,OPPOSITE_SIGN,False,UNRELIABLE,5,OK_MIN_WINDOWS>=3,INCONSISTENT_ACROSS_REPS,2,limited,LShoulder_to_LUArm;LThigh_to_LShin,arm;leg,NO_POOLED_ONLY,True,INSUFFICIENT_OR_UNRELIABLE,outputs/s5_explicit/window_features.csv (mean over windows per pid×T×R×ex; no raw recompute)
651,T1_vs_T2,D12,PRIMARY,ex11,trunk_arm_lagged_coupling,0.216564,0.296432,0.294655,0.356428,0.079868,0.012825,False,0.078092,0.059996,0.069044,INCREASE,SAME_SIGN,False,LIMITED,5,OK_MIN_WINDOWS>=3,DIRECTIONAL_BUT_LE_OR_NEAR_DREP,4,adequate,LFArm_to_LHand;LUArm_to_LFArm;RShoulder_to_RUArm;RThigh_to_RShin,arm;leg,NO_POOLED_ONLY,True,CONVERGENT_COORDINATION_EVIDENCE,outputs/s5_explicit/window_features.csv (mean over windows per pid×T×R×ex; no raw recompute)
651,T1_vs_T3,D13,SUPPLEMENTAL,ex11,trunk_arm_lagged_coupling,0.216564,0.296432,0.328105,0.395007,0.079868,0.012825,False,0.111541,0.098576,0.105058,INCREASE,SAME_SIGN,True,PRESENT,5,OK_MIN_WINDOWS>=3,EXCEEDS_R1R2_DIRECTION_CONSISTENT,2,limited,LShoulder_to_LUArm;LThigh_to_LShin,arm;leg,NO_POOLED_ONLY,True,CONVERGENT_COORDINATION_EVIDENCE,outputs/s5_explicit/window_features.csv (mean over windows per pid×T×R×ex; no raw recompute)
651,T1_vs_T2,D12,PRIMARY,ex12,regional_coupling,0.045641,0.025101,0.096849,0.046120,0.020541,0.010000,False,0.051208,0.021019,0.036114,INCREASE,SAME_SIGN,True,PRESENT,4,OK_MIN_WINDOWS>=3,EXCEEDS_R1R2_DIRECTION_CONSISTENT,4,adequate,LFArm_to_LHand;LUArm_to_LFArm;RShoulder_to_RUArm;RThigh_to_RShin,arm;leg,NO_POOLED_ONLY,True,CONVERGENT_COORDINATION_EVIDENCE,outputs/s5_explicit/window_features.csv (mean over windows per pid×T×R×ex; no raw recompute)
651,T1_vs_T3,D13,SUPPLEMENTAL,ex12,regional_coupling,0.045641,0.025101,0.014642,0.018481,0.020541,0.010000,False,-0.030999,-0.006620,-0.018810,DECREASE,SAME_SIGN,False,LIMITED,4,OK_MIN_WINDOWS>=3,DIRECTIONAL_BUT_LE_OR_NEAR_DREP,2,limited,LShoulder_to_LUArm;LThigh_to_LShin,arm;leg,NO_POOLED_ONLY,True,CONVERGENT_COORDINATION_EVIDENCE,outputs/s5_explicit/window_features.csv (mean over windows per pid×T×R×ex; no raw recompute)
651,T1_vs_T2,D12,PRIMARY,ex12,trunk_arm_lagged_coupling,0.261592,0.280747,0.439415,0.275624,0.019155,0.013558,False,0.177823,-0.005123,0.086350,STABLE_OR_UNCLEAR,OPPOSITE_SIGN,False,UNRELIABLE,4,OK_MIN_WINDOWS>=3,INCONSISTENT_ACROSS_REPS,4,adequate,LFArm_to_LHand;LUArm_to_LFArm;RShoulder_to_RUArm;RThigh_to_RShin,arm;leg,NO_POOLED_ONLY,True,INSUFFICIENT_OR_UNRELIABLE,outputs/s5_explicit/window_features.csv (mean over windows per pid×T×R×ex; no raw recompute)
651,T1_vs_T3,D13,SUPPLEMENTAL,ex12,trunk_arm_lagged_coupling,0.261592,0.280747,0.216213,0.239254,0.019155,0.013558,False,-0.045380,-0.041493,-0.043436,DECREASE,SAME_SIGN,True,PRESENT,4,OK_MIN_WINDOWS>=3,EXCEEDS_R1R2_DIRECTION_CONSISTENT,2,limited,LShoulder_to_LUArm;LThigh_to_LShin,arm;leg,NO_POOLED_ONLY,True,CONVERGENT_COORDINATION_EVIDENCE,outputs/s5_explicit/window_features.csv (mean over windows per pid×T×R×ex; no raw recompute)
651,T1_vs_T2,D12,PRIMARY,ex13,regional_coupling,0.056442,0.020772,0.060376,0.004161,0.035670,0.010000,False,0.003934,-0.016611,-0.006338,STABLE_OR_UNCLEAR,OPPOSITE_SIGN,False,UNRELIABLE,6,OK_MIN_WINDOWS>=3,INCONSISTENT_ACROSS_REPS,4,adequate,LFArm_to_LHand;LUArm_to_LFArm;RShoulder_to_RUArm;RThigh_to_RShin,arm;leg,NO_POOLED_ONLY,True,INSUFFICIENT_OR_UNRELIABLE,outputs/s5_explicit/window_features.csv (mean over windows per pid×T×R×ex; no raw recompute)
651,T1_vs_T3,D13,SUPPLEMENTAL,ex13,regional_coupling,0.056442,0.020772,0.086065,0.000071,0.035670,0.010000,False,0.029624,-0.020700,0.004462,STABLE_OR_UNCLEAR,OPPOSITE_SIGN,False,UNRELIABLE,6,OK_MIN_WINDOWS>=3,INCONSISTENT_ACROSS_REPS,2,limited,LShoulder_to_LUArm;LThigh_to_LShin,arm;leg,NO_POOLED_ONLY,True,INSUFFICIENT_OR_UNRELIABLE,outputs/s5_explicit/window_features.csv (mean over windows per pid×T×R×ex; no raw recompute)
651,T1_vs_T2,D12,PRIMARY,ex13,trunk_arm_lagged_coupling,0.322929,0.257312,0.422914,0.411296,0.065617,0.014506,False,0.099985,0.153983,0.126984,INCREASE,SAME_SIGN,True,PRESENT,6,OK_MIN_WINDOWS>=3,EXCEEDS_R1R2_DIRECTION_CONSISTENT,4,adequate,LFArm_to_LHand;LUArm_to_LFArm;RShoulder_to_RUArm;RThigh_to_RShin,arm;leg,NO_POOLED_ONLY,True,CONVERGENT_COORDINATION_EVIDENCE,outputs/s5_explicit/window_features.csv (mean over windows per pid×T×R×ex; no raw recompute)
651,T1_vs_T3,D13,SUPPLEMENTAL,ex13,trunk_arm_lagged_coupling,0.322929,0.257312,0.359818,0.380645,0.065617,0.014506,False,0.036889,0.123332,0.080111,INCREASE,SAME_SIGN,False,LIMITED,6,OK_MIN_WINDOWS>=3,EXCEEDS_R1R2_PARTIAL_MATCH,2,limited,LShoulder_to_LUArm;LThigh_to_LShin,arm;leg,NO_POOLED_ONLY,True,CONVERGENT_COORDINATION_EVIDENCE,outputs/s5_explicit/window_features.csv (mean over windows per pid×T×R×ex; no raw recompute)
671,T1_vs_T2,D12,PRIMARY,ex9,regional_coupling,0.266797,0.158416,0.323083,0.179918,0.108382,0.010630,False,0.056286,0.021502,0.038894,STABLE_OR_UNCLEAR,SAME_SIGN,False,ABSENT,4,OK_MIN_WINDOWS>=3,STABLE_OR_WITHIN_DREP,8,adequate,671_to_Ab;671_to_LThigh;671_to_RThigh;Ab_to_Chest;LFArm_to_LHand;LShin_to_LFoot;LThigh_to_LShin;LUArm_to_LFArm,arm;leg;trunk,NO_POOLED_ONLY,True,GLOBAL_REDISTRIBUTION_WITHOUT_SIMPLE_COUPLING_CHANGE,outputs/s5_explicit/window_features.csv (mean over windows per pid×T×R×ex; no raw recompute)
671,T1_vs_T3,D13,SUPPLEMENTAL,ex9,regional_coupling,0.266797,0.158416,0.226707,0.118799,0.108382,0.010630,False,-0.040090,-0.039616,-0.039853,STABLE_OR_UNCLEAR,SAME_SIGN,False,ABSENT,4,OK_MIN_WINDOWS>=3,STABLE_OR_WITHIN_DREP,9,limited,671_to_Ab;671_to_LThigh;671_to_RThigh;LFArm_to_LHand;LShin_to_LFoot;LShoulder_to_LUArm;LThigh_to_LShin;RFArm_to_RHand;RThigh_to_RShin,arm;leg;trunk,NO_POOLED_ONLY,True,GLOBAL_REDISTRIBUTION_WITHOUT_SIMPLE_COUPLING_CHANGE,outputs/s5_explicit/window_features.csv (mean over windows per pid×T×R×ex; no raw recompute)
671,T1_vs_T2,D12,PRIMARY,ex9,trunk_arm_lagged_coupling,0.378295,0.205083,0.441053,0.305653,0.173213,0.014584,False,0.062758,0.100570,0.081664,STABLE_OR_UNCLEAR,SAME_SIGN,False,ABSENT,4,OK_MIN_WINDOWS>=3,STABLE_OR_WITHIN_DREP,8,adequate,671_to_Ab;671_to_LThigh;671_to_RThigh;Ab_to_Chest;LFArm_to_LHand;LShin_to_LFoot;LThigh_to_LShin;LUArm_to_LFArm,arm;leg;trunk,NO_POOLED_ONLY,True,GLOBAL_REDISTRIBUTION_WITHOUT_SIMPLE_COUPLING_CHANGE,outputs/s5_explicit/window_features.csv (mean over windows per pid×T×R×ex; no raw recompute)
671,T1_vs_T3,D13,SUPPLEMENTAL,ex9,trunk_arm_lagged_coupling,0.378295,0.205083,0.325412,0.178924,0.173213,0.014584,False,-0.052883,-0.026159,-0.039521,STABLE_OR_UNCLEAR,SAME_SIGN,False,ABSENT,4,OK_MIN_WINDOWS>=3,STABLE_OR_WITHIN_DREP,9,limited,671_to_Ab;671_to_LThigh;671_to_RThigh;LFArm_to_LHand;LShin_to_LFoot;LShoulder_to_LUArm;LThigh_to_LShin;RFArm_to_RHand;RThigh_to_RShin,arm;leg;trunk,NO_POOLED_ONLY,True,GLOBAL_REDISTRIBUTION_WITHOUT_SIMPLE_COUPLING_CHANGE,outputs/s5_explicit/window_features.csv (mean over windows per pid×T×R×ex; no raw recompute)
671,T1_vs_T2,D12,PRIMARY,ex10,regional_coupling,0.238701,0.216132,0.177463,0.110176,0.022569,0.011371,False,-0.061238,-0.105956,-0.083597,DECREASE,SAME_SIGN,True,PRESENT,5,OK_MIN_WINDOWS>=3,EXCEEDS_R1R2_DIRECTION_CONSISTENT,8,adequate,671_to_Ab;671_to_LThigh;671_to_RThigh;Ab_to_Chest;LFArm_to_LHand;LShin_to_LFoot;LThigh_to_LShin;LUArm_to_LFArm,arm;leg;trunk,NO_POOLED_ONLY,True,CONVERGENT_COORDINATION_EVIDENCE,outputs/s5_explicit/window_features.csv (mean over windows per pid×T×R×ex; no raw recompute)
671,T1_vs_T3,D13,SUPPLEMENTAL,ex10,regional_coupling,0.238701,0.216132,0.118006,0.128418,0.022569,0.011371,False,-0.120695,-0.087714,-0.104205,DECREASE,SAME_SIGN,True,PRESENT,5,OK_MIN_WINDOWS>=3,EXCEEDS_R1R2_DIRECTION_CONSISTENT,9,limited,671_to_Ab;671_to_LThigh;671_to_RThigh;LFArm_to_LHand;LShin_to_LFoot;LShoulder_to_LUArm;LThigh_to_LShin;RFArm_to_RHand;RThigh_to_RShin,arm;leg;trunk,NO_POOLED_ONLY,True,CONVERGENT_COORDINATION_EVIDENCE,outputs/s5_explicit/window_features.csv (mean over windows per pid×T×R×ex; no raw recompute)
671,T1_vs_T2,D12,PRIMARY,ex10,trunk_arm_lagged_coupling,0.192576,0.202422,0.213369,0.234532,0.009846,0.010000,True,0.020793,0.032110,0.026452,INCREASE,SAME_SIGN,False,UNRELIABLE,5,OK_MIN_WINDOWS>=3,EXCEEDS_BUT_DREP_UNSTABLE,8,adequate,671_to_Ab;671_to_LThigh;671_to_RThigh;Ab_to_Chest;LFArm_to_LHand;LShin_to_LFoot;LThigh_to_LShin;LUArm_to_LFArm,arm;leg;trunk,NO_POOLED_ONLY,True,INSUFFICIENT_OR_UNRELIABLE,outputs/s5_explicit/window_features.csv (mean over windows per pid×T×R×ex; no raw recompute)
671,T1_vs_T3,D13,SUPPLEMENTAL,ex10,trunk_arm_lagged_coupling,0.192576,0.202422,0.252340,0.319562,0.009846,0.010000,True,0.059764,0.117141,0.088452,INCREASE,SAME_SIGN,False,UNRELIABLE,5,OK_MIN_WINDOWS>=3,EXCEEDS_BUT_DREP_UNSTABLE,9,limited,671_to_Ab;671_to_LThigh;671_to_RThigh;LFArm_to_LHand;LShin_to_LFoot;LShoulder_to_LUArm;LThigh_to_LShin;RFArm_to_RHand;RThigh_to_RShin,arm;leg;trunk,NO_POOLED_ONLY,True,INSUFFICIENT_OR_UNRELIABLE,outputs/s5_explicit/window_features.csv (mean over windows per pid×T×R×ex; no raw recompute)
671,T1_vs_T2,D12,PRIMARY,ex11,regional_coupling,0.260103,0.189468,0.206258,0.066209,0.070635,0.011239,False,-0.053845,-0.123259,-0.088552,DECREASE,SAME_SIGN,False,LIMITED,5,OK_MIN_WINDOWS>=3,EXCEEDS_R1R2_PARTIAL_MATCH,8,adequate,671_to_Ab;671_to_LThigh;671_to_RThigh;Ab_to_Chest;LFArm_to_LHand;LShin_to_LFoot;LThigh_to_LShin;LUArm_to_LFArm,arm;leg;trunk,NO_POOLED_ONLY,True,CONVERGENT_COORDINATION_EVIDENCE,outputs/s5_explicit/window_features.csv (mean over windows per pid×T×R×ex; no raw recompute)
671,T1_vs_T3,D13,SUPPLEMENTAL,ex11,regional_coupling,0.260103,0.189468,0.057086,0.014944,0.070635,0.011239,False,-0.203017,-0.174524,-0.188771,DECREASE,SAME_SIGN,True,PRESENT,5,OK_MIN_WINDOWS>=3,EXCEEDS_R1R2_DIRECTION_CONSISTENT,9,limited,671_to_Ab;671_to_LThigh;671_to_RThigh;LFArm_to_LHand;LShin_to_LFoot;LShoulder_to_LUArm;LThigh_to_LShin;RFArm_to_RHand;RThigh_to_RShin,arm;leg;trunk,NO_POOLED_ONLY,True,CONVERGENT_COORDINATION_EVIDENCE,outputs/s5_explicit/window_features.csv (mean over windows per pid×T×R×ex; no raw recompute)
671,T1_vs_T2,D12,PRIMARY,ex11,trunk_arm_lagged_coupling,0.267782,0.198703,0.132700,0.305332,0.069079,0.011662,False,-0.135082,0.106629,-0.014226,STABLE_OR_UNCLEAR,OPPOSITE_SIGN,False,UNRELIABLE,5,OK_MIN_WINDOWS>=3,INCONSISTENT_ACROSS_REPS,8,adequate,671_to_Ab;671_to_LThigh;671_to_RThigh;Ab_to_Chest;LFArm_to_LHand;LShin_to_LFoot;LThigh_to_LShin;LUArm_to_LFArm,arm;leg;trunk,NO_POOLED_ONLY,True,INSUFFICIENT_OR_UNRELIABLE,outputs/s5_explicit/window_features.csv (mean over windows per pid×T×R×ex; no raw recompute)
671,T1_vs_T3,D13,SUPPLEMENTAL,ex11,trunk_arm_lagged_coupling,0.267782,0.198703,0.346292,0.293455,0.069079,0.011662,False,0.078510,0.094752,0.086631,INCREASE,SAME_SIGN,True,PRESENT,5,OK_MIN_WINDOWS>=3,EXCEEDS_R1R2_DIRECTION_CONSISTENT,9,limited,671_to_Ab;671_to_LThigh;671_to_RThigh;LFArm_to_LHand;LShin_to_LFoot;LShoulder_to_LUArm;LThigh_to_LShin;RFArm_to_RHand;RThigh_to_RShin,arm;leg;trunk,NO_POOLED_ONLY,True,CONVERGENT_COORDINATION_EVIDENCE,outputs/s5_explicit/window_features.csv (mean over windows per pid×T×R×ex; no raw recompute)
671,T1_vs_T2,D12,PRIMARY,ex12,regional_coupling,0.037441,0.117703,-0.010216,0.058775,0.080262,0.010000,False,-0.047658,-0.058928,-0.053293,DECREASE,SAME_SIGN,False,LIMITED,4,OK_MIN_WINDOWS>=3,DIRECTIONAL_BUT_LE_OR_NEAR_DREP,8,adequate,671_to_Ab;671_to_LThigh;671_to_RThigh;Ab_to_Chest;LFArm_to_LHand;LShin_to_LFoot;LThigh_to_LShin;LUArm_to_LFArm,arm;leg;trunk,NO_POOLED_ONLY,True,CONVERGENT_COORDINATION_EVIDENCE,outputs/s5_explicit/window_features.csv (mean over windows per pid×T×R×ex; no raw recompute)
671,T1_vs_T3,D13,SUPPLEMENTAL,ex12,regional_coupling,0.037441,0.117703,-0.017013,-0.025532,0.080262,0.010000,False,-0.054455,-0.143235,-0.098845,DECREASE,SAME_SIGN,False,LIMITED,4,OK_MIN_WINDOWS>=3,EXCEEDS_R1R2_PARTIAL_MATCH,9,limited,671_to_Ab;671_to_LThigh;671_to_RThigh;LFArm_to_LHand;LShin_to_LFoot;LShoulder_to_LUArm;LThigh_to_LShin;RFArm_to_RHand;RThigh_to_RShin,arm;leg;trunk,NO_POOLED_ONLY,True,CONVERGENT_COORDINATION_EVIDENCE,outputs/s5_explicit/window_features.csv (mean over windows per pid×T×R×ex; no raw recompute)
671,T1_vs_T2,D12,PRIMARY,ex12,trunk_arm_lagged_coupling,0.154007,0.249940,0.415799,0.394552,0.095934,0.010099,False,0.261792,0.144612,0.203202,INCREASE,SAME_SIGN,True,PRESENT,4,OK_MIN_WINDOWS>=3,EXCEEDS_R1R2_DIRECTION_CONSISTENT,8,adequate,671_to_Ab;671_to_LThigh;671_to_RThigh;Ab_to_Chest;LFArm_to_LHand;LShin_to_LFoot;LThigh_to_LShin;LUArm_to_LFArm,arm;leg;trunk,NO_POOLED_ONLY,True,CONVERGENT_COORDINATION_EVIDENCE,outputs/s5_explicit/window_features.csv (mean over windows per pid×T×R×ex; no raw recompute)
671,T1_vs_T3,D13,SUPPLEMENTAL,ex12,trunk_arm_lagged_coupling,0.154007,0.249940,0.267819,0.334038,0.095934,0.010099,False,0.113812,0.084097,0.098955,INCREASE,SAME_SIGN,False,LIMITED,4,OK_MIN_WINDOWS>=3,EXCEEDS_R1R2_PARTIAL_MATCH,9,limited,671_to_Ab;671_to_LThigh;671_to_RThigh;LFArm_to_LHand;LShin_to_LFoot;LShoulder_to_LUArm;LThigh_to_LShin;RFArm_to_RHand;RThigh_to_RShin,arm;leg;trunk,NO_POOLED_ONLY,True,CONVERGENT_COORDINATION_EVIDENCE,outputs/s5_explicit/window_features.csv (mean over windows per pid×T×R×ex; no raw recompute)
671,T1_vs_T2,D12,PRIMARY,ex13,regional_coupling,0.015743,0.112746,0.001570,0.015719,0.097003,0.010000,False,-0.014173,-0.097027,-0.055600,DECREASE,SAME_SIGN,False,LIMITED,6,OK_MIN_WINDOWS>=3,DIRECTIONAL_BUT_LE_OR_NEAR_DREP,8,adequate,671_to_Ab;671_to_LThigh;671_to_RThigh;Ab_to_Chest;LFArm_to_LHand;LShin_to_LFoot;LThigh_to_LShin;LUArm_to_LFArm,arm;leg;trunk,NO_POOLED_ONLY,True,CONVERGENT_COORDINATION_EVIDENCE,outputs/s5_explicit/window_features.csv (mean over windows per pid×T×R×ex; no raw recompute)
671,T1_vs_T3,D13,SUPPLEMENTAL,ex13,regional_coupling,0.015743,0.112746,0.016901,0.031978,0.097003,0.010000,False,0.001158,-0.080768,-0.039805,STABLE_OR_UNCLEAR,OPPOSITE_SIGN,False,UNRELIABLE,7,OK_MIN_WINDOWS>=3,INCONSISTENT_ACROSS_REPS,9,limited,671_to_Ab;671_to_LThigh;671_to_RThigh;LFArm_to_LHand;LShin_to_LFoot;LShoulder_to_LUArm;LThigh_to_LShin;RFArm_to_RHand;RThigh_to_RShin,arm;leg;trunk,NO_POOLED_ONLY,True,INSUFFICIENT_OR_UNRELIABLE,outputs/s5_explicit/window_features.csv (mean over windows per pid×T×R×ex; no raw recompute)
671,T1_vs_T2,D12,PRIMARY,ex13,trunk_arm_lagged_coupling,0.307405,0.345635,0.397319,0.278260,0.038230,0.016326,False,0.089914,-0.067375,0.011269,STABLE_OR_UNCLEAR,OPPOSITE_SIGN,False,UNRELIABLE,6,OK_MIN_WINDOWS>=3,INCONSISTENT_ACROSS_REPS,8,adequate,671_to_Ab;671_to_LThigh;671_to_RThigh;Ab_to_Chest;LFArm_to_LHand;LShin_to_LFoot;LThigh_to_LShin;LUArm_to_LFArm,arm;leg;trunk,NO_POOLED_ONLY,True,INSUFFICIENT_OR_UNRELIABLE,outputs/s5_explicit/window_features.csv (mean over windows per pid×T×R×ex; no raw recompute)
671,T1_vs_T3,D13,SUPPLEMENTAL,ex13,trunk_arm_lagged_coupling,0.307405,0.345635,0.287143,0.415830,0.038230,0.016326,False,-0.020262,0.070195,0.024966,STABLE_OR_UNCLEAR,OPPOSITE_SIGN,False,UNRELIABLE,7,OK_MIN_WINDOWS>=3,INCONSISTENT_ACROSS_REPS,9,limited,671_to_Ab;671_to_LThigh;671_to_RThigh;LFArm_to_LHand;LShin_to_LFoot;LShoulder_to_LUArm;LThigh_to_LShin;RFArm_to_RHand;RThigh_to_RShin,arm;leg;trunk,NO_POOLED_ONLY,True,INSUFFICIENT_OR_UNRELIABLE,outputs/s5_explicit/window_features.csv (mean over windows per pid×T×R×ex; no raw recompute)
790,T1_vs_T2,D12,PRIMARY,ex9,regional_coupling,0.341036,0.104651,0.312408,0.117972,0.236385,0.011142,False,-0.028628,0.013322,-0.007653,STABLE_OR_UNCLEAR,OPPOSITE_SIGN,False,UNRELIABLE,4,OK_MIN_WINDOWS>=3,INCONSISTENT_ACROSS_REPS,7,adequate,790_to_LThigh;790_to_RThigh;Chest_to_RShoulder;LFArm_to_LHand;LShoulder_to_LUArm;RShin_to_RFoot;RThigh_to_RShin,arm;leg;trunk,NO_POOLED_ONLY,True,INSUFFICIENT_OR_UNRELIABLE,outputs/s5_explicit/window_features.csv (mean over windows per pid×T×R×ex; no raw recompute)
790,T1_vs_T3,D13,SUPPLEMENTAL,ex9,regional_coupling,0.341036,0.104651,0.185678,0.185993,0.236385,0.011142,False,-0.155358,0.081342,-0.037008,STABLE_OR_UNCLEAR,OPPOSITE_SIGN,False,UNRELIABLE,4,OK_MIN_WINDOWS>=3,INCONSISTENT_ACROSS_REPS,3,adequate,LFArm_to_LHand;LThigh_to_LShin;LUArm_to_LFArm,arm;leg,NO_POOLED_ONLY,True,INSUFFICIENT_OR_UNRELIABLE,outputs/s5_explicit/window_features.csv (mean over windows per pid×T×R×ex; no raw recompute)
790,T1_vs_T2,D12,PRIMARY,ex9,trunk_arm_lagged_coupling,0.598840,0.262992,0.327424,0.541136,0.335848,0.021546,False,-0.271416,0.278144,0.003364,STABLE_OR_UNCLEAR,OPPOSITE_SIGN,False,UNRELIABLE,4,OK_MIN_WINDOWS>=3,INCONSISTENT_ACROSS_REPS,7,adequate,790_to_LThigh;790_to_RThigh;Chest_to_RShoulder;LFArm_to_LHand;LShoulder_to_LUArm;RShin_to_RFoot;RThigh_to_RShin,arm;leg;trunk,NO_POOLED_ONLY,True,INSUFFICIENT_OR_UNRELIABLE,outputs/s5_explicit/window_features.csv (mean over windows per pid×T×R×ex; no raw recompute)
790,T1_vs_T3,D13,SUPPLEMENTAL,ex9,trunk_arm_lagged_coupling,0.598840,0.262992,0.236803,0.359851,0.335848,0.021546,False,-0.362037,0.096859,-0.132589,STABLE_OR_UNCLEAR,OPPOSITE_SIGN,False,UNRELIABLE,4,OK_MIN_WINDOWS>=3,INCONSISTENT_ACROSS_REPS,3,adequate,LFArm_to_LHand;LThigh_to_LShin;LUArm_to_LFArm,arm;leg,NO_POOLED_ONLY,True,INSUFFICIENT_OR_UNRELIABLE,outputs/s5_explicit/window_features.csv (mean over windows per pid×T×R×ex; no raw recompute)
790,T1_vs_T2,D12,PRIMARY,ex10,regional_coupling,0.256563,0.256693,0.149318,0.195761,0.000130,0.012831,True,-0.107246,-0.060932,-0.084089,DECREASE,SAME_SIGN,False,UNRELIABLE,5,OK_MIN_WINDOWS>=3,EXCEEDS_BUT_DREP_UNSTABLE,7,adequate,790_to_LThigh;790_to_RThigh;Chest_to_RShoulder;LFArm_to_LHand;LShoulder_to_LUArm;RShin_to_RFoot;RThigh_to_RShin,arm;leg;trunk,NO_POOLED_ONLY,True,INSUFFICIENT_OR_UNRELIABLE,outputs/s5_explicit/window_features.csv (mean over windows per pid×T×R×ex; no raw recompute)
790,T1_vs_T3,D13,SUPPLEMENTAL,ex10,regional_coupling,0.256563,0.256693,0.206905,0.192192,0.000130,0.012831,True,-0.049658,-0.064501,-0.057080,DECREASE,SAME_SIGN,False,UNRELIABLE,5,OK_MIN_WINDOWS>=3,EXCEEDS_BUT_DREP_UNSTABLE,3,adequate,LFArm_to_LHand;LThigh_to_LShin;LUArm_to_LFArm,arm;leg,NO_POOLED_ONLY,True,INSUFFICIENT_OR_UNRELIABLE,outputs/s5_explicit/window_features.csv (mean over windows per pid×T×R×ex; no raw recompute)
790,T1_vs_T2,D12,PRIMARY,ex10,trunk_arm_lagged_coupling,0.331494,0.363289,0.372507,0.305727,0.031795,0.017370,False,0.041013,-0.057562,-0.008275,STABLE_OR_UNCLEAR,OPPOSITE_SIGN,False,UNRELIABLE,5,OK_MIN_WINDOWS>=3,INCONSISTENT_ACROSS_REPS,7,adequate,790_to_LThigh;790_to_RThigh;Chest_to_RShoulder;LFArm_to_LHand;LShoulder_to_LUArm;RShin_to_RFoot;RThigh_to_RShin,arm;leg;trunk,NO_POOLED_ONLY,True,INSUFFICIENT_OR_UNRELIABLE,outputs/s5_explicit/window_features.csv (mean over windows per pid×T×R×ex; no raw recompute)
790,T1_vs_T3,D13,SUPPLEMENTAL,ex10,trunk_arm_lagged_coupling,0.331494,0.363289,0.363366,0.220123,0.031795,0.017370,False,0.031871,-0.143165,-0.055647,STABLE_OR_UNCLEAR,OPPOSITE_SIGN,False,UNRELIABLE,5,OK_MIN_WINDOWS>=3,INCONSISTENT_ACROSS_REPS,3,adequate,LFArm_to_LHand;LThigh_to_LShin;LUArm_to_LFArm,arm;leg,NO_POOLED_ONLY,True,INSUFFICIENT_OR_UNRELIABLE,outputs/s5_explicit/window_features.csv (mean over windows per pid×T×R×ex; no raw recompute)
790,T1_vs_T2,D12,PRIMARY,ex11,regional_coupling,0.212154,0.091757,0.076773,0.096475,0.120397,0.010000,False,-0.135381,0.004718,-0.065332,STABLE_OR_UNCLEAR,OPPOSITE_SIGN,False,UNRELIABLE,4,OK_MIN_WINDOWS>=3,INCONSISTENT_ACROSS_REPS,7,adequate,790_to_LThigh;790_to_RThigh;Chest_to_RShoulder;LFArm_to_LHand;LShoulder_to_LUArm;RShin_to_RFoot;RThigh_to_RShin,arm;leg;trunk,NO_POOLED_ONLY,True,INSUFFICIENT_OR_UNRELIABLE,outputs/s5_explicit/window_features.csv (mean over windows per pid×T×R×ex; no raw recompute)
790,T1_vs_T3,D13,SUPPLEMENTAL,ex11,regional_coupling,0.212154,0.091757,0.046646,0.126827,0.120397,0.010000,False,-0.165508,0.035070,-0.065219,STABLE_OR_UNCLEAR,OPPOSITE_SIGN,False,UNRELIABLE,5,OK_MIN_WINDOWS>=3,INCONSISTENT_ACROSS_REPS,3,adequate,LFArm_to_LHand;LThigh_to_LShin;LUArm_to_LFArm,arm;leg,NO_POOLED_ONLY,True,INSUFFICIENT_OR_UNRELIABLE,outputs/s5_explicit/window_features.csv (mean over windows per pid×T×R×ex; no raw recompute)
790,T1_vs_T2,D12,PRIMARY,ex11,trunk_arm_lagged_coupling,0.239565,0.360775,0.325886,0.342569,0.121210,0.015008,False,0.086321,-0.018205,0.034058,STABLE_OR_UNCLEAR,OPPOSITE_SIGN,False,UNRELIABLE,4,OK_MIN_WINDOWS>=3,INCONSISTENT_ACROSS_REPS,7,adequate,790_to_LThigh;790_to_RThigh;Chest_to_RShoulder;LFArm_to_LHand;LShoulder_to_LUArm;RShin_to_RFoot;RThigh_to_RShin,arm;leg;trunk,NO_POOLED_ONLY,True,INSUFFICIENT_OR_UNRELIABLE,outputs/s5_explicit/window_features.csv (mean over windows per pid×T×R×ex; no raw recompute)
790,T1_vs_T3,D13,SUPPLEMENTAL,ex11,trunk_arm_lagged_coupling,0.239565,0.360775,0.256911,0.327417,0.121210,0.015008,False,0.017345,-0.033358,-0.008006,STABLE_OR_UNCLEAR,OPPOSITE_SIGN,False,UNRELIABLE,5,OK_MIN_WINDOWS>=3,INCONSISTENT_ACROSS_REPS,3,adequate,LFArm_to_LHand;LThigh_to_LShin;LUArm_to_LFArm,arm;leg,NO_POOLED_ONLY,True,INSUFFICIENT_OR_UNRELIABLE,outputs/s5_explicit/window_features.csv (mean over windows per pid×T×R×ex; no raw recompute)
790,T1_vs_T2,D12,PRIMARY,ex12,regional_coupling,0.129418,0.034449,0.033756,0.050870,0.094970,0.010000,False,-0.095663,0.016421,-0.039621,STABLE_OR_UNCLEAR,OPPOSITE_SIGN,False,UNRELIABLE,4,OK_MIN_WINDOWS>=3,INCONSISTENT_ACROSS_REPS,7,adequate,790_to_LThigh;790_to_RThigh;Chest_to_RShoulder;LFArm_to_LHand;LShoulder_to_LUArm;RShin_to_RFoot;RThigh_to_RShin,arm;leg;trunk,NO_POOLED_ONLY,True,INSUFFICIENT_OR_UNRELIABLE,outputs/s5_explicit/window_features.csv (mean over windows per pid×T×R×ex; no raw recompute)
790,T1_vs_T3,D13,SUPPLEMENTAL,ex12,regional_coupling,0.129418,0.034449,0.012844,0.088703,0.094970,0.010000,False,-0.116574,0.054254,-0.031160,STABLE_OR_UNCLEAR,OPPOSITE_SIGN,False,UNRELIABLE,4,OK_MIN_WINDOWS>=3,INCONSISTENT_ACROSS_REPS,3,adequate,LFArm_to_LHand;LThigh_to_LShin;LUArm_to_LFArm,arm;leg,NO_POOLED_ONLY,True,INSUFFICIENT_OR_UNRELIABLE,outputs/s5_explicit/window_features.csv (mean over windows per pid×T×R×ex; no raw recompute)
790,T1_vs_T2,D12,PRIMARY,ex12,trunk_arm_lagged_coupling,0.304446,0.529035,0.551687,0.468287,0.224590,0.020837,False,0.247242,-0.060748,0.093247,STABLE_OR_UNCLEAR,OPPOSITE_SIGN,False,UNRELIABLE,4,OK_MIN_WINDOWS>=3,INCONSISTENT_ACROSS_REPS,7,adequate,790_to_LThigh;790_to_RThigh;Chest_to_RShoulder;LFArm_to_LHand;LShoulder_to_LUArm;RShin_to_RFoot;RThigh_to_RShin,arm;leg;trunk,NO_POOLED_ONLY,True,INSUFFICIENT_OR_UNRELIABLE,outputs/s5_explicit/window_features.csv (mean over windows per pid×T×R×ex; no raw recompute)
790,T1_vs_T3,D13,SUPPLEMENTAL,ex12,trunk_arm_lagged_coupling,0.304446,0.529035,0.314292,0.537376,0.224590,0.020837,False,0.009846,0.008341,0.009093,STABLE_OR_UNCLEAR,SAME_SIGN,False,ABSENT,4,OK_MIN_WINDOWS>=3,STABLE_OR_WITHIN_DREP,3,adequate,LFArm_to_LHand;LThigh_to_LShin;LUArm_to_LFArm,arm;leg,NO_POOLED_ONLY,True,GLOBAL_REDISTRIBUTION_WITHOUT_SIMPLE_COUPLING_CHANGE,outputs/s5_explicit/window_features.csv (mean over windows per pid×T×R×ex; no raw recompute)
790,T1_vs_T2,D12,PRIMARY,ex13,regional_coupling,0.120404,0.108973,0.099751,-0.019722,0.011432,0.010000,False,-0.020654,-0.128695,-0.074674,DECREASE,SAME_SIGN,True,PRESENT,7,OK_MIN_WINDOWS>=3,EXCEEDS_R1R2_DIRECTION_CONSISTENT,7,adequate,790_to_LThigh;790_to_RThigh;Chest_to_RShoulder;LFArm_to_LHand;LShoulder_to_LUArm;RShin_to_RFoot;RThigh_to_RShin,arm;leg;trunk,NO_POOLED_ONLY,True,CONVERGENT_COORDINATION_EVIDENCE,outputs/s5_explicit/window_features.csv (mean over windows per pid×T×R×ex; no raw recompute)
790,T1_vs_T3,D13,SUPPLEMENTAL,ex13,regional_coupling,0.120404,0.108973,0.065897,0.120351,0.011432,0.010000,False,-0.054507,0.011378,-0.021565,STABLE_OR_UNCLEAR,OPPOSITE_SIGN,False,UNRELIABLE,6,OK_MIN_WINDOWS>=3,INCONSISTENT_ACROSS_REPS,3,adequate,LFArm_to_LHand;LThigh_to_LShin;LUArm_to_LFArm,arm;leg,NO_POOLED_ONLY,True,INSUFFICIENT_OR_UNRELIABLE,outputs/s5_explicit/window_features.csv (mean over windows per pid×T×R×ex; no raw recompute)
790,T1_vs_T2,D12,PRIMARY,ex13,trunk_arm_lagged_coupling,0.270181,0.283209,0.359633,0.383316,0.013028,0.013835,True,0.089452,0.100107,0.094779,INCREASE,SAME_SIGN,False,UNRELIABLE,7,OK_MIN_WINDOWS>=3,EXCEEDS_BUT_DREP_UNSTABLE,7,adequate,790_to_LThigh;790_to_RThigh;Chest_to_RShoulder;LFArm_to_LHand;LShoulder_to_LUArm;RShin_to_RFoot;RThigh_to_RShin,arm;leg;trunk,NO_POOLED_ONLY,True,INSUFFICIENT_OR_UNRELIABLE,outputs/s5_explicit/window_features.csv (mean over windows per pid×T×R×ex; no raw recompute)
790,T1_vs_T3,D13,SUPPLEMENTAL,ex13,trunk_arm_lagged_coupling,0.270181,0.283209,0.405245,0.305581,0.013028,0.013835,True,0.135064,0.022371,0.078718,INCREASE,SAME_SIGN,False,UNRELIABLE,6,OK_MIN_WINDOWS>=3,EXCEEDS_BUT_DREP_UNSTABLE,3,adequate,LFArm_to_LHand;LThigh_to_LShin;LUArm_to_LFArm,arm;leg,NO_POOLED_ONLY,True,INSUFFICIENT_OR_UNRELIABLE,outputs/s5_explicit/window_features.csv (mean over windows per pid×T×R×ex; no raw recompute)
