participant,exercise_id,region,normalization,setting,repetition,duration_s_T1,duration_s_T3,N_embed_T1,N_embed_T3,abs_delta_DET,Drep_max_DET,ratio_DET,abs_delta_LAM,Drep_max_LAM,ratio_LAM,abs_delta_Lmean,Drep_max_Lmean,ratio_Lmean,abs_delta_ENTR,Drep_max_ENTR,ratio_ENTR,abs_delta_RR,Drep_max_RR,ratio_RR
651,11,left_arm,amp_preserving,primary_amp_preserving,1,10.0,10.0,1145.0,1145.0,0.005514666552557612,0.020963588328734017,0.26305928479805446,0.0003744196495432117,0.01209243925963599,0.03096312013681205,0.3267128622281694,1.690470815570416,0.19326737806942063,0.15362665944881648,0.5635317906556514,0.2726140068692074,0.005560814731120401,0.009684856628088101,0.5741762572914998
651,11,left_arm,amp_preserving,primary_amp_preserving,2,10.0,10.0,1145.0,1145.0,0.02525242726752719,0.020963588328734017,1.2045851536263292,0.012182054321096425,0.01209243925963599,1.0074108341200907,1.5101388273073066,1.690470815570416,0.8933244001599283,0.501499323209281,0.5635317906556514,0.8899219733917805,0.0089901365010535,0.009684856628088101,0.9282673813652782
651,11,left_arm,trial_zscore,primary_trial_zscore,1,10.0,10.0,1145.0,1145.0,0.010664005043076186,0.013185543181340798,0.8087649402390259,0.004044967430132385,0.007144358058415623,0.5661764705882366,0.017903808729496262,1.1275993674657556,0.015877810192226796,0.014730650062209971,0.35051161812440634,0.04202613922195769,0.0,0.0,
651,11,left_arm,trial_zscore,primary_trial_zscore,2,10.0,10.0,1145.0,1145.0,0.02090775372977527,0.013185543181340798,1.5856573705179147,0.009271905862576202,0.007144358058415623,1.297794117647065,1.0655636791258631,1.1275993674657556,0.9449842824235386,0.32125306125719755,0.35051161812440634,0.9165261424891653,0.0,0.0,
651,11,left_leg,amp_preserving,primary_amp_preserving,1,10.0,10.0,1145.0,1145.0,0.026113411196379,0.025283093792364375,1.0328408149269053,0.010932468278229357,0.010342329975047582,1.0570604790802045,7.801797379585281,5.818595945848796,1.34083848615599,1.713188512654646,1.423563651256695,1.2034505876447996,0.048128072800561895,0.0569807921336306,0.8446367801923949
651,11,left_leg,amp_preserving,primary_amp_preserving,2,10.0,10.0,1145.0,1145.0,0.007032049669693841,0.025283093792364375,0.27813248360521275,0.002742997041443984,0.010342329975047582,0.26522041436135524,3.811276029108144,5.818595945848796,0.6550164446162051,0.7400170305193803,1.423563651256695,0.5198341710018427,0.0364552478089596,0.0569807921336306,0.6397813446233817
651,11,left_leg,trial_zscore,primary_trial_zscore,1,10.0,10.0,1145.0,1145.0,0.00693422988022685,0.006198781256566366,1.1186440677966212,0.0022326118932547434,0.0015496953141415082,1.440677966101713,3.7070844249365615,2.8531748396525964,1.2992840023038816,0.8898210524457477,0.6351825932940462,1.4008901721175178,0.0,0.0,
651,11,left_leg,trial_zscore,primary_trial_zscore,2,10.0,10.0,1145.0,1145.0,0.0033620508510191494,0.006198781256566366,0.5423728813559489,0.00021012817818877316,0.0015496953141415082,0.13559322033904375,0.358192697638974,2.8531748396525964,0.12554179739037222,0.14597056112551687,0.6351825932940462,0.22980881823054375,0.0,0.0,
651,11,right_arm,amp_preserving,primary_amp_preserving,1,10.0,10.0,1145.0,1145.0,0.009799275468920343,0.022291038410769737,0.4396060555073065,0.005373433302812258,0.011593189936200843,0.4634991173596837,0.19782897651750098,2.5652668218457695,0.0771182844734874,0.04118324845631571,0.6833865703741351,0.06026347347412612,0.0012871408067914002,0.012576724585458204,0.10234308607502246
651,11,right_arm,amp_preserving,primary_amp_preserving,2,10.0,10.0,1145.0,1145.0,0.0016581695045881917,0.022291038410769737,0.07438727052693339,0.0007454794051952041,0.011593189936200843,0.0643032167416988,1.5879262855827845,2.5652668218457695,0.619010183291668,0.3221500654621279,0.6833865703741351,0.47140239423458336,0.005325678688124103,0.012576724585458204,0.4234551414349887
651,11,right_arm,trial_zscore,primary_trial_zscore,1,10.0,10.0,1145.0,1145.0,0.011557049800377972,0.012922882958604553,0.8943089430894244,0.008116200882538394,0.008116200882538394,1.0,0.27877959428827026,2.0741451308754675,0.13440698538322693,0.07107080739874849,0.4797497291574233,0.14814142266128844,0.0,0.0,
651,11,right_arm,trial_zscore,primary_trial_zscore,2,10.0,10.0,1145.0,1145.0,0.003992435385585247,0.012922882958604553,0.30894308943090204,0.0020224837150661923,0.008116200882538394,0.2491909385113257,1.8030269053042014,2.0741451308754675,0.8692867622735585,0.40532992560591996,0.4797497291574233,0.8448778622924797,0.0,0.0,
651,11,right_leg,amp_preserving,primary_amp_preserving,1,10.0,10.0,1145.0,1145.0,0.01215487439631402,0.008691410554131251,1.398492721131036,0.005192650159469014,0.003160799142323034,1.64282826135313,5.2232129964777325,5.125650261850475,1.0190342160785733,0.975459512276057,0.9902861527575899,0.9850279230500739,0.06272024918313131,0.0439154731731151,1.4282038801196026
651,11,right_leg,amp_preserving,primary_amp_preserving,2,10.0,10.0,1145.0,1145.0,0.001268690953713958,0.008691410554131251,0.14597066216264706,0.00027565632106574256,0.003160799142323034,0.08721095794247417,0.028824203180280783,5.125650261850475,0.0056235212524770655,0.004479014398091952,0.9902861527575899,0.00452294963997983,0.005179100375606899,0.0439154731731151,0.11793338432654132
651,11,right_leg,trial_zscore,primary_trial_zscore,1,10.0,10.0,1145.0,1145.0,0.003939903341037998,0.008352595083000458,0.47169811320755267,0.0018123555368774191,0.0030468585837362117,0.5948275862068456,0.6012991014810902,1.5119197702125025,0.3977056939976232,0.10494256272776203,0.3991733498851566,0.2628997220329321,0.0,0.0,
651,11,right_leg,trial_zscore,primary_trial_zscore,2,10.0,10.0,1145.0,1145.0,0.006619037612943801,0.008352595083000458,0.7924528301886843,0.0029155284723684227,0.0030468585837362117,0.9568965517241875,0.24564019500003997,1.5119197702125025,0.16246906736692443,0.1035085126552926,0.3991733498851566,0.25930717239783746,0.0,0.0,
651,11,trunk_spine,amp_preserving,primary_amp_preserving,1,10.0,10.0,1145.0,1145.0,0.005062055803206955,0.01084068705874397,0.46694972152378117,0.0025200496240527226,0.004951013993413134,0.5089966676332193,1.329700671785945,2.083359276579185,0.6382483745046964,0.3188068969094502,0.6210396620194141,0.5133438593483649,0.0031437994320089972,0.0142333648883868,0.22087534863762728
651,11,trunk_spine,amp_preserving,primary_amp_preserving,2,10.0,10.0,1145.0,1145.0,0.010036591566857656,0.01084068705874397,0.9258261503603002,0.004026269251749759,0.004951013993413134,0.8132211415896496,1.9760860471484998,2.083359276579185,0.9485094910721185,0.5729416312022746,0.6210396620194141,0.922552400822935,0.0065868629187407005,0.0142333648883868,0.4627762282771949
651,11,trunk_spine,trial_zscore,primary_trial_zscore,1,10.0,10.0,1145.0,1145.0,0.005410800588358855,0.020960285774322407,0.25814536340851835,0.0023114099600756166,0.00790607270434962,0.29235880398670844,1.0672179625931744,2.7240782279059985,0.3917721420994381,0.2568011058769031,0.8257759505961957,0.31098157519784536,0.0,0.0,
651,11,trunk_spine,trial_zscore,primary_trial_zscore,2,10.0,10.0,1145.0,1145.0,0.01833368354696363,0.020960285774322407,0.8746867167919762,0.006408909434755139,0.00790607270434962,0.8106312292358759,1.9289731312652272,2.7240782279059985,0.7081195802324777,0.6451678027625074,0.8257759505961957,0.7812867428467826,0.0,0.0,
651,13,left_arm,amp_preserving,primary_amp_preserving,1,12.0,12.0,1385.0,1385.0,0.007255721959479211,0.022748783618650403,0.3189498867768326,0.002099993148904855,0.008258132798574014,0.25429394272606937,2.10581374499593,3.2121400236565547,0.6555796850346416,0.47615415193198807,0.9753710431165721,0.48817745338281504,0.005076062686504797,0.011203701013570499,0.4530701667561825
651,13,left_arm,amp_preserving,primary_amp_preserving,2,14.0,12.0,1625.0,1385.0,0.024344902559290227,0.022748783618650403,1.0701628257315374,0.009532951716131777,0.008258132798574014,1.154371326866758,2.961416468666175,3.2121400236565547,0.9219450107579783,1.0397620039280255,0.9753710431165721,1.066016887897048,0.010293870250439503,0.011203701013570499,0.9187919454447274
651,13,left_arm,trial_zscore,primary_trial_zscore,1,12.0,12.0,1385.0,1385.0,0.004962513388075629,0.01158431402197202,0.428382153545148,0.0005890753302392193,0.003989754222878061,0.14764702218029915,1.9077852271044202,2.75841058308586,0.6916248214833061,0.4341020134545084,0.8153368082944104,0.5324204783083438,0.0,0.0001139605011306992,0.0
651,13,left_arm,trial_zscore,primary_trial_zscore,2,14.0,12.0,1625.0,1385.0,0.013619301526434646,0.01158431402197202,1.1756675018134743,0.004650232623449213,0.003989754222878061,1.1655436309294027,2.413051357901007,2.75841058308586,0.8747977450120944,0.8397154447397264,0.8153368082944104,1.0299000807976686,0.0001139605011306992,0.0001139605011306992,1.0
651,13,left_leg,amp_preserving,primary_amp_preserving,1,12.0,12.0,1385.0,1385.0,0.005669616071765526,0.011365690833598174,0.4988360280754379,0.002953326263957612,0.00457883313893559,0.6449953895118684,3.0438453606403453,4.248878251189587,0.7163879924749879,0.506838471729151,0.8280484564821022,0.6120879373200135,0.0939994991757268,0.1126044859782844,0.8347757938689445
651,13,left_leg,amp_preserving,primary_amp_preserving,2,14.0,12.0,1625.0,1385.0,0.008948177775498056,0.011365690833598174,0.7872973061211822,0.0033314716802955724,0.00457883313893559,0.7275809314750477,2.4780125092285727,4.248878251189587,0.5832157013524186,0.5301498691454989,0.8280484564821022,0.6402401514010403,0.02392415793838531,0.1126044859782844,0.2124618546991018
651,13,left_leg,trial_zscore,primary_trial_zscore,1,12.0,12.0,1385.0,1385.0,0.01024634059264562,0.006101177761487775,1.6794037140375082,0.004908961085326902,0.0027627715941054287,1.7768248000669047,0.9562989528183756,1.1440065253484688,0.8359208899853812,0.3089430239578137,0.29818349407606837,1.0360835864341993,0.0,0.0001139605011306992,0.0
651,13,left_leg,trial_zscore,primary_trial_zscore,2,14.0,12.0,1625.0,1385.0,0.007965227093921001,0.006101177761487775,1.3055228687483247,0.0026460109835454437,0.0027627715941054287,0.9577378706190905,1.0389171651699662,1.1440065253484688,0.9081391951444578,0.3134366410532565,0.29818349407606837,1.0511535590675485,0.0001139605011306992,0.0001139605011306992,1.0
651,13,right_arm,amp_preserving,primary_amp_preserving,1,12.0,12.0,1385.0,1385.0,0.010868115512401189,0.014383579310763617,0.7555918646945053,0.004877465421746052,0.005884553935307624,0.8288589883561116,1.037551505761364,1.3113413031156398,0.7912139298108177,0.31636662262135395,0.4327336850134569,0.7310885044955902,0.0007616702489514002,0.003002858871893402,0.25364836692146703
651,13,right_arm,amp_preserving,primary_amp_preserving,2,14.0,12.0,1625.0,1385.0,0.004433477015790777,0.014383579310763617,0.3082318329814532,0.0018246396958103706,0.005884553935307624,0.310072728684232,0.3425074380461508,1.3113413031156398,0.2611886297124792,0.1376969915683306,0.4327336850134569,0.3182026182316927,0.002408967474643902,0.003002858871893402,0.8022246723586341
651,13,right_arm,trial_zscore,primary_trial_zscore,1,12.0,12.0,1385.0,1385.0,0.011138878971795885,0.012931311281060842,0.8613882018376475,0.004194930382006468,0.00483346524478645,0.8678929442042168,1.09885980343108,1.3898894979232104,0.7906094729638647,0.32123007621781285,0.44209752948437586,0.7266045494361113,0.0,0.0001139605011306992,0.0
651,13,right_arm,trial_zscore,primary_trial_zscore,2,14.0,12.0,1625.0,1385.0,0.006633129989913944,0.012931311281060842,0.5129510724584293,0.002788812513157213,0.00483346524478645,0.5769799454263846,0.26677536033065685,1.3898894979232104,0.19193997848697741,0.10359928987009148,0.44209752948437586,0.23433582628457728,0.0001139605011306992,0.0001139605011306992,1.0
651,13,right_leg,amp_preserving,primary_amp_preserving,1,12.0,12.0,1385.0,1385.0,0.006654893486832569,0.007366726145939029,0.9033719124337392,0.0030972494880457946,0.003506375895077407,0.8833192962551494,5.898858289875296,4.358311414176789,1.3534733361841444,0.8998266088143354,0.5784086285618963,1.555693612406136,0.0338411134993009,0.051603681058408596,0.6557887500505477
651,13,right_leg,amp_preserving,primary_amp_preserving,2,14.0,12.0,1625.0,1385.0,0.0033997056952588256,0.007366726145939029,0.46149478450925485,0.001898886608546646,0.003506375895077407,0.5415524933343537,1.7938242328391425,4.358311414176789,0.4115869799950872,0.23702143710063606,0.5784086285618963,0.4097819869837437,0.037129764655687,0.051603681058408596,0.7195177532715347
651,13,right_leg,trial_zscore,primary_trial_zscore,1,12.0,12.0,1385.0,1385.0,0.0031060335594429445,0.007890039271688631,0.3936651583710291,0.0007675830060691613,0.0036237058193500093,0.21182266009850767,1.5534122659029697,1.1495706454673007,1.3512977841144398,0.42256152367020583,0.28773872563356173,1.468559794097171,0.0,0.0001139605011306992,0.0
651,13,right_leg,trial_zscore,primary_trial_zscore,2,14.0,12.0,1625.0,1385.0,0.00794905613276764,0.007890039271688631,1.007479919813679,0.004251110062475694,0.0036237058193500093,1.17313884581233,0.06269851205410326,1.1495706454673007,0.05454080817157288,0.01429003540511431,0.28773872563356173,0.049663233107221094,0.0001139605011306992,0.0001139605011306992,1.0
651,13,trunk_spine,amp_preserving,primary_amp_preserving,1,12.0,12.0,1385.0,1385.0,0.00023123671938762858,0.007314476466275255,0.03161357076665544,0.000731366158435609,0.0018507419137075987,0.39517457999881805,0.1488727087178221,0.43488651295175274,0.34232542119405385,0.09713101025151971,0.14105631792102624,0.6885973750279007,0.0025145552054423002,0.006539361837622101,0.3845260849423595
651,13,trunk_spine,amp_preserving,primary_amp_preserving,2,14.0,12.0,1625.0,1385.0,0.0041198446693400115,0.007314476466275255,0.5632453243011057,0.001229094767549288,0.0018507419137075987,0.6641092193600552,0.36952589771258015,0.43488651295175274,0.849706502058334,0.17261193578475176,0.14105631792102624,1.2237093547372524,0.012851834448794702,0.006539361837622101,1.965304072158209
651,13,trunk_spine,trial_zscore,primary_trial_zscore,1,12.0,12.0,1385.0,1385.0,0.001392359871474791,0.011077352775940574,0.12569427909698092,0.002516958229204058,0.0027041840220149993,0.930764403869441,0.004311277503906474,0.48634681150244674,0.008864615541711605,0.04382040813753951,0.17948338542092213,0.24414743478775183,0.0,0.0001139605011306992,0.0
651,13,trunk_spine,trial_zscore,primary_trial_zscore,2,14.0,12.0,1625.0,1385.0,0.011612875803430955,0.011077352775940574,1.0483439534988457,0.0046856192237287875,0.0027041840220149993,1.732729424322735,0.31541900348734675,0.48634681150244674,0.648547489214412,0.10929751164153112,0.17948338542092213,0.6089561514855986,0.0001139605011306992,0.0001139605011306992,1.0
790,11,left_arm,amp_preserving,primary_amp_preserving,1,10.0,10.0,1145.0,1145.0,0.005463131188957804,0.0013150050655301726,4.154456383599728,0.0026135709008068275,0.0011597636464779626,2.2535375278780907,1.7275627224382495,1.5866384503383628,1.0888193980612493,0.36488718765039296,0.4015557925391673,0.9086836609754603,0.0298317403120896,0.03080587534736,0.968378271213323
790,11,left_arm,amp_preserving,primary_amp_preserving,2,10.0,10.0,1145.0,1145.0,0.007711866078311536,0.0013150050655301726,5.864514350902771,0.00211765601063163,0.0011597636464779626,1.825937566729782,1.2815773255830774,1.5866384503383628,0.8077311660446469,0.3372083779287274,0.4015557925391673,0.8397547344453672,0.0007054081289889005,0.03080587534736,0.02289849325931758
790,11,left_arm,trial_zscore,primary_trial_zscore,1,10.0,10.0,1145.0,1145.0,0.01139945366673667,0.0035196469846606737,3.238805970149214,0.0059098550115571635,0.0031781886951040006,1.8595041322314483,0.003842530526468657,1.5354984173018087,0.00250246466109733,0.004369398657685153,0.3258534632147225,0.013409090744590058,0.0,0.0,
790,11,left_arm,trial_zscore,primary_trial_zscore,2,10.0,10.0,1145.0,1145.0,0.008405127127547707,0.0035196469846606737,2.3880597014924887,0.0027579323387267873,0.0031781886951040006,0.8677685950413775,1.24905184959115,1.5354984173018087,0.8134504311544618,0.33049388494855636,0.3258534632147225,1.0142408237373128,0.0,0.0,
790,11,left_leg,amp_preserving,primary_amp_preserving,1,10.0,10.0,1145.0,1145.0,0.0006575820012694189,0.012161289367048744,0.054071733795854775,0.0002843180824195768,0.005145803842128593,0.055252413644661366,1.2966982227317754,2.801246888878044,0.4629003705029117,0.19750050256981577,0.6406397423123247,0.30828637301981543,0.013673008214492896,0.0157144165877791,0.870093276331125
790,11,left_leg,amp_preserving,primary_amp_preserving,2,10.0,10.0,1145.0,1145.0,0.011868344364760808,0.012161289367048744,0.9759116822693426,0.005181344180431036,0.005145803842128593,1.006906664030112,2.880039321744391,2.801246888878044,1.0281276288709793,0.634680376973999,0.6406397423123247,0.990697790123329,0.020441567166457997,0.0157144165877791,1.3008161678973904
790,11,left_leg,trial_zscore,primary_trial_zscore,1,10.0,10.0,1145.0,1145.0,0.0030993906282832384,0.010769069132170572,0.2878048780487805,0.001470897247320857,0.005016810254255044,0.29319371727748816,0.5493991666347489,1.5590530907479643,0.3523928530048785,0.15891411450548754,0.35696033478340317,0.44518703906391627,0.0,0.0,
790,11,left_leg,trial_zscore,primary_trial_zscore,2,10.0,10.0,1145.0,1145.0,0.011451985711283919,0.010769069132170572,1.06341463414635,0.0045702878756042065,0.005016810254255044,0.9109947643979326,1.5114775866126609,1.5590530907479643,0.9694843591808161,0.3981881959266982,0.35696033478340317,1.1154970374182087,0.0,0.0,
790,11,right_arm,amp_preserving,primary_amp_preserving,1,10.0,10.0,1145.0,1145.0,0.009734359350291544,0.014437437153618782,0.6742442752626355,0.004451012367978846,0.007634187459431563,0.5830368184737064,1.3978478793624083,2.985635105977619,0.4681911317842358,0.3710857157811489,0.7405876814430314,0.5010692522701569,0.0010596390509054025,0.0331068494823953,0.03200664114744201
790,11,right_arm,amp_preserving,primary_amp_preserving,2,10.0,10.0,1145.0,1145.0,0.013408705560199574,0.014437437153618782,0.9287455534889477,0.0060273226464011564,0.007634187459431563,0.7895172444258982,0.9187534457471669,2.985635105977619,0.3077246257949293,0.23282216680516532,0.7405876814430314,0.3143748844856729,0.0197147830335603,0.0331068494823953,0.5954895540285015
790,11,right_arm,trial_zscore,primary_trial_zscore,1,10.0,10.0,1145.0,1145.0,0.01192477411220838,0.024322336625341334,0.49028077753779675,0.004938012187434171,0.01160958184492522,0.4253393665158297,1.4062415150460836,1.8188911121045654,0.7731312257713868,0.36812452007696583,0.4569113744668152,0.8056803587053231,0.0,0.0,
790,11,right_arm,trial_zscore,primary_trial_zscore,2,10.0,10.0,1145.0,1145.0,0.02253624711073754,0.024322336625341334,0.9265658747300259,0.011163059466274494,0.01160958184492522,0.9615384615384825,0.5937863915535786,1.8188911121045654,0.32645516139035524,0.20946721996517814,0.4569113744668152,0.4584416840347043,0.0,0.0,
790,11,right_leg,amp_preserving,primary_amp_preserving,1,10.0,10.0,1145.0,1145.0,0.002208095464561022,0.026461840459985675,0.08344451580758329,0.0010140453179263709,0.011597519657022382,0.08743639570486601,1.7278163751382234,7.448240448411177,0.23197644961996264,0.19360067143629855,1.5557036638371824,0.12444572571024073,0.031111246831770904,0.0602742235930009,0.5161617185125147
790,11,right_leg,amp_preserving,primary_amp_preserving,2,10.0,10.0,1145.0,1145.0,0.024346948360815857,0.026461840459985675,0.9200776641984575,0.010331965210922056,0.011597519657022382,0.8908771458443683,4.747579483485264,7.448240448411177,0.6374095353618713,1.1757217379398708,1.5557036638371824,0.7557491605052362,0.026037499618285602,0.0602742235930009,0.43198399027256984
790,11,right_leg,trial_zscore,primary_trial_zscore,1,10.0,10.0,1145.0,1145.0,0.0004202563563773243,0.014393780205925633,0.029197080291966188,0.00034145828955678414,0.0073807522588779095,0.046263345195750524,0.3045548869059971,3.5187349606058422,0.08655238041956988,0.09590327960144052,0.8768776196237149,0.10936905841272863,0.0,0.0,
790,11,right_leg,trial_zscore,primary_trial_zscore,2,10.0,10.0,1145.0,1145.0,0.015549485185963219,0.014393780205925633,1.080291970802903,0.007853540659802372,0.0073807522588779095,1.0640569395017656,2.7318774663608156,3.5187349606058422,0.7763805734008598,0.6672268558431282,0.8768776196237149,0.7609121739581496,0.0,0.0,
790,11,trunk_spine,amp_preserving,primary_amp_preserving,1,10.0,10.0,1145.0,1145.0,0.0009252231388703347,0.0030035903246505846,0.30803905954716654,0.0005367612257417553,0.0022888184624013652,0.23451454737856328,0.3164217568204739,2.3558945848741857,0.13431066010000278,0.07711534129338737,0.29589481572506493,0.2606174126586937,0.009721501206217398,0.019279628668275,0.504236952561971
790,11,trunk_spine,amp_preserving,primary_amp_preserving,2,10.0,10.0,1145.0,1145.0,0.004107156825836844,0.0030035903246505846,1.367415786410432,0.0032944041198853524,0.0022888184624013652,1.4393470578828496,3.147719028272059,2.3558945848741857,1.3361035117962037,0.45519936818837925,0.29589481572506493,1.53838237102246,0.019320853818670398,0.019279628668275,1.0021382751247296
790,11,trunk_spine,trial_zscore,primary_trial_zscore,1,10.0,10.0,1145.0,1145.0,0.0008405127127546486,0.0023639420046229764,0.35555555555547624,0.00010506408909405351,0.0016547594032361168,0.06349206349188032,1.2006096421564045,1.4590572680331722,0.8228667019868533,0.3063340497375422,0.34617704669946603,0.884905722832301,0.0,0.0,
790,11,trunk_spine,trial_zscore,primary_trial_zscore,2,10.0,10.0,1145.0,1145.0,0.0020487497373398167,0.0023639420046229764,0.866666666666626,0.0019174196259716947,0.0016547594032361168,1.1587301587299692,1.3236226159800237,1.4590572680331722,0.9071766029885063,0.1556822695966762,0.34617704669946603,0.44971863698355463,0.0,0.0,
790,13,left_arm,amp_preserving,primary_amp_preserving,1,14.0,18.0,1625.0,2105.0,0.009988414496238995,0.01713331853229505,0.5829818944538716,0.003898923032317869,0.007898113316193278,0.4936524554951646,1.6828013618951223,1.5425676527144292,1.090909276448217,0.533722468768286,0.507457094621456,1.051758807641507,0.0272323911994509,0.0214513073133762,1.269497975187267
790,13,left_arm,amp_preserving,primary_amp_preserving,2,14.0,12.0,1625.0,1385.0,0.009952344910354238,0.01713331853229505,0.5808766638870805,0.00527357290198327,0.007898113316193278,0.6677003343533972,1.2674971269653827,1.5425676527144292,0.8216800895150306,0.42011702754588365,0.507457094621456,0.8278867947629646,0.003912272012611,0.0214513073133762,0.1823791881519249
790,13,left_arm,trial_zscore,primary_trial_zscore,1,14.0,18.0,1625.0,2105.0,0.005942529698779175,0.0118815740119812,0.5001466718792323,0.00320893876758066,0.005715503446999781,0.5614446386634789,0.5019952586652003,1.011657706780289,0.4962105812081984,0.16653203214536827,0.32781271126348654,0.5080096848700737,0.0001502127066257998,0.000264173207756499,0.5686144628423409
790,13,left_arm,trial_zscore,primary_trial_zscore,2,14.0,12.0,1625.0,1385.0,0.00971313323572598,0.0118815740119812,0.8174954956246876,0.005036859232119828,0.005715503446999781,0.8812625657261757,1.009623524229232,1.011657706780289,0.9979892580885574,0.35081627286651607,0.32781271126348654,1.0701728786366063,0.0001139605011306992,0.000264173207756499,0.4313855371576591
790,13,left_leg,amp_preserving,primary_amp_preserving,1,14.0,18.0,1625.0,2105.0,0.020556374653260656,0.016175761123903842,1.2708134409133511,0.00989718538624118,0.007893614748983424,1.253821690185195,9.955079389210557,7.392050002553093,1.346727820533172,1.4981209279778782,1.0410586161028133,1.4390360973007175,0.1977046171538267,0.17893444486547938,1.1048997151021342
790,13,left_leg,amp_preserving,primary_amp_preserving,2,14.0,12.0,1625.0,1385.0,0.0006016904735633988,0.016175761123903842,0.037197042473274815,0.0002541007432708131,0.007893614748983424,0.032190669465283615,3.0449196043960587,7.392050002553093,0.411918155767939,0.41747126534958046,1.0410586161028133,0.40100649367119945,0.014264742688363703,0.17893444486547938,0.07972049595642557
790,13,left_leg,trial_zscore,primary_trial_zscore,1,14.0,18.0,1625.0,2105.0,0.008262765811042794,0.02678686746054304,0.30846331035959385,0.004321950824814791,0.013290109265621353,0.32520054865122483,0.08540951171250111,3.968243882783189,0.021523251653725938,0.04283864013625749,0.8956284170299402,0.047830818363622137,0.0001502127066257998,0.000264173207756499,0.5686144628423409
790,13,left_leg,trial_zscore,primary_trial_zscore,2,14.0,12.0,1625.0,1385.0,0.0027301138147014514,0.02678686746054304,0.1019198612425622,0.0011888593688281768,0.013290109265621353,0.08945444654119585,2.7763242285951852,3.968243882783189,0.6996354837566,0.5075693343182346,0.8956284170299402,0.5667186577235042,0.0001139605011306992,0.000264173207756499,0.4313855371576591
790,13,right_arm,amp_preserving,primary_amp_preserving,1,14.0,18.0,1625.0,2105.0,0.006646233737300999,0.014146763176581922,0.4698059658129396,0.00289315287674341,0.0066981745474876675,0.4319315443680944,0.9599902439475487,3.6276993577450085,0.26462783965214864,0.3273484494225052,0.7078705954167579,0.4624410895748243,0.008600500721433799,0.0127398939325305,0.675084170008117
790,13,right_arm,amp_preserving,primary_amp_preserving,2,14.0,12.0,1625.0,1385.0,0.00822369540756418,0.014146763176581922,0.5813128632263675,0.004909497333668078,0.0066981745474876675,0.7329604952605361,2.055748114710556,3.6276993577450085,0.566680948993639,0.1992244850764222,0.7078705954167579,0.2814419561517865,0.003962918270525098,0.0127398939325305,0.31106367851352684
790,13,right_arm,trial_zscore,primary_trial_zscore,1,14.0,18.0,1625.0,2105.0,0.011608962371468579,0.015911967556118012,0.7295742861796519,0.004662109833837302,0.0075039392452148634,0.6212883235708834,1.3528008824679238,2.538646507068382,0.5328827305027719,0.47520181330966915,0.6943805116932782,0.6843536149234202,0.0001502127066257998,0.000264173207756499,0.5686144628423409
790,13,right_arm,trial_zscore,primary_trial_zscore,2,14.0,12.0,1625.0,1385.0,0.010511579399562043,0.015911967556118012,0.6606083982065708,0.006945627474008398,0.0075039392452148634,0.9255975091266242,1.3110045421979848,2.538646507068382,0.5164187052225429,0.24996697279427593,0.6943805116932782,0.35998558223461685,0.0001139605011306992,0.000264173207756499,0.4313855371576591
790,13,right_leg,amp_preserving,primary_amp_preserving,1,14.0,18.0,1625.0,2105.0,0.019276763386442797,0.02397480032804955,0.8040427082885758,0.00995841467873737,0.012483935426902848,0.7976983489739151,1.851576605603972,1.9570373491274182,0.9461120435077706,0.2320570328292928,0.34428314467472987,0.6740296073702199,0.09064235293851108,0.11216748768472899,0.808098271695993
790,13,right_leg,amp_preserving,primary_amp_preserving,2,14.0,12.0,1625.0,1385.0,0.007445754849470632,0.02397480032804955,0.31056587531865276,0.0034714237709834173,0.012483935426902848,0.2780712693773238,0.2663833175323935,1.9570373491274182,0.13611560231651457,0.024623007058406365,0.34428314467472987,0.07151964143254695,0.0174642065432324,0.11216748768472899,0.15569758139113657
790,13,right_leg,trial_zscore,primary_trial_zscore,1,14.0,18.0,1625.0,2105.0,0.08810542826612666,0.10177459768036567,0.865691737174255,0.04691470908510498,0.05354790380492336,0.876125968553628,0.26187625224869393,0.7183230553572928,0.36456612424675283,0.03521756266028264,0.19231522606628904,0.18312415184507294,0.0001502127066257998,0.000264173207756499,0.5686144628423409
790,13,right_leg,trial_zscore,primary_trial_zscore,2,14.0,12.0,1625.0,1385.0,0.024518971082734042,0.10177459768036567,0.2409144486106304,0.010173570806349175,0.05354790380492336,0.18999008520318186,1.3224332071538294,0.7183230553572928,1.8410006435002328,0.3727743780249333,0.19231522606628904,1.9383508297800711,0.0001139605011306992,0.000264173207756499,0.4313855371576591
790,13,trunk_spine,amp_preserving,primary_amp_preserving,1,14.0,18.0,1625.0,2105.0,0.009518654981999997,0.038988525917318606,0.24413990419093617,0.0033873810507203395,0.019683058092715866,0.17209627867602098,1.7056370869222226,0.8172311376659342,2.0870926330507107,0.6891622465958287,0.20918451365142676,3.2945184830661494,0.021339086044453597,0.0070996589617279005,3.005649448725088
790,13,trunk_spine,amp_preserving,primary_amp_preserving,2,14.0,12.0,1625.0,1385.0,0.060417354120384514,0.038988525917318606,1.5496188352570488,0.02931898123619281,0.019683058092715866,1.4895541687723273,2.344095216836137,0.8172311376659342,2.8683381099881076,0.7992307208232359,0.20918451365142676,3.820697368424838,0.008761468546514196,0.0070996589617279005,1.2340689311619903
790,13,trunk_spine,trial_zscore,primary_trial_zscore,1,14.0,18.0,1625.0,2105.0,0.008329246828183257,0.047141786996616086,0.17668500408737461,0.005503987929687426,0.024423320331671494,0.22535788971125295,0.8863536988318783,0.811564001906059,1.0921550201218466,0.35737519499020287,0.22970996154133738,1.5557670751074133,0.0001502127066257998,0.000264173207756499,0.5686144628423409
790,13,trunk_spine,trial_zscore,primary_trial_zscore,2,14.0,12.0,1625.0,1385.0,0.05580989711330864,0.047141786996616086,1.1838731764095995,0.027500576312397884,0.024423320331671494,1.1259966269506725,1.7852131294361788,0.811564001906059,2.199719461734852,0.6273268161462435,0.22970996154133738,2.730951726851224,0.0001139605011306992,0.000264173207756499,0.4313855371576591
