setting,participant,timepoint,repetition,exercise_id,recording_id,segment_id,region,rate_hz,normalization,threshold_mode,surrogate,truncated,duration_s,n_trunc,RR,DET,Lmean,Lmax,Lmax_over_N,ENTR,LAM,TT,epsilon,mean_distance,n_samples,N_embed,tau,m,theiler,lmin,DET_trunc,LAM_trunc,Lmean_trunc,ENTR_trunc,delta_trunc_DET,delta_trunc_LAM,delta_trunc_Lmean,delta_trunc_ENTR
primary_amp_preserving,651,1,1,11,651_T1_P1_R1,651_T1_R1_ex11,trunk_spine,120,amp_preserving,fixed_mean_rescaled,identity,False,10.0,-1,0.0278391913763092,0.9937476005045796,7.487190082644628,59.0,0.0515283842794759,3.891472517495261,0.9972028739099436,9.615018508725544,10.51514079829874,30.043259423710687,1199.0,1145.0,18.0,4.0,18.0,2.0,0.9937476005045796,0.9972028739099436,7.487190082644628,3.891472517495261,0.0,0.0,0.0,0.0
primary_amp_preserving,651,1,1,11,651_T1_P1_R1,651_T1_R1_ex11,left_arm,120,amp_preserving,fixed_mean_rescaled,identity,False,10.0,-1,0.0203896540141081,0.9653287404522988,4.643731988472623,37.0,0.0323144104803493,3.0489358561472693,0.9818406469971545,6.224305720389271,22.462455272949455,64.17844363699845,1199.0,1145.0,18.0,4.0,18.0,2.0,0.9653287404522988,0.9818406469971545,4.643731988472623,3.0489358561472693,0.0,0.0,0.0,0.0
primary_amp_preserving,651,1,1,11,651_T1_P1_R1,651_T1_R1_ex11,right_arm,120,amp_preserving,fixed_mean_rescaled,identity,False,10.0,-1,0.020017100803127,0.9700228832951944,4.773648648648648,39.0,0.034061135371179,3.087329962293763,0.9857360793287566,6.252056119980648,29.94533223691401,85.5580921054686,1199.0,1145.0,18.0,4.0,18.0,2.0,0.9700228832951944,0.9857360793287566,4.773648648648648,3.087329962293763,0.0,0.0,0.0,0.0
primary_amp_preserving,651,1,1,11,651_T1_P1_R1,651_T1_R1_ex11,left_leg,120,amp_preserving,fixed_mean_rescaled,identity,False,10.0,-1,0.0633569487281277,0.9957344258344378,12.26053412462908,145.0,0.1266375545851528,4.662003445898553,0.997397276780335,15.437150317045878,9.78167766831755,27.94765048090729,1199.0,1145.0,18.0,4.0,18.0,2.0,0.9957344258344378,0.997397276780335,12.26053412462908,4.662003445898553,0.0,0.0,0.0,0.0
primary_amp_preserving,651,1,1,11,651_T1_P1_R1,651_T1_R1_ex11,right_leg,120,amp_preserving,fixed_mean_rescaled,identity,False,10.0,-1,0.0859437505725715,0.9963757816941444,11.401504370807077,190.0,0.1659388646288209,4.55892439363538,0.9975660886867538,14.3590333716916,12.447084497797691,35.563098565136265,1199.0,1145.0,18.0,4.0,18.0,2.0,0.9963757816941444,0.9975660886867538,11.401504370807077,4.55892439363538,0.0,0.0,0.0,0.0
primary_amp_preserving,651,1,1,13,651_T1_P1_R1,651_T1_R1_ex13,trunk_spine,120,amp_preserving,fixed_mean_rescaled,identity,False,12.0,-1,0.0282882243692744,0.9797875479492476,5.113378248315688,52.0,0.0375451263537906,3.2255801357597016,0.9896540277367956,6.9055462617423755,11.206552249323815,32.01872071235376,1439.0,1385.0,18.0,4.0,18.0,2.0,0.9797875479492476,0.9896540277367956,5.113378248315688,3.2255801357597016,0.0,0.0,0.0,0.0
primary_amp_preserving,651,1,1,13,651_T1_P1_R1,651_T1_R1_ex13,left_arm,120,amp_preserving,fixed_mean_rescaled,identity,False,12.0,-1,0.0330544020366853,0.985290404040404,7.508780370459466,99.0,0.0714801444043321,3.840679719555126,0.9917140151515152,9.220102714600149,31.056013405914776,88.73146687404223,1439.0,1385.0,18.0,4.0,18.0,2.0,0.985290404040404,0.9917140151515152,7.508780370459466,3.840679719555126,0.0,0.0,0.0,0.0
primary_amp_preserving,651,1,1,13,651_T1_P1_R1,651_T1_R1_ex13,right_arm,120,amp_preserving,fixed_mean_rescaled,identity,False,12.0,-1,0.0255660357672001,0.9857976574297024,6.157277593678307,70.0,0.0505415162454873,3.5584546055046338,0.9925315267518264,7.535243996901627,38.62073718914339,110.34496339755256,1439.0,1385.0,18.0,4.0,18.0,2.0,0.9857976574297024,0.9925315267518264,6.157277593678307,3.5584546055046338,0.0,0.0,0.0,0.0
primary_amp_preserving,651,1,1,13,651_T1_P1_R1,651_T1_R1_ex13,left_leg,120,amp_preserving,fixed_mean_rescaled,identity,False,12.0,-1,0.1618799691158365,0.9966161560822178,11.190041974236504,145.0,0.1046931407942238,4.556719405689501,0.998111492823028,15.780699072658718,37.88588303499709,108.2453800999917,1439.0,1385.0,18.0,4.0,18.0,2.0,0.9966161560822178,0.998111492823028,11.190041974236504,4.556719405689501,0.0,0.0,0.0,0.0
primary_amp_preserving,651,1,1,13,651_T1_P1_R1,651_T1_R1_ex13,right_leg,120,amp_preserving,fixed_mean_rescaled,identity,False,12.0,-1,0.092012896225037,0.9939560252644948,12.865697930427125,132.0,0.0953068592057761,4.737394111418718,0.9966491659768446,17.24377084559545,51.927189108683905,148.3633974533826,1439.0,1385.0,18.0,4.0,18.0,2.0,0.9939560252644948,0.9966491659768446,12.865697930427125,4.737394111418718,0.0,0.0,0.0,0.0
primary_amp_preserving,651,1,2,11,651_T1_P1_R2,651_T1_R2_ex11,trunk_spine,120,amp_preserving,fixed_mean_rescaled,identity,False,10.0,-1,0.042072556264696,0.9829069134458356,5.403830806065443,65.0,0.056768558951965,3.270432855475847,0.9922518599165304,7.359757738896366,11.19271399746857,31.9791828499102,1199.0,1145.0,18.0,4.0,18.0,2.0,0.9829069134458356,0.9922518599165304,5.403830806065443,3.270432855475847,0.0,0.0,0.0,0.0
primary_amp_preserving,651,1,2,11,651_T1_P1_R2,651_T1_R2_ex11,left_arm,120,amp_preserving,fixed_mean_rescaled,identity,False,10.0,-1,0.0300745106421962,0.9862923287810328,6.334202804043039,73.0,0.0637554585152838,3.6124676468029207,0.9939330862567904,8.279763163459505,39.15767970641525,111.87908487547216,1199.0,1145.0,18.0,4.0,18.0,2.0,0.9862923287810328,0.9939330862567904,6.334202804043039,3.6124676468029207,0.0,0.0,0.0,0.0
primary_amp_preserving,651,1,2,11,651_T1_P1_R2,651_T1_R2_ex11,right_arm,120,amp_preserving,fixed_mean_rescaled,identity,False,10.0,-1,0.0285552875072525,0.984172815741632,7.338915470494418,76.0,0.0663755458515283,3.770716532667898,0.9927013153673404,8.74493641073952,58.75631404504811,167.87518298585175,1199.0,1145.0,18.0,4.0,18.0,2.0,0.984172815741632,0.9927013153673404,7.338915470494418,3.770716532667898,0.0,0.0,0.0,0.0
primary_amp_preserving,651,1,2,11,651_T1_P1_R2,651_T1_R2_ex11,left_leg,120,amp_preserving,fixed_mean_rescaled,identity,False,10.0,-1,0.0357544202522368,0.9878720587607294,6.441938178780284,58.0,0.0506550218340611,3.6323615539812217,0.9940641414357092,8.238541850999823,13.660513373585026,39.030038210242935,1199.0,1145.0,18.0,4.0,18.0,2.0,0.9878720587607294,0.9940641414357092,6.441938178780284,3.6323615539812217,0.0,0.0,0.0,0.0
primary_amp_preserving,651,1,2,11,651_T1_P1_R2,651_T1_R2_ex11,right_leg,120,amp_preserving,fixed_mean_rescaled,identity,False,10.0,-1,0.0420282773994564,0.9876843711400132,6.275854108956602,62.0,0.0541484716157205,3.5686382408777897,0.9944052895444307,8.324817518248175,15.30289368932546,43.72255339807275,1199.0,1145.0,18.0,4.0,18.0,2.0,0.9876843711400132,0.9944052895444307,6.275854108956602,3.5686382408777897,0.0,0.0,0.0,0.0
primary_amp_preserving,651,1,2,13,651_T1_P1_R2,651_T1_R2_ex13,trunk_spine,120,amp_preserving,fixed_mean_rescaled,identity,False,14.0,-1,0.0348275862068965,0.9724730714829724,4.899144924358693,63.0,0.0387692307692307,3.1600047433719074,0.987803285823088,6.520324619362253,15.104288676528554,43.1551105043673,1679.0,1625.0,18.0,4.0,18.0,2.0,0.9654309453101538,0.985418265541059,4.360006027727547,2.914947069817563,-0.007042126172818519,-0.0023850202820289157,-0.5391388966311466,-0.24505767355434438
primary_amp_preserving,651,1,2,13,651_T1_P1_R2,651_T1_R2_ex13,left_arm,120,amp_preserving,fixed_mean_rescaled,identity,False,14.0,-1,0.0218507010231148,0.9625416204217536,4.296640346802911,48.0,0.0295384615384615,2.865308676438554,0.9834558823529412,5.704083685375176,39.08661864858077,111.67605328165934,1679.0,1625.0,18.0,4.0,18.0,2.0,0.951652192332133,0.9794270281719974,3.877238403451995,2.62836443576156,-0.010889428089620568,-0.004028854180943786,-0.41940194335091574,-0.2369442406769937
primary_amp_preserving,651,1,2,13,651_T1_P1_R2,651_T1_R2_ex13,right_arm,120,amp_preserving,fixed_mean_rescaled,identity,False,14.0,-1,0.0253982569154982,0.9714140781189388,4.845936290562667,86.0,0.0529230769230769,3.125720920491177,0.9866469728165188,6.23877358490566,54.21205679577824,154.89159084508069,1679.0,1625.0,18.0,4.0,18.0,2.0,0.967266201084624,0.9860130310951584,4.622785754242028,3.013569944658128,-0.00414787703431474,-0.0006339417213604426,-0.22315053632063897,-0.11215097583304878
primary_amp_preserving,651,1,2,13,651_T1_P1_R2,651_T1_R2_ex13,left_leg,120,amp_preserving,fixed_mean_rescaled,identity,False,14.0,-1,0.0492754831375521,0.9852504652486196,6.941163723046917,99.0,0.0609230769230769,3.7286709492073986,0.9935326596840924,9.63725197672684,43.199466567291395,123.42704733511827,1679.0,1625.0,18.0,4.0,18.0,2.0,0.9823604805248408,0.9922555557969284,6.052871101592825,3.549286381295145,-0.0028899847237787712,-0.001277103887164066,-0.8882926214540916,-0.17938456791225343
primary_amp_preserving,651,1,2,13,651_T1_P1_R2,651_T1_R2_ex13,right_leg,120,amp_preserving,fixed_mean_rescaled,identity,False,14.0,-1,0.0726456991284577,0.9912681522283424,8.507386516250335,73.0,0.0449230769230769,4.158985482856822,0.9951594057753296,11.685899791743232,45.687493004792046,130.53569429940586,1679.0,1625.0,18.0,4.0,18.0,2.0,0.9904958556658758,0.9946328676449052,8.010066319279963,4.043284095438718,-0.000772296562466579,-0.0005265381304243588,-0.49732019697037266,-0.11570138741810343
primary_amp_preserving,651,3,1,11,651_T3_P1_R1,651_T3_R1_ex11,trunk_spine,120,amp_preserving,fixed_mean_rescaled,identity,False,10.0,-1,0.0246953919443002,0.9886855447013726,6.157489410858683,71.0,0.0620087336244541,3.572665620585811,0.9946828242858908,6.803975470501163,15.23859668343624,43.538847666960685,1199.0,1145.0,18.0,4.0,18.0,2.0,0.9886855447013726,0.9946828242858908,6.157489410858683,3.572665620585811,0.0,0.0,0.0,0.0
primary_amp_preserving,651,3,1,11,651_T3_P1_R1,651_T3_R1_ex11,left_arm,120,amp_preserving,fixed_mean_rescaled,identity,False,10.0,-1,0.0259504687452285,0.9598140738997412,4.970444850700792,32.0,0.0279475982532751,3.2025625155960857,0.9814662273476112,6.6710657868426315,43.048442126407195,122.995548932592,1199.0,1145.0,18.0,4.0,18.0,2.0,0.9598140738997412,0.9814662273476112,4.970444850700792,3.2025625155960857,0.0,0.0,0.0,0.0
primary_amp_preserving,651,3,1,11,651_T3_P1_R1,651_T3_R1_ex11,right_arm,120,amp_preserving,fixed_mean_rescaled,identity,False,10.0,-1,0.0213042416099184,0.960223607826274,4.575819672131147,25.0,0.0218340611353711,3.046146713837447,0.9803626460259444,6.090382902938558,47.5463016602057,135.84657617201628,1199.0,1145.0,18.0,4.0,18.0,2.0,0.960223607826274,0.9803626460259444,4.575819672131147,3.046146713837447,0.0,0.0,0.0,0.0
primary_amp_preserving,651,3,1,11,651_T3_P1_R1,651_T3_R1_ex11,left_leg,120,amp_preserving,fixed_mean_rescaled,identity,False,10.0,-1,0.0152288759275658,0.9696210146380588,4.458736745043799,32.0,0.0279475982532751,2.948814933243907,0.9864648085021056,5.6578493387004025,9.430529435894924,26.944369816842645,1199.0,1145.0,18.0,4.0,18.0,2.0,0.9696210146380588,0.9864648085021056,4.458736745043799,2.948814933243907,0.0,0.0,0.0,0.0
primary_amp_preserving,651,3,1,11,651_T3_P1_R1,651_T3_R1_ex11,right_leg,120,amp_preserving,fixed_mean_rescaled,identity,False,10.0,-1,0.0232235013894402,0.9842209072978304,6.178291374329344,80.0,0.0698689956331877,3.5834648813593226,0.9923734385272848,7.4630407911001235,10.435406017901068,29.815445765431623,1199.0,1145.0,18.0,4.0,18.0,2.0,0.9842209072978304,0.9923734385272848,6.178291374329344,3.5834648813593226,0.0,0.0,0.0,0.0
primary_amp_preserving,651,3,1,13,651_T3_P1_R1,651_T3_R1_ex13,trunk_spine,120,amp_preserving,fixed_mean_rescaled,identity,False,12.0,-1,0.0257736691638321,0.97955631122986,4.964505539597866,66.0,0.047653429602888,3.128449125508182,0.9903853938952312,6.615603028664143,15.581180539649369,44.51765868471248,1439.0,1385.0,18.0,4.0,18.0,2.0,0.97955631122986,0.9903853938952312,4.964505539597866,3.128449125508182,0.0,0.0,0.0,0.0
primary_amp_preserving,651,3,1,13,651_T3_P1_R1,651_T3_R1_ex13,left_arm,120,amp_preserving,fixed_mean_rescaled,identity,False,12.0,-1,0.0279783393501805,0.9780346820809248,5.402966625463535,47.0,0.0339350180505415,3.364525567623138,0.9896140220026104,7.275257025359836,37.56534040072724,107.32954400207782,1439.0,1385.0,18.0,4.0,18.0,2.0,0.9780346820809248,0.9896140220026104,5.402966625463535,3.364525567623138,0.0,0.0,0.0,0.0
primary_amp_preserving,651,3,1,13,651_T3_P1_R1,651_T3_R1_ex13,right_arm,120,amp_preserving,fixed_mean_rescaled,identity,False,12.0,-1,0.0248043655182487,0.9749295419173012,5.119726087916943,50.0,0.0361010830324909,3.24208798288328,0.9876540613300804,6.734404130216549,40.93199944330387,116.94856983801108,1439.0,1385.0,18.0,4.0,18.0,2.0,0.9749295419173012,0.9876540613300804,5.119726087916943,3.24208798288328,0.0,0.0,0.0,0.0
primary_amp_preserving,651,3,1,13,651_T3_P1_R1,651_T3_R1_ex13,left_leg,120,amp_preserving,fixed_mean_rescaled,identity,False,12.0,-1,0.0678804699401097,0.9909465400104522,8.146196613596159,162.0,0.1169675090252707,4.04988093396035,0.9951581665590704,11.0238379022646,38.666565191399144,110.4759005468547,1439.0,1385.0,18.0,4.0,18.0,2.0,0.9909465400104522,0.9951581665590704,8.146196613596159,4.04988093396035,0.0,0.0,0.0,0.0
primary_amp_preserving,651,3,1,13,651_T3_P1_R1,651_T3_R1_ex13,right_leg,120,amp_preserving,fixed_mean_rescaled,identity,False,12.0,-1,0.0581717827257361,0.9873011317776622,6.966839640551829,54.0,0.0389891696750902,3.8375675026043825,0.9935519164887988,9.110773026315789,39.06580062044058,111.6165732012588,1439.0,1385.0,18.0,4.0,18.0,2.0,0.9873011317776622,0.9935519164887988,6.966839640551829,3.8375675026043825,0.0,0.0,0.0,0.0
primary_amp_preserving,651,3,2,11,651_T3_P1_R2,651_T3_R2_ex11,trunk_spine,120,amp_preserving,fixed_mean_rescaled,identity,False,10.0,-1,0.0354856933459553,0.9929435050126932,7.379916853213943,129.0,0.1126637554585152,3.8433744866781216,0.9962781291682802,8.879961649089166,16.907352592574444,48.306721693069846,1199.0,1145.0,18.0,4.0,18.0,2.0,0.9929435050126932,0.9962781291682802,7.379916853213943,3.8433744866781216,0.0,0.0,0.0,0.0
primary_amp_preserving,651,3,2,11,651_T3_P1_R2,651_T3_R2_ex11,left_arm,120,amp_preserving,fixed_mean_rescaled,identity,False,10.0,-1,0.0210843741411427,0.9610399015135056,4.824063976735732,53.0,0.0462882096069869,3.1109683235936396,0.981751031935694,6.451106352605282,38.36179737911264,109.60513536889326,1199.0,1145.0,18.0,4.0,18.0,2.0,0.9610399015135056,0.981751031935694,4.824063976735732,3.1109683235936396,0.0,0.0,0.0,0.0
primary_amp_preserving,651,3,2,11,651_T3_P1_R2,651_T3_R2_ex11,right_arm,120,amp_preserving,fixed_mean_rescaled,identity,False,10.0,-1,0.0338809661953766,0.9825146462370438,5.750989184911633,65.0,0.056768558951965,3.44856646720577,0.9919558359621452,7.661503654716324,40.33268155289867,115.23623300828191,1199.0,1145.0,18.0,4.0,18.0,2.0,0.9825146462370438,0.9919558359621452,5.750989184911633,3.44856646720577,0.0,0.0,0.0,0.0
primary_amp_preserving,651,3,2,11,651_T3_P1_R2,651_T3_R2_ex11,left_leg,120,amp_preserving,fixed_mean_rescaled,identity,False,10.0,-1,0.0722096680611964,0.9949041084304232,10.253214207888428,104.0,0.0908296943231441,4.372378584500602,0.9968071384771532,13.626824685648216,10.534174326348696,30.097640932424845,1199.0,1145.0,18.0,4.0,18.0,2.0,0.9949041084304232,0.9968071384771532,10.253214207888428,4.372378584500602,0.0,0.0,0.0,0.0
primary_amp_preserving,651,3,2,11,651_T3_P1_R2,651_T3_R2_ex11,right_leg,120,amp_preserving,fixed_mean_rescaled,identity,False,10.0,-1,0.0472073777750633,0.9864156801862992,6.247029905776321,61.0,0.0532751091703056,3.5641592264796977,0.994129633223365,8.671603893355904,9.926836443484312,28.362389838526607,1199.0,1145.0,18.0,4.0,18.0,2.0,0.9864156801862992,0.994129633223365,6.247029905776321,3.5641592264796977,0.0,0.0,0.0,0.0
primary_amp_preserving,651,3,2,13,651_T3_P1_R2,651_T3_R2_ex13,trunk_spine,120,amp_preserving,fixed_mean_rescaled,identity,False,12.0,-1,0.0219757517581018,0.9765929161523124,4.529619026646113,26.0,0.0187725631768953,2.9873928075871556,0.9890323805906373,6.038846209595594,16.578161326558476,47.366175218738505,1439.0,1385.0,18.0,4.0,18.0,2.0,0.9765929161523124,0.9890323805906373,4.529619026646113,2.9873928075871556,0.0,0.0,0.0,0.0
primary_amp_preserving,651,3,2,13,651_T3_P1_R2,651_T3_R2_ex13,left_arm,120,amp_preserving,fixed_mean_rescaled,identity,False,12.0,-1,0.0321445712735543,0.9868865229810438,7.258056815469086,60.0,0.0433212996389891,3.9050706803665793,0.992988834069073,9.287188828172434,35.135657354070055,100.38759244020017,1439.0,1385.0,18.0,4.0,18.0,2.0,0.9868865229810438,0.992988834069073,7.258056815469086,3.9050706803665793,0.0,0.0,0.0,0.0
primary_amp_preserving,651,3,2,13,651_T3_P1_R2,651_T3_R2_ex13,right_arm,120,amp_preserving,fixed_mean_rescaled,identity,False,12.0,-1,0.0278072243901421,0.966980601103148,5.188443728608818,51.0,0.0368231046931408,3.2634179120595075,0.9848223331207084,6.9142518440463645,35.54908411540487,101.56881175829965,1439.0,1385.0,18.0,4.0,18.0,2.0,0.966980601103148,0.9848223331207084,5.188443728608818,3.2634179120595075,0.0,0.0,0.0,0.0
primary_amp_preserving,651,3,2,13,651_T3_P1_R2,651_T3_R2_ex13,left_leg,120,amp_preserving,fixed_mean_rescaled,identity,False,12.0,-1,0.0731996410759374,0.9941986430241176,9.41917623227549,92.0,0.0664259927797834,4.2588208183528975,0.996864131364388,12.78186968838527,47.48219354353058,135.6634101243731,1439.0,1385.0,18.0,4.0,18.0,2.0,0.9941986430241176,0.996864131364388,9.41917623227549,4.2588208183528975,0.0,0.0,0.0,0.0
primary_amp_preserving,651,3,2,13,651_T3_P1_R2,651_T3_R2_ex13,right_leg,120,amp_preserving,fixed_mean_rescaled,identity,False,12.0,-1,0.1097754637841447,0.9946678579236012,10.301210749089478,128.0,0.0924187725631768,4.396006919957458,0.9970582923838762,13.734158156585494,44.88634034819296,128.24668670912274,1439.0,1385.0,18.0,4.0,18.0,2.0,0.9946678579236012,0.9970582923838762,10.301210749089478,4.396006919957458,0.0,0.0,0.0,0.0
primary_amp_preserving,790,1,1,11,790_T1_P1_R1,790_T1_R1_ex11,trunk_spine,120,amp_preserving,fixed_mean_rescaled,identity,False,10.0,-1,0.0351604727150578,0.9935296161195069,8.168154230631917,62.0,0.0541484716157205,4.089703364988173,0.9962654160152856,9.589132706374086,14.738407113156402,42.1097346090183,1199.0,1145.0,18.0,4.0,18.0,2.0,0.9935296161195069,0.9962654160152856,8.168154230631917,4.089703364988173,0.0,0.0,0.0,0.0
primary_amp_preserving,790,1,1,11,790_T1_P1_R1,790_T1_R1_ex11,left_arm,120,amp_preserving,fixed_mean_rescaled,identity,False,10.0,-1,0.0616926741380889,0.9849523573815122,8.483692176508207,76.0,0.0663755458515283,4.117251122745956,0.9920430639772304,11.455701629036868,59.89005029248162,171.11442940709034,1199.0,1145.0,18.0,4.0,18.0,2.0,0.9849523573815122,0.9920430639772304,8.483692176508207,4.117251122745956,0.0,0.0,0.0,0.0
primary_amp_preserving,790,1,1,11,790_T1_P1_R1,790_T1_R1_ex11,right_arm,120,amp_preserving,fixed_mean_rescaled,identity,False,10.0,-1,0.0224585458209912,0.9755931742470596,5.35048471290082,56.0,0.0489082969432314,3.305787843836616,0.9869467672853356,7.02492136462618,51.46938049749256,147.05537284997874,1199.0,1145.0,18.0,4.0,18.0,2.0,0.9755931742470596,0.9869467672853356,5.35048471290082,3.305787843836616,0.0,0.0,0.0,0.0
primary_amp_preserving,790,1,1,11,790_T1_P1_R1,790_T1_R1_ex11,left_leg,120,amp_preserving,fixed_mean_rescaled,identity,False,10.0,-1,0.0576800928329312,0.9939645816237394,9.97052575677111,123.0,0.1074235807860262,4.331049010400463,0.9962808057812956,12.944625967325882,8.806710439833866,25.162029828096763,1199.0,1145.0,18.0,4.0,18.0,2.0,0.9939645816237394,0.9962808057812956,9.97052575677111,4.331049010400463,0.0,0.0,0.0,0.0
primary_amp_preserving,790,1,1,11,790_T1_P1_R1,790_T1_R1_ex11,right_leg,120,amp_preserving,fixed_mean_rescaled,identity,False,10.0,-1,0.0478898830427214,0.995472660608959,10.580481192815997,102.0,0.0890829694323144,4.482045549236171,0.9971305595408896,12.942271880819368,10.001162427792517,28.574749793692902,1199.0,1145.0,18.0,4.0,18.0,2.0,0.995472660608959,0.9971305595408896,10.580481192815997,4.482045549236171,0.0,0.0,0.0,0.0
primary_amp_preserving,790,1,1,13,790_T1_P1_R1,790_T1_R1_ex13,trunk_spine,120,amp_preserving,fixed_mean_rescaled,identity,False,14.0,-1,0.0441076165214096,0.9501374570446736,5.823907319641917,73.0,0.0449230769230769,3.48653818586555,0.9754123711340206,8.060343603578021,22.02640306898244,62.93258019709269,1679.0,1625.0,18.0,4.0,18.0,2.0,0.939634785576712,0.9699514835312188,5.33956774729842,3.317425042345975,-0.010502671467961577,-0.005460887602801723,-0.48433957234349645,-0.16911314351957518
primary_amp_preserving,790,1,1,13,790_T1_P1_R1,790_T1_R1_ex13,left_arm,120,amp_preserving,fixed_mean_rescaled,identity,False,14.0,-1,0.0521386888973095,0.9785310405977004,6.460032626427406,81.0,0.0498461538461538,3.650747498496227,0.9891855749523962,8.81344298387619,62.23531176223542,177.81517646352978,1679.0,1625.0,18.0,4.0,18.0,2.0,0.9740095659236532,0.9873883223535782,5.901845522898155,3.484397189043464,-0.004521474674047177,-0.0017972525988180221,-0.5581871035292512,-0.16635030945276297
primary_amp_preserving,790,1,1,13,790_T1_P1_R1,790_T1_R1_ex13,right_arm,120,amp_preserving,fixed_mean_rescaled,identity,False,14.0,-1,0.0392413793103448,0.9774812182545048,5.245957711442786,63.0,0.0387692307692307,3.275123021353878,0.9891558353772764,7.193469101123595,56.332182062212375,160.94909160632108,1679.0,1625.0,18.0,4.0,18.0,2.0,0.9788500201045436,0.9896930706339632,4.966136270909833,3.1629663280050595,0.0013688018500387367,0.0005372352566868077,-0.2798214405329533,-0.1121566933488185
primary_amp_preserving,790,1,1,13,790_T1_P1_R1,790_T1_R1_ex13,left_leg,120,amp_preserving,fixed_mean_rescaled,identity,False,14.0,-1,0.2397536945812808,0.99512572900697,15.780100250626566,196.0,0.1206153846153846,4.962722568346635,0.9974664538256072,23.18200852189245,44.01037561208018,125.7439303202291,1679.0,1625.0,18.0,4.0,18.0,2.0,0.9948517663767088,0.9973794845310912,15.835591805279044,4.915544903426083,-0.00027396263026124856,-8.696929451601498e-05,0.05549155465247857,-0.047177664920551976
primary_amp_preserving,790,1,1,13,790_T1_P1_R1,790_T1_R1_ex13,right_leg,120,amp_preserving,fixed_mean_rescaled,identity,False,14.0,-1,0.1525630920803334,0.9648248694779616,8.929520481816928,112.0,0.0689230769230769,4.075167722719278,0.9817095282329974,13.654264690641517,48.017226876252245,137.19207678929214,1679.0,1625.0,18.0,4.0,18.0,2.0,0.9589274107673798,0.9787238456113178,8.01444752658345,3.904822425616632,-0.005897458710581893,-0.0029856826216796417,-0.9150729552334784,-0.1703452971026458
primary_amp_preserving,790,1,2,11,790_T1_P1_R2,790_T1_R2_ex11,trunk_spine,120,amp_preserving,fixed_mean_rescaled,identity,False,10.0,-1,0.0449231990716706,0.9965332064441574,10.524048815506102,145.0,0.1266375545851528,4.385598180713238,0.9978077628985114,10.577373446225906,17.857666349516492,51.02190385576141,1199.0,1145.0,18.0,4.0,18.0,2.0,0.9965332064441574,0.9978077628985114,10.524048815506102,4.385598180713238,0.0,0.0,0.0,0.0
primary_amp_preserving,790,1,2,11,790_T1_P1_R2,790_T1_R2_ex11,left_arm,120,amp_preserving,fixed_mean_rescaled,identity,False,10.0,-1,0.0308867987907289,0.983637352315982,6.897053726169844,114.0,0.0995633187772925,3.7156953302067888,0.9932028276237084,8.882183908045977,51.696387177984015,147.7039633656686,1199.0,1145.0,18.0,4.0,18.0,2.0,0.983637352315982,0.9932028276237084,6.897053726169844,3.7156953302067888,0.0,0.0,0.0,0.0
primary_amp_preserving,790,1,2,11,790_T1_P1_R2,790_T1_R2_ex11,right_arm,120,amp_preserving,fixed_mean_rescaled,identity,False,10.0,-1,0.0369102513207316,0.9900306114006784,8.336119818878439,117.0,0.1021834061135371,4.046375525279648,0.9945809547447672,10.566029444078223,48.758450692427296,139.30985912122085,1199.0,1145.0,18.0,4.0,18.0,2.0,0.9900306114006784,0.9945809547447672,8.336119818878439,4.046375525279648,0.0,0.0,0.0,0.0
primary_amp_preserving,790,1,2,11,790_T1_P1_R2,790_T1_R2_ex11,left_leg,120,amp_preserving,fixed_mean_rescaled,identity,False,10.0,-1,0.0487342351971172,0.9943292186227208,8.752619966905682,85.0,0.074235807860262,4.1275891424923215,0.9966006642020176,11.098918353105374,12.565545507684428,35.90155859338408,1199.0,1145.0,18.0,4.0,18.0,2.0,0.9943292186227208,0.9966006642020176,8.752619966905682,4.1275891424923215,0.0,0.0,0.0,0.0
primary_amp_preserving,790,1,2,11,790_T1_P1_R2,790_T1_R2_ex11,right_leg,120,amp_preserving,fixed_mean_rescaled,identity,False,10.0,-1,0.044764405899777,0.9955658639743502,9.607636603028308,88.0,0.0768558951965065,4.2956642947751575,0.9968790504127156,11.306189555125725,11.87928050441826,33.940801441195035,1199.0,1145.0,18.0,4.0,18.0,2.0,0.9955658639743502,0.9968790504127156,9.607636603028308,4.2956642947751575,0.0,0.0,0.0,0.0
primary_amp_preserving,790,1,2,13,790_T1_P1_R2,790_T1_R2_ex13,trunk_spine,120,amp_preserving,fixed_mean_rescaled,identity,False,14.0,-1,0.0370079575596817,0.9891259829619922,6.641138457307851,61.0,0.0375384615384615,3.6957226995169767,0.9950954292267364,8.881019830028329,18.828090847709028,53.79454527916865,1679.0,1625.0,18.0,4.0,18.0,2.0,0.9872370221840288,0.99328431840606,5.802095024317246,3.440465400435107,-0.001888960777963411,-0.0018111108206764204,-0.8390434329906045,-0.2552572990818698
primary_amp_preserving,790,1,2,13,790_T1_P1_R2,790_T1_R2_ex13,left_arm,120,amp_preserving,fixed_mean_rescaled,identity,False,14.0,-1,0.0306873815839333,0.9757235997234022,5.05230179028133,78.0,0.048,3.2043650968035133,0.9879111923342884,6.841542671455447,60.58596397334711,173.1027542095632,1679.0,1625.0,18.0,4.0,18.0,2.0,0.9759792383366528,0.988578067475406,5.431978501847498,3.345669649658246,0.00025563861325061943,0.0006668751411176288,0.37967671156616767,0.14130455285473253
primary_amp_preserving,790,1,2,13,790_T1_P1_R2,790_T1_R2_ex13,right_arm,120,amp_preserving,fixed_mean_rescaled,identity,False,14.0,-1,0.0473436907919666,0.9916279814310868,8.873657069187795,161.0,0.099076923076923,3.982993616770636,0.995854009924764,11.864403547248974,58.20250848453555,166.2928813843873,1679.0,1625.0,18.0,4.0,18.0,2.0,0.9918897966485776,0.9958554475520304,10.040040241448692,4.040689277045109,0.0002618152174908017,1.437627266343e-06,1.1663831722608968,0.05769566027447315
primary_amp_preserving,790,1,2,13,790_T1_P1_R2,790_T1_R2_ex13,left_leg,120,amp_preserving,fixed_mean_rescaled,identity,False,14.0,-1,0.0608192497158014,0.9901434250040498,8.388050248073473,114.0,0.0701538461538461,4.0881889911219895,0.9952087824450786,11.595020325203253,29.342168379518483,83.83476679862424,1679.0,1625.0,18.0,4.0,18.0,2.0,0.9882074220752816,0.9938827107017204,7.732982844493636,3.951189370072433,-0.0019360029287682767,-0.0013260717433581926,-0.655067403579837,-0.13699962104955654
primary_amp_preserving,790,1,2,13,790_T1_P1_R2,790_T1_R2_ex13,right_leg,120,amp_preserving,fixed_mean_rescaled,identity,False,14.0,-1,0.0403956043956044,0.9887996698060112,6.97248313268951,147.0,0.0904615384615384,3.730884578044548,0.9941934636599002,9.475637013857844,29.057689718699056,83.02197062485445,1679.0,1625.0,18.0,4.0,18.0,2.0,0.9822206728255186,0.99119748997734,6.322935368043088,3.5542997219141608,-0.00657899698049258,-0.0029959736825602157,-0.6495477646464218,-0.1765848561303871
primary_amp_preserving,790,3,1,11,790_T3_P1_R1,790_T3_R1_ex11,trunk_spine,120,amp_preserving,fixed_mean_rescaled,identity,False,10.0,-1,0.0448819739212752,0.9944548392583772,7.851732473811443,55.0,0.0480349344978165,4.012588023694786,0.9968021772410274,10.475867000357526,14.19893787028706,40.568393915105894,1199.0,1145.0,18.0,4.0,18.0,2.0,0.9944548392583772,0.9968021772410274,7.851732473811443,4.012588023694786,0.0,0.0,0.0,0.0
primary_amp_preserving,790,3,1,11,790_T3_P1_R1,790_T3_R1_ex11,left_arm,120,amp_preserving,fixed_mean_rescaled,identity,False,10.0,-1,0.0318609338259993,0.99041548857047,6.756129454069957,63.0,0.0550218340611353,3.752363935095563,0.9946566348780372,8.404737801174328,40.54035472120399,115.8295849177257,1199.0,1145.0,18.0,4.0,18.0,2.0,0.99041548857047,0.9946566348780372,6.756129454069957,3.752363935095563,0.0,0.0,0.0,0.0
primary_amp_preserving,790,3,1,11,790_T3_P1_R1,790_T3_R1_ex11,right_arm,120,amp_preserving,fixed_mean_rescaled,identity,False,10.0,-1,0.0235181848718966,0.9853275335973511,6.748332592263228,114.0,0.0995633187772925,3.676873559617765,0.9913977796533144,8.708582834331338,28.845795638565267,82.41655896732934,1199.0,1145.0,18.0,4.0,18.0,2.0,0.9853275335973511,0.9913977796533144,6.748332592263228,3.676873559617765,0.0,0.0,0.0,0.0
primary_amp_preserving,790,3,1,11,790_T3_P1_R1,790_T3_R1_ex11,left_leg,120,amp_preserving,fixed_mean_rescaled,identity,False,10.0,-1,0.0440070846184383,0.9946221636250088,8.673827534039335,110.0,0.0960698689956331,4.133548507830647,0.9965651238637152,10.845006607513689,11.778785956967443,33.653674162764126,1199.0,1145.0,18.0,4.0,18.0,2.0,0.9946221636250088,0.9965651238637152,8.673827534039335,4.133548507830647,0.0,0.0,0.0,0.0
primary_amp_preserving,790,3,1,11,790_T3_P1_R1,790_T3_R1_ex11,right_leg,120,amp_preserving,fixed_mean_rescaled,identity,False,10.0,-1,0.0790011298744923,0.99768075607352,12.30829756795422,90.0,0.0786026200873362,4.675646220672469,0.998144604858816,15.759841318278914,16.38544402524971,46.81555435785632,1199.0,1145.0,18.0,4.0,18.0,2.0,0.99768075607352,0.998144604858816,12.30829756795422,4.675646220672469,0.0,0.0,0.0,0.0
primary_amp_preserving,790,3,1,13,790_T3_P1_R1,790_T3_R1_ex13,trunk_spine,120,amp_preserving,fixed_mean_rescaled,identity,False,18.0,-1,0.022768530476956,0.9406188020626736,4.118270232719694,43.0,0.0204275534441805,2.7973759392697213,0.9720249900833002,5.693813534708103,21.157776191016985,60.45078911719138,2159.0,2105.0,18.0,4.0,18.0,2.0,0.9321854640832558,0.9672138082748116,4.088126159554731,2.7665827415687607,-0.00843333797941781,-0.004811181808488607,-0.030144073164962926,-0.030793197700960562
primary_amp_preserving,790,3,1,13,790_T3_P1_R1,790_T3_R1_ex13,left_arm,120,amp_preserving,fixed_mean_rescaled,identity,False,18.0,-1,0.0249062976978586,0.9685426261014614,4.777231264532284,52.0,0.0247030878859857,3.117025029727941,0.9852866519200784,6.239092996555683,59.38541486166576,169.6726138904736,2159.0,2105.0,18.0,4.0,18.0,2.0,0.975835648732845,0.9882967079228762,5.098988121425429,3.246856289013995,0.00729302263138365,0.0030100560027978007,0.3217568568931455,0.1298312592860542
primary_amp_preserving,790,3,1,13,790_T3_P1_R1,790_T3_R1_ex13,right_arm,120,amp_preserving,fixed_mean_rescaled,identity,False,18.0,-1,0.030640878588911,0.9841274519918058,6.205947955390335,74.0,0.0351543942992874,3.602471470776383,0.9920489882540198,8.014943144609157,47.54090567835659,135.83115908101882,2159.0,2105.0,18.0,4.0,18.0,2.0,0.9757406612279949,0.9875053671103478,5.058993766696349,3.234604782004636,-0.008386790763810992,-0.004543621143672016,-1.1469541886939858,-0.367866688771747
primary_amp_preserving,790,3,1,13,790_T3_P1_R1,790_T3_R1_ex13,left_leg,120,amp_preserving,fixed_mean_rescaled,identity,False,18.0,-1,0.0420490774274541,0.9745693543537094,5.825020861416009,80.0,0.0380047505938242,3.4646016403687567,0.987569268439366,7.757265173562782,42.7871857109231,122.24910203120886,2159.0,2105.0,18.0,4.0,18.0,2.0,0.9875733289267123,0.99354705444931,7.581250792845363,3.919944783081693,0.013003974573002952,0.0059777860099440305,1.7562299314293544,0.4553431427129362
primary_amp_preserving,790,3,1,13,790_T3_P1_R1,790_T3_R1_ex13,right_leg,120,amp_preserving,fixed_mean_rescaled,identity,False,18.0,-1,0.0619207391418223,0.9841016328644044,7.077943876212956,99.0,0.0470308788598574,3.843110689889985,0.9916679429117348,9.838898737382872,62.46983923848755,178.4852549671073,2159.0,2105.0,18.0,4.0,18.0,2.0,0.982067646355594,0.9906291957109488,6.682017269428107,3.73433031285778,-0.0020339865088104814,-0.0010387472007860055,-0.39592660678484926,-0.10878037703220489
primary_amp_preserving,790,3,2,11,790_T3_P1_R2,790_T3_R2_ex11,trunk_spine,120,amp_preserving,fixed_mean_rescaled,identity,False,10.0,-1,0.0256023452530002,0.9924260496183206,7.376329787234043,63.0,0.0550218340611353,3.930398812524859,0.994513358778626,8.689942678478374,19.466807007973586,55.61944859421023,1199.0,1145.0,18.0,4.0,18.0,2.0,0.9924260496183206,0.994513358778626,7.376329787234043,3.930398812524859,0.0,0.0,0.0,0.0
primary_amp_preserving,790,3,2,11,790_T3_P1_R2,790_T3_R2_ex11,left_arm,120,amp_preserving,fixed_mean_rescaled,identity,False,10.0,-1,0.03018139066174,0.9913492183942936,8.178631051752921,77.0,0.0672489082969432,4.052903708135516,0.99532048363434,9.98198883815322,48.013947076036786,137.1827059315337,1199.0,1145.0,18.0,4.0,18.0,2.0,0.9913492183942936,0.99532048363434,8.178631051752921,4.052903708135516,0.0,0.0,0.0,0.0
primary_amp_preserving,790,3,2,11,790_T3_P1_R2,790_T3_R2_ex11,right_arm,120,amp_preserving,fixed_mean_rescaled,identity,False,10.0,-1,0.0566250343542919,0.9766219058404788,7.417366373131272,92.0,0.0803493449781659,3.8135533584744823,0.988553632098366,9.81960626757734,64.86452347201559,185.32720992004457,1199.0,1145.0,18.0,4.0,18.0,2.0,0.9766219058404788,0.988553632098366,7.417366373131272,3.8135533584744823,0.0,0.0,0.0,0.0
primary_amp_preserving,790,3,2,11,790_T3_P1_R2,790_T3_R2_ex11,left_leg,120,amp_preserving,fixed_mean_rescaled,identity,False,10.0,-1,0.0282926680306592,0.98246087425796,5.872580645161291,41.0,0.0358078602620087,3.4929087655183224,0.9914193200215866,7.956258120398441,13.088079362067374,37.39451246304965,1199.0,1145.0,18.0,4.0,18.0,2.0,0.98246087425796,0.9914193200215866,5.872580645161291,3.4929087655183224,0.0,0.0,0.0,0.0
primary_amp_preserving,790,3,2,11,790_T3_P1_R2,790_T3_R2_ex11,right_leg,120,amp_preserving,fixed_mean_rescaled,identity,False,10.0,-1,0.0187269062814914,0.9712189156135344,4.860057119543043,31.0,0.0270742358078602,3.1199425568352868,0.9865470852017936,6.336737365802566,12.073856446126486,34.496732703218534,1199.0,1145.0,18.0,4.0,18.0,2.0,0.9712189156135344,0.9865470852017936,4.860057119543043,3.1199425568352868,0.0,0.0,0.0,0.0
primary_amp_preserving,790,3,2,13,790_T3_P1_R2,790_T3_R2_ex13,trunk_spine,120,amp_preserving,fixed_mean_rescaled,identity,False,12.0,-1,0.0282464890131675,0.9287086288416077,4.297043240471714,38.0,0.0274368231046931,2.896491978693741,0.9657764479905436,5.820458593054319,22.842588352722608,65.26453815063603,1439.0,1385.0,18.0,4.0,18.0,2.0,0.9287086288416077,0.9657764479905436,4.297043240471714,2.896491978693741,0.0,0.0,0.0,0.0
primary_amp_preserving,790,3,2,13,790_T3_P1_R2,790_T3_R2_ex13,left_arm,120,amp_preserving,fixed_mean_rescaled,identity,False,12.0,-1,0.0345996535965443,0.9856759446337564,6.319798917246713,67.0,0.0483754512635379,3.624482124349397,0.9931847652362716,8.40929401251117,48.79151099282899,139.40431712236855,1439.0,1385.0,18.0,4.0,18.0,2.0,0.9856759446337564,0.9931847652362716,6.319798917246713,3.624482124349397,0.0,0.0,0.0,0.0
primary_amp_preserving,790,3,2,13,790_T3_P1_R2,790_T3_R2_ex13,right_arm,120,amp_preserving,fixed_mean_rescaled,identity,False,12.0,-1,0.0433807725214415,0.9834042860235226,6.817908954477239,61.0,0.0440433212996389,3.7837691316942137,0.990944512591096,9.44207631488484,45.217326976481544,129.19236278994728,1439.0,1385.0,18.0,4.0,18.0,2.0,0.9834042860235226,0.990944512591096,6.817908954477239,3.7837691316942137,0.0,0.0,0.0,0.0
primary_amp_preserving,790,3,2,13,790_T3_P1_R2,790_T3_R2_ex13,left_leg,120,amp_preserving,fixed_mean_rescaled,identity,False,12.0,-1,0.0750839924041651,0.9907451154776132,11.432969852469531,119.0,0.0859205776173285,4.50566025647157,0.9954628831883494,15.27572235846039,69.04794837943587,197.27985251267393,1439.0,1385.0,18.0,4.0,18.0,2.0,0.9907451154776132,0.9954628831883494,11.432969852469531,4.50566025647157,0.0,0.0,0.0,0.0
primary_amp_preserving,790,3,2,13,790_T3_P1_R2,790_T3_R2_ex13,right_leg,120,amp_preserving,fixed_mean_rescaled,identity,False,12.0,-1,0.0578598109388368,0.9813539149565406,6.706099815157116,78.0,0.0563176895306859,3.7062615709861415,0.9907220398889168,9.549713193116634,53.15326964978522,151.8664847136721,1439.0,1385.0,18.0,4.0,18.0,2.0,0.9813539149565406,0.9907220398889168,6.706099815157116,3.7062615709861415,0.0,0.0,0.0,0.0
