participant,timepoint,repetition,exercise_id,duration_s,surrogate,RR,DET,Lmean,Lmax_over_N,ENTR,LAM,TT,epsilon,n_samples,DET_shuf,LAM_shuf
651,1,1,11,10.0,identity,0.029106058053386168,0.9845484117872177,6.267052375152254,0.045871559633027525,3.656199451891703,0.9928004209720628,8.3464709430927,1.1097571107101587,1199.0,0.064150401836969,0.09718235744355147
651,1,1,13,12.0,identity,0.029254591689291263,0.9801770847099247,5.03103272850602,0.018763029881862403,3.2213514296957544,0.9914761464252676,6.9717737251713325,1.144621517286326,1439.0,0.06095546451698163,0.10737412448790802
651,1,2,11,10.0,identity,0.029106058053386168,0.9846919249904325,5.598041881968997,0.025020850708924104,3.4324775932168454,0.9931592039800995,7.694959229058562,1.0808141621364253,1199.0,0.0540088021431305,0.0980673555300421
651,1,2,13,14.0,identity,0.02936008933179336,0.9772963562948814,5.3247266499802395,0.019654556283502083,3.347861038513644,0.9896032302521821,7.346136587992461,1.1532387566836313,1679.0,0.0563843419811891,0.10281921709905946
651,2,1,11,10.0,identity,0.029106058053386168,0.9768465365480291,5.085927770859278,0.01751459549624687,3.2524269347031534,0.9889494833524685,7.098025751072961,1.1753956277257158,1199.0,0.06285878300803674,0.10739571373899733
651,2,1,13,14.0,identity,0.02936008933179336,0.971566043666433,4.7587636191378495,0.017272185824895772,3.123501373911211,0.986024807176189,6.6310569105691055,1.2405477425935711,1679.0,0.05665030585845886,0.1122488454749873
651,2,2,11,10.0,identity,0.029106058053386168,0.9822043628013777,5.087215064420218,0.019182652210175146,3.1985389346995987,0.9917958285495599,7.063884156729131,1.1754751035770437,1199.0,0.0572617680826636,0.09691924990432453
651,2,2,13,14.0,identity,0.02936008933179336,0.9727991489155927,4.7462545711926385,0.017272185824895772,3.1114803237415565,0.9877414831112938,6.589563674489878,1.1944498202804634,1679.0,0.058923088082400446,0.10478976764428541
651,3,1,11,10.0,identity,0.029106058053386168,0.9804343666283964,5.328913156526261,0.020850708924103418,3.3475525887924937,0.990791236127057,7.241783216783217,1.1870055269912128,1199.0,0.05960581706850364,0.10124856486796785
651,3,1,13,12.0,identity,0.029254591689291263,0.9810691158979781,5.447624289121262,0.03683113273106324,3.3690910008765407,0.9919552002114445,7.372498465316145,1.172818607854706,1439.0,0.062111801242236024,0.10532575657460023
651,3,2,11,10.0,identity,0.029106058053386168,0.9790949100650593,5.238546199129767,0.01751459549624687,3.3118492367662618,0.9902650210486031,7.11479635676233,1.0973859239884305,1199.0,0.05467853042479908,0.11586299272866438
651,3,2,13,12.0,identity,0.029254591689291263,0.9833487511563367,5.87292817679558,0.019457956914523976,3.54897401594261,0.9923846967093961,8.154608388760689,1.1257401610356443,1439.0,0.0513413506012951,0.09367979384168099
790,1,1,11,10.0,identity,0.029106058053386168,0.9871316494450822,6.0816386678455645,0.02418682235195997,3.583856337401559,0.9933266360505166,8.626713751557956,1.046335937224195,1199.0,0.05458285495598928,0.10254018369690011
790,1,1,13,14.0,identity,0.02936008933179336,0.9659566237094708,5.152308485942739,0.02025014889815366,3.2911903039908634,0.9834497932735318,7.29522015962694,0.9866048006553964,1679.0,0.0576658042989434,0.10388307260813849
790,1,2,11,10.0,identity,0.029106058053386168,0.9899062380405664,6.909181969949916,0.03836530442035029,3.8323585991129905,0.9948813624186759,9.063848332970146,1.1926266931469354,1199.0,0.05381745120551091,0.09500574052812859
790,1,2,13,14.0,identity,0.02936008933179336,0.9844773809811649,5.792715891307441,0.02144133412745682,3.5110508877274658,0.9924562972992578,8.173436877737952,1.2370239787524302,1679.0,0.059986943591479484,0.11035083053265311
790,2,1,11,8.0,identity,0.02888577828766482,0.9923129097897355,6.606623181133969,0.03128258602711158,3.6983594578558407,0.9949129550079132,8.70811345646438,1.2706148246546087,959.0,0.05689954028185997,0.0760419021780089
790,2,1,13,14.0,identity,0.02936008933179336,0.9847433448584347,6.116233668719027,0.023823704586063133,3.6137822085814,0.9930486713895403,8.477964702239653,1.1494965553292853,1679.0,0.0603738001402355,0.10083657728668488
790,2,2,11,10.0,identity,0.029106058053386168,0.9898105625717566,5.940568475452197,0.027522935779816515,3.4845138620716676,0.9942355530042097,8.174434611602754,1.1666475790594275,1199.0,0.06046689628779181,0.09168101798698813
790,2,2,13,16.0,identity,0.029439972700414766,0.9737167537237675,5.003793986531348,0.014590932777488274,3.2169019423188194,0.9890917145019288,6.9185978955522565,1.170182426694844,1919.0,0.0633455766994592,0.11227597408590044
790,3,1,11,10.0,identity,0.029106058053386168,0.9921546115575967,7.203890239666551,0.030025020850708923,3.900036466421753,0.9959577114427861,9.904614652711704,1.0839042854383074,1199.0,0.058266360505166474,0.10749138920780711
790,3,1,13,18.0,identity,0.029502125078501914,0.9760938204781235,5.313163313796927,0.015748031496062992,3.3412132790565283,0.9886070976472129,7.366800390328526,1.2448403463213606,2159.0,0.05713911563141123,0.09633768387969793
790,3,2,11,10.0,identity,0.029106058053386168,0.987275162648297,6.0064027939464495,0.02835696413678065,3.5449320364909522,0.9930396096440872,8.424715909090908,1.2216626739282597,1199.0,0.060036356678147725,0.09636911595866819
790,3,2,13,12.0,identity,0.029254591689291263,0.9781287167966168,5.577618688771666,0.02779708130646282,3.4431511127682453,0.9891799920708338,7.754597254597255,1.1786252937446344,1439.0,0.06300383243028941,0.10867913307783798
