participant,timepoint,repetition,exercise_id,duration_s,RR,DET,Lmean,LAM,ENTR,epsilon,DET_shuf_one,LAM_shuf_one
651,1,1,11,10.0,0.02906449445750756,0.8559796170313362,5.751500176491352,0.9960337264584592,3.4598880043799656,0.9820535138245404,0.07753933440151296,0.11607260119250873
651,1,1,13,12.0,0.029225183113874918,1.0,5.927002783792144,0.991199571581578,3.504198937068592,0.9428009004044303,0.10096394144948233,0.08900392716886826
651,1,2,11,10.0,0.02906449445750756,0.9046255680176513,5.013100436681222,0.9907541173071367,3.1877391055365334,1.0050612547530724,0.0820572088991621,0.11029392450946915
651,1,2,13,14.0,0.029339143615005683,0.9188386330173327,4.19222156747201,0.9851729393227081,2.8236088888406137,0.9386750060709627,0.0723529563712448,0.12498385555239842
651,2,1,11,10.0,0.02906449445750756,1.0,4.47195148364739,0.9907541173071367,2.957534481035509,0.9587835760109819,0.06356544351343542,0.09117175803104725
651,2,1,13,14.0,0.029339143615005683,0.9308242709167464,4.536127895266868,0.9845788236509699,3.0027914622533967,0.916658055811705,0.12912974969648439,0.12539715341099889
651,2,2,11,10.0,0.02906449445750756,1.0,5.176470588235294,0.9954558587901552,3.262089328360555,1.0585604125061134,0.10953218985579576,0.10023377373854114
651,2,2,13,14.0,0.029339143615005683,1.0,4.4509569377990434,0.9875494020096608,2.9604027856865356,1.021298904845166,0.07924986438664015,0.08687004365458631
651,3,1,11,10.0,0.02906449445750756,0.9224343988862914,5.389502762430939,0.9956397257755247,3.2998692134816543,1.0347963729122067,0.0575240997084395,0.12563368443171968
651,3,1,13,12.0,0.029225183113874918,1.0,5.720946538124452,0.9923420207068904,3.4214927588068353,0.9609198346656834,0.10988932524098537,0.10191003213138165
651,3,2,11,10.0,0.02906449445750756,0.874313782143889,5.363519174991943,0.9949830579706338,3.3327350114538556,1.0226816523793132,0.08689028394315884,0.11344592997294528
651,3,2,13,12.0,0.029225183113874918,1.0,5.681887078438803,0.9924669760799715,3.4376167107089173,0.9930544195105337,0.08339878614780435,0.13282756158514816
790,1,1,11,10.0,0.02906449445750756,1.0,6.089046941678521,0.9957710593365029,3.5470249961530382,0.9365488631038424,0.07864253631372961,0.07015838827453967
790,1,1,13,14.0,0.029339143615005683,1.0,4.827445146894757,0.9720636478702245,3.137819326668649,0.835259255057476,0.11977888564564874,0.10464185157440653
790,1,2,11,10.0,0.02906449445750756,0.9843187728192062,7.467915504184934,0.9974521289170235,3.884664159079607,0.8767285417659766,0.04444327703501353,0.04410180977647028
790,1,2,13,14.0,0.029339143615005683,0.9985276263787358,5.658907919777485,0.9943171544442435,3.4107348313669297,0.8932040498189325,0.07116472502776845,0.09166171570273551
790,2,1,11,8.0,0.028818510731921966,1.0,8.152472527472527,0.9973279043135259,4.033589685599781,0.905793088886328,0.07660007634559104,0.09029986851592654
790,2,1,13,14.0,0.029339143615005683,0.7628186913956552,5.492095964292356,0.9921602562446723,3.3633291072007747,0.9059937114192723,0.07615013044713662,0.06791000439128975
790,2,2,11,10.0,0.02906449445750756,1.0,7.081972171808832,0.9958235927608942,3.814731436952657,0.9399027300584386,0.15849334138845841,0.10328071235323474
790,2,2,13,16.0,0.02942359249329759,0.9815519078670799,5.1011076110151405,0.9877794832187864,3.2303194736224605,0.9819585260229445,0.12881402328741678,0.10979889917584836
790,3,1,11,10.0,0.02906449445750756,0.8658559008168948,6.960304054054054,0.9956397257755247,3.8118102984011073,0.9102948752129854,0.10054897428488876,0.1160463344803131
790,3,1,13,18.0,0.0294891305329516,1.0,4.896439190659221,0.9731021017572068,3.1536031557783395,0.9922279976441757,0.06933884613912178,0.0870793614333295
790,3,2,11,10.0,0.02906449445750756,1.0,7.731343283582089,0.9964014604291981,3.9792582016867875,0.8287916480270326,0.08731055133828898,0.07969320480155499
790,3,2,13,12.0,0.029225183113874918,0.9902534808996787,4.79878892733564,0.9682613352374152,3.1289180772609004,0.8648550409317156,0.07718671902891824,0.08741520885398073
