participant,exercise_id,delta,normalization,median_ratio_DET,median_ratio_LAM,median_ratio_Lmean,median_ratio_ENTR,frac_ratio_DET_gt1,frac_ratio_LAM_gt1,n,conv_ratio,conv_exceed_frac,feat_exceed_total_energy_deg2_s2,feat_ratio_total_energy_deg2_s2,feat_exceed_participation_entropy_bits,feat_ratio_participation_entropy_bits,feat_exceed_effective_dimensionality,feat_ratio_effective_dimensionality,feat_exceed_regional_coupling,feat_ratio_regional_coupling,feat_exceed_trunk_arm_lagged_coupling,feat_ratio_trunk_arm_lagged_coupling,feat_exceed_participation_entropy_bits_amp_residual,feat_ratio_participation_entropy_bits_amp_residual,feat_exceed_effective_dimensionality_amp_residual,feat_ratio_effective_dimensionality_amp_residual,novelty_class,entropy_residual_exceed,zscore_support,amp_support
651,11,D12,amp_preserving,0.5527590867401693,0.5122338470673853,0.47438101299068824,0.5496863152738789,0.3,0.3,10,,,,,,,,,,,,,,,,,UNSTABLE,False,False,False
651,11,D12,trial_zscore,0.7689492655942538,0.8275645624103112,0.6786620977152623,0.6754550710829483,0.2,0.2,10,,,,,,,,,,,,,,,,,UNSTABLE,False,False,False
651,11,D13,amp_preserving,0.45327788851554385,0.4862478924964515,0.6466324095604508,0.5165890151751038,0.3,0.3,10,,,,,,,,,,,,,,,,,UNSTABLE,False,False,False
651,11,D13,trial_zscore,0.8006088852138551,0.7027294077213608,0.3947389180485307,0.2869406486153887,0.2,0.2,10,,,,,,,,,,,,,,,,,UNSTABLE,False,False,False
651,11,D23,amp_preserving,0.6520378595060221,0.5435152804507888,0.7365658021038084,0.8116972640773072,0.2,0.2,10,,,,,,,,,,,,,,,,,UNSTABLE,False,False,False
651,11,D23,trial_zscore,0.7598167539267031,0.5666826865313281,0.6775558046142214,0.7243772361543757,0.2,0.1,10,,,,,,,,,,,,,,,,,UNSTABLE,False,False,False
651,13,D12,amp_preserving,1.0112882967513634,1.0026681057099434,0.7152835480638807,0.6008098602879983,0.6,0.5,10,,,,,,,,,,,,,,,,,COMPLEMENTARY_INTERPRETATION,False,False,True
651,13,D12,trial_zscore,0.47205375050139997,0.4408042711366721,0.31905909995152937,0.4552096533659332,0.4,0.4,10,,,,,,,,,,,,,,,,,UNSTABLE,False,False,True
651,13,D13,amp_preserving,0.5310406761882718,0.6545523044359618,0.6859838387548147,0.6644187632144705,0.1,0.1,10,,,,,,,,,,,,,,,,,UNSTABLE,False,False,False
651,13,D13,trial_zscore,0.9344340608256633,0.9442511372442658,0.7411171472235853,0.6677803504608549,0.5,0.4,10,,,,,,,,,,,,,,,,,UNSTABLE,False,False,False
651,13,D23,amp_preserving,0.7233328264425714,0.6787934937304487,0.4112660933906473,0.5075727498068694,0.3,0.4,10,,,,,,,,,,,,,,,,,UNSTABLE,False,False,False
651,13,D23,trial_zscore,0.7608604851857179,0.8364809052014933,0.594834792120964,0.5171341882585823,0.3,0.4,10,,,,,,,,,,,,,,,,,UNSTABLE,False,False,False
790,11,D12,amp_preserving,1.173283437608615,1.1408672452151376,1.0753380807799489,1.1555970792386472,0.6,0.6,10,,,,,,,,,,,,,,,,,COMPLEMENTARY_INTERPRETATION,False,False,True
790,11,D12,trial_zscore,0.9099330358867901,0.7707475030744848,0.809021490613961,0.7102607364835234,0.5,0.4,10,,,,,,,,,,,,,,,,,UNSTABLE,False,False,True
790,11,D13,amp_preserving,0.9244116088437027,0.8401971951351332,0.5528003335730536,0.6284092063876965,0.3,0.4,10,,,,,,,,,,,,,,,,,UNSTABLE,False,False,False
790,11,D13,trial_zscore,0.896616270698326,0.889381679719655,0.7747558995861232,0.609676928996427,0.4,0.3,10,,,,,,,,,,,,,,,,,UNSTABLE,False,False,False
790,11,D23,amp_preserving,0.501750957774954,0.5223158469550768,0.617477624263645,0.6097016052471373,0.1,0.2,10,,,,,,,,,,,,,,,,,UNSTABLE,False,False,False
790,11,D23,trial_zscore,0.49975410228391237,0.5823757070341243,0.38333646307079855,0.3118726988471008,0.3,0.2,10,,,,,,,,,,,,,,,,,UNSTABLE,False,False,False
790,13,D12,amp_preserving,0.8984042124145103,0.9083370240762639,0.7116537281003019,0.6777792409219807,0.4,0.4,10,,,,,,,,,,,,,,,,,UNSTABLE,False,False,False
790,13,D12,trial_zscore,0.6341422560082138,0.5614118280702947,0.7559420117486539,0.7657033936342101,0.1,0.1,10,,,,,,,,,,,,,,,,,UNSTABLE,False,False,False
790,13,D13,amp_preserving,0.5810947635567241,0.5806763949242809,0.8838960665114006,0.7509582010665923,0.2,0.2,10,,,,,,,,,,,,,,,,,UNSTABLE,False,False,False
790,13,D13,trial_zscore,0.5803775350429016,0.5913664811171812,0.6162591071296859,0.6255361363234622,0.1,0.1,10,,,,,,,,,,,,,,,,,UNSTABLE,False,False,False
790,13,D23,amp_preserving,0.9723788114384753,0.9200688322751279,0.4554496561990268,0.45132863726817984,0.5,0.5,10,,,,,,,,,,,,,,,,,UNSTABLE,False,False,False
790,13,D23,trial_zscore,0.5730339758966334,0.6099265615987857,0.31872012682522766,0.2993278129866791,0.2,0.2,10,,,,,,,,,,,,,,,,,UNSTABLE,False,False,False
