analysis,fold,seed,delta,geometry,n_participants,participants_included,participants_excluded,sufficient_for_group,participant,cos_to_consensus
primary,A,0,D12,raw,4,"252,651,671,790",,True,252,0.6583235525824033
primary,A,0,D12,raw,4,"252,651,671,790",,True,651,0.8038736480246774
primary,A,0,D12,raw,4,"252,651,671,790",,True,671,0.838371090061495
primary,A,0,D12,raw,4,"252,651,671,790",,True,790,-0.16088727486095947
primary,A,0,D12,std,4,"252,651,671,790",,True,252,0.4688648939579948
primary,A,0,D12,std,4,"252,651,671,790",,True,651,0.6765935689515089
primary,A,0,D12,std,4,"252,651,671,790",,True,671,0.7398106094810138
primary,A,0,D12,std,4,"252,651,671,790",,True,790,0.19467452333274765
primary,A,0,D13,raw,3,"252,651,790",671,True,252,0.15202067427449215
primary,A,0,D13,raw,3,"252,651,790",671,True,651,0.7271075128712552
primary,A,0,D13,raw,3,"252,651,790",671,True,790,0.8454310964059022
primary,A,0,D13,std,3,"252,651,790",671,True,252,0.516585583440993
primary,A,0,D13,std,3,"252,651,790",671,True,651,0.6047205384714415
primary,A,0,D13,std,3,"252,651,790",671,True,790,0.8879888723773547
primary,A,0,D23,raw,3,"252,651,790",671,True,252,0.7828060675684488
primary,A,0,D23,raw,3,"252,651,790",671,True,651,0.8852028486072107
primary,A,0,D23,raw,3,"252,651,790",671,True,790,0.9756858161161039
primary,A,0,D23,std,3,"252,651,790",671,True,252,0.7719981634634058
primary,A,0,D23,std,3,"252,651,790",671,True,651,0.867395464933165
primary,A,0,D23,std,3,"252,651,790",671,True,790,0.9767472448625361
primary,A,1,D12,raw,3,"252,671,790",651,True,252,0.33253911261527924
primary,A,1,D12,raw,3,"252,671,790",651,True,671,0.3152479882466014
primary,A,1,D12,raw,3,"252,671,790",651,True,790,0.8211258099090103
primary,A,1,D12,std,3,"252,671,790",651,True,252,0.38759557598581745
primary,A,1,D12,std,3,"252,671,790",651,True,671,0.13358649879167311
primary,A,1,D12,std,3,"252,671,790",651,True,790,0.801727424952105
primary,A,1,D23,raw,3,"252,651,790",671,True,252,0.3555973718521726
primary,A,1,D23,raw,3,"252,651,790",671,True,651,0.4556819739744557
primary,A,1,D23,raw,3,"252,651,790",671,True,790,0.886877809677919
primary,A,1,D23,std,3,"252,651,790",671,True,252,0.2942427495274167
primary,A,1,D23,std,3,"252,651,790",671,True,651,0.39170228663246043
primary,A,1,D23,std,3,"252,651,790",671,True,790,0.8985274824940451
primary,A,2,D12,raw,4,"252,651,671,790",,True,252,0.3741119515612728
primary,A,2,D12,raw,4,"252,651,671,790",,True,651,0.39694162881231615
primary,A,2,D12,raw,4,"252,651,671,790",,True,671,0.5387286879786647
primary,A,2,D12,raw,4,"252,651,671,790",,True,790,0.3160215458469469
primary,A,2,D12,std,4,"252,651,671,790",,True,252,0.21778157238807583
primary,A,2,D12,std,4,"252,651,671,790",,True,651,0.4563445752900429
primary,A,2,D12,std,4,"252,651,671,790",,True,671,0.5737082036108416
primary,A,2,D12,std,4,"252,651,671,790",,True,790,0.29371236563014824
primary,A,2,D13,raw,4,"252,651,671,790",,True,252,0.28809461447971463
primary,A,2,D13,raw,4,"252,651,671,790",,True,651,0.8802618685837553
primary,A,2,D13,raw,4,"252,651,671,790",,True,671,0.8533994441769314
primary,A,2,D13,raw,4,"252,651,671,790",,True,790,-0.035863631739122624
primary,A,2,D13,std,4,"252,651,671,790",,True,252,0.5392053692116154
primary,A,2,D13,std,4,"252,651,671,790",,True,651,0.8049464270134314
primary,A,2,D13,std,4,"252,651,671,790",,True,671,0.8271723317167651
primary,A,2,D13,std,4,"252,651,671,790",,True,790,0.07116923718711728
primary,A,2,D23,raw,4,"252,651,671,790",,True,252,0.9094314191417441
primary,A,2,D23,raw,4,"252,651,671,790",,True,651,0.6382890650284199
primary,A,2,D23,raw,4,"252,651,671,790",,True,671,0.4056783151202476
primary,A,2,D23,raw,4,"252,651,671,790",,True,790,0.8582089612895113
primary,A,2,D23,std,4,"252,651,671,790",,True,252,0.8968789183588985
primary,A,2,D23,std,4,"252,651,671,790",,True,651,0.5715590046158013
primary,A,2,D23,std,4,"252,651,671,790",,True,671,0.47688094846753143
primary,A,2,D23,std,4,"252,651,671,790",,True,790,0.8763725173570205
primary,B,1,D12,raw,3,"252,651,790",671,True,252,0.051864246790961466
primary,B,1,D12,raw,3,"252,651,790",671,True,651,0.46873063957089306
primary,B,1,D12,raw,3,"252,651,790",671,True,790,0.9123944251599455
primary,B,1,D12,std,3,"252,651,790",671,True,252,0.13980446845513228
primary,B,1,D12,std,3,"252,651,790",671,True,651,0.34359775964190264
primary,B,1,D12,std,3,"252,651,790",671,True,790,0.9025477681076612
primary,B,1,D13,raw,3,"252,651,790",671,True,252,0.9203765681441096
primary,B,1,D13,raw,3,"252,651,790",671,True,651,0.16859304952588158
primary,B,1,D13,raw,3,"252,651,790",671,True,790,0.7607723985480387
primary,B,1,D13,std,3,"252,651,790",671,True,252,0.9388894207702793
primary,B,1,D13,std,3,"252,651,790",671,True,651,0.28609919773625586
primary,B,1,D13,std,3,"252,651,790",671,True,790,0.698341465704224
primary,B,1,D23,raw,3,"252,651,790",671,True,252,0.7238302654340354
primary,B,1,D23,raw,3,"252,651,790",671,True,651,0.793444364350042
primary,B,1,D23,raw,3,"252,651,790",671,True,790,0.9831969081745925
primary,B,1,D23,std,3,"252,651,790",671,True,252,0.5922396666471132
primary,B,1,D23,std,3,"252,651,790",671,True,651,0.7690499252173032
primary,B,1,D23,std,3,"252,651,790",671,True,790,0.9481227458691627
primary,B,2,D23,raw,3,"252,651,671",790,True,252,0.9281344034118257
primary,B,2,D23,raw,3,"252,651,671",790,True,651,-0.03281440776201452
primary,B,2,D23,raw,3,"252,651,671",790,True,671,0.5414758511403899
primary,B,2,D23,std,3,"252,651,671",790,True,252,0.8743961103573811
primary,B,2,D23,std,3,"252,651,671",790,True,651,0.1778044485075529
primary,B,2,D23,std,3,"252,651,671",790,True,671,0.6161584654878628
ex11,A,0,D12,raw,4,"252,651,671,790",,True,252,0.5414452697252032
ex11,A,0,D12,raw,4,"252,651,671,790",,True,651,0.7947958835920259
ex11,A,0,D12,raw,4,"252,651,671,790",,True,671,0.8233153954389459
ex11,A,0,D12,raw,4,"252,651,671,790",,True,790,-0.4850381825873909
ex11,A,0,D12,std,4,"252,651,671,790",,True,252,0.46355814047107025
ex11,A,0,D12,std,4,"252,651,671,790",,True,651,0.7529569234114176
ex11,A,0,D12,std,4,"252,651,671,790",,True,671,0.8379599111604059
ex11,A,0,D12,std,4,"252,651,671,790",,True,790,-0.48901693987013595
ex11,A,0,D13,raw,3,"252,651,790",671,True,252,0.4218599789624852
ex11,A,0,D13,raw,3,"252,651,790",671,True,651,0.037342154749401384
ex11,A,0,D13,raw,3,"252,651,790",671,True,790,0.5698818867000115
ex11,A,0,D13,std,3,"252,651,790",671,True,252,0.6302659280303297
ex11,A,0,D13,std,3,"252,651,790",671,True,651,-0.17673445717905642
ex11,A,0,D13,std,3,"252,651,790",671,True,790,0.68047405222395
ex11,A,0,D23,raw,3,"252,651,790",671,True,252,0.8079398176423248
ex11,A,0,D23,raw,3,"252,651,790",671,True,651,0.8177819899281973
ex11,A,0,D23,raw,3,"252,651,790",671,True,790,0.866643106198935
ex11,A,0,D23,std,3,"252,651,790",671,True,252,0.7651258904919351
ex11,A,0,D23,std,3,"252,651,790",671,True,651,0.8565048253542755
ex11,A,0,D23,std,3,"252,651,790",671,True,790,0.90686564166864
ex11,A,1,D12,raw,3,"252,671,790",651,True,252,0.630441765609976
ex11,A,1,D12,raw,3,"252,671,790",651,True,671,0.19305177314112973
ex11,A,1,D12,raw,3,"252,671,790",651,True,790,0.17963307230350498
ex11,A,1,D12,std,3,"252,671,790",651,True,252,0.6270264121235627
ex11,A,1,D12,std,3,"252,671,790",651,True,671,0.023067292055526364
ex11,A,1,D12,std,3,"252,671,790",651,True,790,0.25939619955752063
ex11,A,1,D23,raw,3,"252,651,790",671,True,252,0.2831140427514284
ex11,A,1,D23,raw,3,"252,651,790",671,True,651,0.5944409598548817
ex11,A,1,D23,raw,3,"252,651,790",671,True,790,0.5277781581871119
ex11,A,1,D23,std,3,"252,651,790",671,True,252,0.21071612609677481
ex11,A,1,D23,std,3,"252,651,790",671,True,651,0.5694781495039298
ex11,A,1,D23,std,3,"252,651,790",671,True,790,0.6839179783305803
ex11,A,2,D12,raw,4,"252,651,671,790",,True,252,-0.11904018842164946
ex11,A,2,D12,raw,4,"252,651,671,790",,True,651,0.7174285188009797
ex11,A,2,D12,raw,4,"252,651,671,790",,True,671,0.9443029957009954
ex11,A,2,D12,raw,4,"252,651,671,790",,True,790,0.19673320688435117
ex11,A,2,D12,std,4,"252,651,671,790",,True,252,-0.15192746305628113
ex11,A,2,D12,std,4,"252,651,671,790",,True,651,0.7682046437621872
ex11,A,2,D12,std,4,"252,651,671,790",,True,671,0.952240548685184
ex11,A,2,D12,std,4,"252,651,671,790",,True,790,0.24130480915969826
ex11,A,2,D13,raw,4,"252,651,671,790",,True,252,0.5415236947782107
ex11,A,2,D13,raw,4,"252,651,671,790",,True,651,0.674306583862114
ex11,A,2,D13,raw,4,"252,651,671,790",,True,671,0.60027308250315
ex11,A,2,D13,raw,4,"252,651,671,790",,True,790,0.346329149860332
ex11,A,2,D13,std,4,"252,651,671,790",,True,252,0.553102661000722
ex11,A,2,D13,std,4,"252,651,671,790",,True,651,0.5424420219158801
ex11,A,2,D13,std,4,"252,651,671,790",,True,671,0.6556052955916482
ex11,A,2,D13,std,4,"252,651,671,790",,True,790,0.3154986764834441
ex11,A,2,D23,raw,4,"252,651,671,790",,True,252,0.8514785637772769
ex11,A,2,D23,raw,4,"252,651,671,790",,True,651,0.7259970736514225
ex11,A,2,D23,raw,4,"252,651,671,790",,True,671,0.5177597353471673
ex11,A,2,D23,raw,4,"252,651,671,790",,True,790,0.51617011007105
ex11,A,2,D23,std,4,"252,651,671,790",,True,252,0.8421771762948425
ex11,A,2,D23,std,4,"252,651,671,790",,True,651,0.6767243272762148
ex11,A,2,D23,std,4,"252,651,671,790",,True,671,0.6132678502154804
ex11,A,2,D23,std,4,"252,651,671,790",,True,790,0.6439662090552235
ex11,B,1,D12,raw,3,"252,651,790",671,True,252,0.2055726697444648
ex11,B,1,D12,raw,3,"252,651,790",671,True,651,0.7515223430145191
ex11,B,1,D12,raw,3,"252,651,790",671,True,790,0.811625683746476
ex11,B,1,D12,std,3,"252,651,790",671,True,252,0.07414501059101637
ex11,B,1,D12,std,3,"252,651,790",671,True,651,0.6408904701004987
ex11,B,1,D12,std,3,"252,651,790",671,True,790,0.8206463796444559
ex11,B,1,D13,raw,3,"252,651,790",671,True,252,0.9361650502058564
ex11,B,1,D13,raw,3,"252,651,790",671,True,651,-0.6857604277843927
ex11,B,1,D13,raw,3,"252,651,790",671,True,790,0.7320208098722591
ex11,B,1,D13,std,3,"252,651,790",671,True,252,0.905092348387964
ex11,B,1,D13,std,3,"252,651,790",671,True,651,-0.4348654847289021
ex11,B,1,D13,std,3,"252,651,790",671,True,790,0.5149499267138068
ex11,B,1,D23,raw,3,"252,651,790",671,True,252,0.7815102825571021
ex11,B,1,D23,raw,3,"252,651,790",671,True,651,0.9217145274266906
ex11,B,1,D23,raw,3,"252,651,790",671,True,790,0.9622729497464645
ex11,B,1,D23,std,3,"252,651,790",671,True,252,0.6628682633528772
ex11,B,1,D23,std,3,"252,651,790",671,True,651,0.8992415123370772
ex11,B,1,D23,std,3,"252,651,790",671,True,790,0.9196917150764123
ex11,B,2,D23,raw,3,"252,651,671",790,True,252,0.9364217100872463
ex11,B,2,D23,raw,3,"252,651,671",790,True,651,0.3599686660592363
ex11,B,2,D23,raw,3,"252,651,671",790,True,671,0.5909630318724576
ex11,B,2,D23,std,3,"252,651,671",790,True,252,0.9165981925986517
ex11,B,2,D23,std,3,"252,651,671",790,True,651,0.5101893235487079
ex11,B,2,D23,std,3,"252,651,671",790,True,671,0.717124685997093
