fold,seed,delta,geometry,n_participants,participants_included,participants_excluded,sufficient_for_group,mean_pairwise,frac_positive_pairs,status
A,0,D12,raw,4,"252,651,671,790",,True,0.048186237450625925,0.5,ok
A,0,D12,std,4,"252,651,671,790",,True,0.027180446782518797,0.5,ok
A,0,D13,raw,3,"252,651,790",671,True,-0.004315879585970128,0.3333333333333333,ok
A,0,D13,std,3,"252,651,790",671,True,0.17287772901300058,0.6666666666666666,ok
A,0,D23,raw,3,"252,651,790",671,True,0.6648536395912032,1.0,ok
A,0,D23,std,3,"252,651,790",671,True,0.6406988447894868,1.0,ok
A,1,D12,raw,3,"252,671,790",651,True,-0.14038247676176488,0.6666666666666666,ok
A,1,D12,std,3,"252,671,790",651,True,-0.20831840925419856,0.3333333333333333,ok
A,1,D13,raw,2,"252,790","651,671",False,-0.8093821526882091,0.0,descriptive_only_lt3
A,1,D13,std,2,"252,790","651,671",False,-0.7613792478231013,0.0,descriptive_only_lt3
A,1,D23,raw,3,"252,651,790",671,True,-0.01937704586811745,0.6666666666666666,ok
A,1,D23,std,3,"252,651,790",671,True,-0.08157447293841597,0.6666666666666666,ok
A,2,D12,raw,4,"252,651,671,790",,True,-0.1130634964779443,0.5,ok
A,2,D12,std,4,"252,651,671,790",,True,-0.13530280996299315,0.5,ok
A,2,D13,raw,4,"252,651,671,790",,True,-0.004685982555722029,0.3333333333333333,ok
A,2,D13,std,4,"252,651,671,790",,True,0.08573137438727237,0.5,ok
A,2,D23,raw,4,"252,651,671,790",,True,0.3254281832794372,0.6666666666666666,ok
A,2,D23,std,4,"252,651,671,790",,True,0.33016185780198753,0.8333333333333334,ok
B,0,D12,raw,2,"252,651","671,790",False,-0.6877605436659713,0.0,descriptive_only_lt3
B,0,D12,std,2,"252,651","671,790",False,-0.763743927895385,0.0,descriptive_only_lt3
B,0,D13,raw,2,"252,651","671,790",False,0.2954608400611529,1.0,descriptive_only_lt3
B,0,D13,std,2,"252,651","671,790",False,0.2736947611586696,1.0,descriptive_only_lt3
B,0,D23,raw,2,"252,651","671,790",False,-0.7545159817837378,0.0,descriptive_only_lt3
B,0,D23,std,2,"252,651","671,790",False,-0.6328745741555722,0.0,descriptive_only_lt3
B,1,D12,raw,3,"252,651,790",671,True,-0.1577569388440463,0.3333333333333333,ok
B,1,D12,std,3,"252,651,790",671,True,-0.17985710133670038,0.3333333333333333,ok
B,1,D13,raw,3,"252,651,790",671,True,0.07025758776039027,0.3333333333333333,ok
B,1,D13,std,3,"252,651,790",671,True,0.11653310213836077,0.6666666666666666,ok
B,1,D23,raw,3,"252,651,790",671,True,0.542059652023566,1.0,ok
B,1,D23,std,3,"252,651,790",671,True,0.3888975576126792,0.6666666666666666,ok
B,2,D12,raw,2,"252,651","671,790",False,-0.8542751901670484,0.0,descriptive_only_lt3
B,2,D12,std,2,"252,651","671,790",False,-0.7950851426588245,0.0,descriptive_only_lt3
B,2,D13,raw,2,"252,651","671,790",False,-0.7465486605631249,0.0,descriptive_only_lt3
B,2,D13,std,2,"252,651","671,790",False,-0.343695492332309,0.0,descriptive_only_lt3
B,2,D23,raw,3,"252,651,671",790,True,-0.1559362824410715,0.3333333333333333,ok
B,2,D23,std,3,"252,651,671",790,True,-0.036096360976764164,0.3333333333333333,ok
