analysis,fold,seed,delta,geometry,n_participants,participants_included,participants_excluded,sufficient_for_group,status,mean_pairwise,median_pairwise,min_pairwise,max_pairwise,n_pairs,n_positive_pairs,frac_positive_pairs
primary,A,0,D12,raw,4,"252,651,671,790",,True,ok,0.048186237450625925,-0.014692628656703233,-0.556413575978657,0.9122726165521733,6,3,0.5
primary,A,0,D12,std,4,"252,651,671,790",,True,ok,0.027180446782518797,-0.06305873984214237,-0.38510695939560147,0.8842881323229697,6,3,0.5
primary,A,0,D13,raw,3,"252,651,790",671,True,ok,-0.004315879585970128,-0.26688765022018407,-0.47094368466795894,0.7248836961302326,3,1,0.3333333333333333
primary,A,0,D13,std,3,"252,651,790",671,True,ok,0.17287772901300058,0.3035712361441086,-0.26559840921385136,0.4806603601087446,3,2,0.6666666666666666
primary,A,0,D23,raw,3,"252,651,790",671,True,ok,0.6648536395912032,0.6543548109010634,0.4151454663356754,0.925060641536871,3,3,1.0
primary,A,0,D23,std,3,"252,651,790",671,True,ok,0.6406988447894868,0.6528678052772212,0.3667881442403596,0.9024405848508795,3,3,1.0
primary,A,1,D12,raw,3,"252,671,790",651,True,ok,-0.14038247676176488,0.0903815738578266,-0.627309733827844,0.11578072968472285,3,2,0.6666666666666666
primary,A,1,D12,std,3,"252,671,790",651,True,ok,-0.20831840925419856,-0.1377090972873978,-0.6855680544254817,0.19832192395028378,3,1,0.3333333333333333
primary,A,1,D13,raw,2,"252,790","651,671",False,descriptive_only_lt3,-0.8093821526882091,-0.8093821526882091,-0.8093821526882091,-0.8093821526882091,1,0,0.0
primary,A,1,D13,std,2,"252,790","651,671",False,descriptive_only_lt3,-0.7613792478231013,-0.7613792478231013,-0.7613792478231013,-0.7613792478231013,1,0,0.0
primary,A,1,D23,raw,3,"252,651,790",671,True,ok,-0.01937704586811745,0.1680492576564888,-0.5641890361671107,0.33800864090626953,3,2,0.6666666666666666
primary,A,1,D23,std,3,"252,651,790",671,True,ok,-0.08157447293841597,0.13463507252171675,-0.6684155220823556,0.28905703074539096,3,2,0.6666666666666666
primary,A,2,D12,raw,4,"252,651,671,790",,True,ok,-0.1130634964779443,-0.06847343346899189,-0.7218495814829388,0.40391072392873273,6,3,0.5
primary,A,2,D12,std,4,"252,651,671,790",,True,ok,-0.13530280996299315,-0.00542981577126378,-0.6853552259812834,0.30540416130581693,6,3,0.5
primary,A,2,D13,raw,4,"252,651,671,790",,True,ok,-0.004685982555722029,-0.055964473536869466,-0.610946329436634,0.8600342099177767,6,2,0.3333333333333333
primary,A,2,D13,std,4,"252,651,671,790",,True,ok,0.08573137438727237,-0.04247997273984923,-0.34952106591799165,0.8900469673415564,6,3,0.5
primary,A,2,D23,raw,4,"252,651,671,790",,True,ok,0.3254281832794372,0.45370015060648405,-0.3677781772971686,0.845677704085785,6,4,0.6666666666666666
primary,A,2,D23,std,4,"252,651,671,790",,True,ok,0.33016185780198753,0.42429833140618317,-0.3404783016070688,0.7488174583417078,6,5,0.8333333333333334
primary,B,0,D12,raw,2,"252,651","671,790",False,descriptive_only_lt3,-0.6877605436659713,-0.6877605436659713,-0.6877605436659713,-0.6877605436659713,1,0,0.0
primary,B,0,D12,std,2,"252,651","671,790",False,descriptive_only_lt3,-0.763743927895385,-0.763743927895385,-0.763743927895385,-0.763743927895385,1,0,0.0
primary,B,0,D13,raw,2,"252,651","671,790",False,descriptive_only_lt3,0.2954608400611529,0.2954608400611529,0.2954608400611529,0.2954608400611529,1,1,1.0
primary,B,0,D13,std,2,"252,651","671,790",False,descriptive_only_lt3,0.2736947611586696,0.2736947611586696,0.2736947611586696,0.2736947611586696,1,1,1.0
primary,B,0,D23,raw,2,"252,651","671,790",False,descriptive_only_lt3,-0.7545159817837378,-0.7545159817837378,-0.7545159817837378,-0.7545159817837378,1,0,0.0
primary,B,0,D23,std,2,"252,651","671,790",False,descriptive_only_lt3,-0.6328745741555722,-0.6328745741555722,-0.6328745741555722,-0.6328745741555722,1,0,0.0
primary,B,1,D12,raw,3,"252,651,790",671,True,ok,-0.1577569388440463,-0.14495681302000604,-0.7807222756784175,0.45240827216628465,3,1,0.3333333333333333
primary,B,1,D12,std,3,"252,651,790",671,True,ok,-0.17985710133670038,-0.01578061768173841,-0.7904573797934713,0.2666666934651086,3,1,0.3333333333333333
primary,B,1,D13,raw,3,"252,651,790",671,True,ok,0.07025758776039027,-0.1964599070921048,-0.4916864455575451,0.8989191159308207,3,1,0.3333333333333333
primary,B,1,D13,std,3,"252,651,790",671,True,ok,0.11653310213836077,0.006458156374312589,-0.4561949622996092,0.7993361123403789,3,2,0.6666666666666666
primary,B,1,D23,raw,3,"252,651,790",671,True,ok,0.542059652023566,0.6421939060597093,0.16772307097116576,0.8162619790398228,3,3,1.0
primary,B,1,D23,std,3,"252,651,790",671,True,ok,0.3888975576126792,0.3906392872081112,-0.022913694158045676,0.7989670797879721,3,2,0.6666666666666666
primary,B,2,D12,raw,2,"252,651","671,790",False,descriptive_only_lt3,-0.8542751901670484,-0.8542751901670484,-0.8542751901670484,-0.8542751901670484,1,0,0.0
primary,B,2,D12,std,2,"252,651","671,790",False,descriptive_only_lt3,-0.7950851426588245,-0.7950851426588245,-0.7950851426588245,-0.7950851426588245,1,0,0.0
primary,B,2,D13,raw,2,"252,651","671,790",False,descriptive_only_lt3,-0.7465486605631249,-0.7465486605631249,-0.7465486605631249,-0.7465486605631249,1,0,0.0
primary,B,2,D13,std,2,"252,651","671,790",False,descriptive_only_lt3,-0.343695492332309,-0.343695492332309,-0.343695492332309,-0.343695492332309,1,0,0.0
primary,B,2,D23,raw,3,"252,651,671",790,True,ok,-0.1559362824410715,-0.24579910137891578,-0.8013485034084269,0.5793387574641282,3,1,0.3333333333333333
primary,B,2,D23,std,3,"252,651,671",790,True,ok,-0.036096360976764164,-0.1362626192583394,-0.5670957245040128,0.5950692608320597,3,1,0.3333333333333333
ex11,A,0,D12,raw,4,"252,651,671,790",,True,ok,-0.09966568678028546,-0.12542008364128468,-0.8553541523261571,0.6522704314254237,6,2,0.3333333333333333
ex11,A,0,D12,std,4,"252,651,671,790",,True,ok,-0.1291117616760874,-0.2651846791418856,-0.8258403494905772,0.7090918241771335,6,2,0.3333333333333333
ex11,A,0,D13,raw,3,"252,651,790",671,True,ok,-0.32349767982214733,-0.4046224026680352,-0.5569493825916076,-0.008921254206799158,3,0,0.0
ex11,A,0,D13,std,3,"252,651,790",671,True,ok,-0.2856719122724816,-0.5717407802099697,-0.6286770703487817,0.3434021137413066,3,1,0.3333333333333333
ex11,A,0,D23,raw,3,"252,651,790",671,True,ok,0.5353138105648388,0.5677302928849101,0.4459505610441137,0.5922605777654927,3,3,1.0
ex11,A,0,D23,std,3,"252,651,790",671,True,ok,0.5655489716609781,0.5309775838807548,0.4036404432684098,0.7620288878337697,3,3,1.0
ex11,A,1,D12,raw,3,"252,671,790",651,True,ok,-0.33228950036568206,-0.19052387204619095,-0.6292814129006662,-0.17706321615018897,3,0,0.0
ex11,A,1,D12,std,3,"252,671,790",651,True,ok,-0.3621380191668621,-0.3223322820657981,-0.6566882487031568,-0.10739352673163136,3,0,0.0
ex11,A,1,D13,raw,2,"252,790","651,671",False,descriptive_only_lt3,-0.404892049764368,-0.404892049764368,-0.404892049764368,-0.404892049764368,1,0,0.0
ex11,A,1,D13,std,2,"252,790","651,671",False,descriptive_only_lt3,-0.39581547523437977,-0.39581547523437977,-0.39581547523437977,-0.39581547523437977,1,0,0.0
ex11,A,1,D23,raw,3,"252,651,790",671,True,ok,-0.1708397845290618,-0.2542235008300098,-0.34790694660512145,0.08961109384794587,3,1,0.3333333333333333
ex11,A,1,D23,std,3,"252,651,790",671,True,ok,-0.14272921798137558,-0.26196759097894223,-0.42952034670184025,0.2633002837366558,3,1,0.3333333333333333
ex11,A,2,D12,raw,4,"252,651,671,790",,True,ok,-0.08120019117671813,0.0027047179047202594,-0.7405233491206828,0.637134361464908,6,3,0.5
ex11,A,2,D12,std,4,"252,651,671,790",,True,ok,-0.060378531579465024,-0.04306794942265482,-0.6664493691316659,0.809522305977725,6,3,0.5
ex11,A,2,D13,raw,4,"252,651,671,790",,True,ok,0.056342863720518964,0.025683170115594466,-0.5103295202603482,0.717195734315299,6,3,0.5
ex11,A,2,D13,std,4,"252,651,671,790",,True,ok,0.02258638859824817,-0.04775392315495651,-0.4908648354646973,0.7122963903696198,6,3,0.5
ex11,A,2,D23,raw,4,"252,651,671,790",,True,ok,0.2349532163202449,0.3199370536067002,-0.4076525629689886,0.5836816827611986,6,5,0.8333333333333334
ex11,A,2,D23,std,4,"252,651,671,790",,True,ok,0.3089107219395619,0.3437012700245359,-0.13519733817841692,0.6464360955665316,6,5,0.8333333333333334
ex11,B,0,D12,raw,2,"252,651","671,790",False,descriptive_only_lt3,-0.7362518213289378,-0.7362518213289378,-0.7362518213289378,-0.7362518213289378,1,0,0.0
ex11,B,0,D12,std,2,"252,651","671,790",False,descriptive_only_lt3,-0.5713033880699983,-0.5713033880699983,-0.5713033880699983,-0.5713033880699983,1,0,0.0
ex11,B,0,D13,raw,2,"252,651","671,790",False,descriptive_only_lt3,0.5497292093044537,0.5497292093044537,0.5497292093044537,0.5497292093044537,1,1,1.0
ex11,B,0,D13,std,2,"252,651","671,790",False,descriptive_only_lt3,0.24564604175214588,0.24564604175214588,0.24564604175214588,0.24564604175214588,1,1,1.0
ex11,B,0,D23,raw,2,"252,651","671,790",False,descriptive_only_lt3,-0.30765787209892065,-0.30765787209892065,-0.30765787209892065,-0.30765787209892065,1,0,0.0
ex11,B,0,D23,std,2,"252,651","671,790",False,descriptive_only_lt3,0.044153938611748246,0.044153938611748246,0.044153938611748246,0.044153938611748246,1,1,1.0
ex11,B,1,D12,raw,3,"252,651,790",671,True,ok,0.021395483707793206,-0.265046670852676,-0.3713526935344074,0.7005858155104631,3,1,0.3333333333333333
ex11,B,1,D12,std,3,"252,651,790",671,True,ok,-0.10694687063917536,-0.3050444813130546,-0.5810923708879031,0.5652962402834316,3,1,0.3333333333333333
ex11,B,1,D13,raw,3,"252,651,790",671,True,ok,-0.33914004499708206,-0.7365759955780011,-0.9371324891380092,0.656288349724764,3,1,0.3333333333333333
ex11,B,1,D13,std,3,"252,651,790",671,True,ok,-0.3382377819517688,-0.5220300618579585,-0.906389320631203,0.41370603663385513,3,1,0.3333333333333333
ex11,B,1,D23,raw,3,"252,651,790",671,True,ok,0.6841463845211697,0.5956111455968334,0.4875027617652821,0.9693252462013938,3,3,1.0
ex11,B,1,D23,std,3,"252,651,790",671,True,ok,0.5265564399283597,0.34793039390791963,0.2971770502629629,0.9345618756141962,3,3,1.0
ex11,B,2,D12,raw,2,"252,651","671,790",False,descriptive_only_lt3,-0.8524571475412694,-0.8524571475412694,-0.8524571475412694,-0.8524571475412694,1,0,0.0
ex11,B,2,D12,std,2,"252,651","671,790",False,descriptive_only_lt3,-0.7781568604341094,-0.7781568604341094,-0.7781568604341094,-0.7781568604341094,1,0,0.0
ex11,B,2,D13,raw,2,"252,651","671,790",False,descriptive_only_lt3,-0.899164950658677,-0.899164950658677,-0.899164950658677,-0.899164950658677,1,0,0.0
ex11,B,2,D13,std,2,"252,651","671,790",False,descriptive_only_lt3,-0.6047142341945633,-0.6047142341945633,-0.6047142341945633,-0.6047142341945633,1,0,0.0
ex11,B,2,D23,raw,3,"252,651,671",790,True,ok,0.0936838144601179,0.1656953511626655,-0.4863072624957341,0.6016633547134222,3,2,0.6666666666666666
ex11,B,2,D23,std,3,"252,651,671",790,True,ok,0.2660599217506459,0.2607274004837615,-0.16692628432386275,0.7043786490920391,3,2,0.6666666666666666
