fold,seed,delta,n_participants,participants_included,sufficient_for_group,mean_pairwise,frac_positive_pairs
A,0,D12,4,"252,651,671,790",True,0.273047734832869,0.6666666666666666
A,0,D13,3,"252,651,790",True,-0.10937403231437454,0.3333333333333333
A,0,D23,3,"252,651,790",True,0.37059947481127886,0.6666666666666666
A,1,D12,3,"252,671,790",True,0.39845761442802835,0.6666666666666666
A,1,D13,2,"252,790",False,0.7745825849772773,1.0
A,1,D23,3,"252,651,790",True,0.0069465826093545275,0.3333333333333333
A,2,D12,3,"252,651,790",True,-0.05132506934708928,0.3333333333333333
A,2,D13,4,"252,651,671,790",True,0.014218025700109582,0.5
A,2,D23,3,"252,651,790",True,0.014318485574900544,0.3333333333333333
B,0,D12,3,"252,651,671",True,0.36153673249765567,0.6666666666666666
B,0,D13,2,"252,651",False,0.2659389752122832,1.0
B,0,D23,2,"252,651",False,-0.2701601665588263,0.0
B,1,D12,3,"252,651,790",True,0.16224402807463778,0.6666666666666666
B,1,D13,3,"252,651,790",True,-0.06038443411711534,0.3333333333333333
B,1,D23,4,"252,651,671,790",True,-0.07977014580011772,0.3333333333333333
B,2,D12,2,"252,651",False,0.42369275629766223,1.0
B,2,D13,2,"252,651",False,-0.5698306183083555,0.0
B,2,D23,3,"252,651,671",True,-0.1923430811061481,0.3333333333333333
