recording_id,participant,link_id,n_frames,mean_deg,median_deg,p95_deg,p99_deg,max_deg
252_T1_P1_R1,252,pelvis_to_Ab,31587,0.010667966188230134,0.0024739599640416386,0.05286851253507124,0.11092413270122663,0.43163540325884037
252_T1_P1_R1,252,pelvis_to_LThigh,31587,0.08758898455295873,0.013320749105811772,0.48594374438619187,1.068453220357614,2.3122625786566746
252_T1_P1_R1,252,pelvis_to_RThigh,31587,0.092691598423127,0.01438332860667237,0.4768899290495666,1.209378708019896,5.301884381508608
252_T1_P1_R1,252,Ab_to_Chest,31587,0.054432426032471476,0.012230213247607421,0.27337582346287076,0.5492970353608576,2.529623136279746
252_T1_P1_R1,252,Chest_to_Neck,31587,0.02361957266594982,0.007085862684539604,0.1144673189950051,0.21170151520868932,0.6137062499258448
252_T1_P1_R1,252,Neck_to_Head,31587,0.046909829052121384,0.014114941414634456,0.2272174034907037,0.4203347806608902,1.2220701641483394
252_T1_P1_R1,252,Chest_to_LShoulder,31587,0.06886672397183931,0.016270798480491074,0.32918290403303757,0.6892129898107114,6.205420274599437
252_T1_P1_R1,252,LShoulder_to_LUArm,31587,0.1310874240089712,0.02628969735362105,0.6552574344106784,1.4893380176061677,12.303574641383594
252_T1_P1_R1,252,LUArm_to_LFArm,31587,0.20299755695792487,0.03352756342426843,1.023631160696217,2.560576759463635,16.645103697965126
252_T1_P1_R1,252,LFArm_to_LHand,31587,0.20714190864483284,0.03248151702780508,1.1173179904857413,2.8245904227576695,10.437647586045811
252_T1_P1_R1,252,Chest_to_RShoulder,31587,0.0782192866692385,0.01679926006595463,0.38451331422832097,0.7965951295412945,6.035230153354334
252_T1_P1_R1,252,RShoulder_to_RUArm,31587,0.15748036189123762,0.02799372161473252,0.781198757638574,1.9876973873955486,8.173515444342808
252_T1_P1_R1,252,RUArm_to_RFArm,31587,0.2646853777644041,0.03719175716240718,1.440706359352282,3.608067418362398,15.242572741541851
252_T1_P1_R1,252,RFArm_to_RHand,31587,0.2572584639672549,0.030597449674589966,1.4637947529189008,3.589162250115949,14.322017197096384
252_T1_P1_R1,252,LThigh_to_LShin,31587,0.05194193034444146,0.005986654722289677,0.28488418260420184,0.7433395298596082,3.1140226559857744
252_T1_P1_R1,252,LShin_to_LFoot,31587,0.18810356782221932,0.012640623644502715,1.0327131173059398,2.7362437080501376,10.724822319999683
252_T1_P1_R1,252,RThigh_to_RShin,31587,0.055275353855567366,0.006636630072173665,0.29480729987063664,0.8971877172517033,2.7568333193803047
252_T1_P1_R1,252,RShin_to_RFoot,31587,0.20006833231622378,0.01419513245634064,1.081704224109611,3.045623411984903,17.38738512304634
252_T3_P1_R1,252,pelvis_to_Ab,31476,0.011485288150032408,0.0033777343192047254,0.053763166873228865,0.10524207950227261,0.5908124666294982
252_T3_P1_R1,252,pelvis_to_LThigh,31476,0.08887716201323013,0.017403657584548815,0.47153620619207426,0.96201500450615,3.8930796435554433
252_T3_P1_R1,252,pelvis_to_RThigh,31476,0.09612550697207994,0.018027463264132775,0.49901554659199404,1.152069008076726,4.190662310773425
252_T3_P1_R1,252,Ab_to_Chest,31476,0.06124207993689789,0.01702766404935633,0.2940034638976797,0.590101549978238,2.531479945931077
252_T3_P1_R1,252,Chest_to_Neck,31476,0.026529289650046473,0.008583489230134175,0.11618098730036233,0.2209923916944984,1.4244022243229
252_T3_P1_R1,252,Neck_to_Head,31476,0.05270268620703436,0.017081015922197212,0.2305658068473816,0.4373839026797053,2.845544348238059
252_T3_P1_R1,252,Chest_to_LShoulder,31476,0.08205203209288298,0.02228749072230951,0.37533026089034005,0.7369390071346398,3.567442162241116
252_T3_P1_R1,252,LShoulder_to_LUArm,31476,0.1486660385879966,0.038511946252596255,0.70478328063454,1.5690583318651619,6.1399141372865635
252_T3_P1_R1,252,LUArm_to_LFArm,31476,0.23876171090970724,0.048277095501211724,1.0812383774128387,3.013522445154267,14.631549419154155
252_T3_P1_R1,252,LFArm_to_LHand,31476,0.22757939782778364,0.0446806212091209,1.0639172526408176,2.909767616050895,12.828262870518916
252_T3_P1_R1,252,Chest_to_RShoulder,31476,0.09116552921898709,0.02296635007751111,0.4102064472545416,0.8870998336854425,10.37779433453904
252_T3_P1_R1,252,RShoulder_to_RUArm,31476,0.15496355268169945,0.03678181685676285,0.7080421158176975,1.594439923662491,20.55016591472234
252_T3_P1_R1,252,RUArm_to_RFArm,31476,0.2470016394738854,0.049160960599717626,1.1543248886158666,3.1003390512087075,32.189913849012505
252_T3_P1_R1,252,RFArm_to_RHand,31476,0.2167862610202145,0.04416056455587912,1.0087695713254106,2.956093173029956,18.53529897008734
252_T3_P1_R1,252,LThigh_to_LShin,31476,0.05068929657969409,0.00630565028553776,0.27100680406294175,0.7890641600533709,4.210747822266276
252_T3_P1_R1,252,LShin_to_LFoot,31476,0.18344040179349244,0.01442988305762355,1.0918882711084978,2.5046872884181814,17.221000052379086
252_T3_P1_R1,252,RThigh_to_RShin,31476,0.06176727801484087,0.0061760131309788625,0.3414131258937433,1.0285994462454178,2.9409832679785826
252_T3_P1_R1,252,RShin_to_RFoot,31476,0.21491864305890537,0.018463660690615287,1.220282939516795,3.1373927289122596,16.320561871826627
651_T1_P1_R1,651,pelvis_to_Ab,30423,0.010897796632807552,0.0035603765556024014,0.04557006931061912,0.10337900696374497,0.4319054638356224
651_T1_P1_R1,651,pelvis_to_LThigh,30423,0.021952853500381796,0.005687200628656622,0.09754233171736952,0.23700272404326134,1.1392000431685245
651_T1_P1_R1,651,pelvis_to_RThigh,30423,0.023774189780434437,0.006070419126505294,0.10799309548043606,0.24616840002625154,1.2005700800782713
651_T1_P1_R1,651,Ab_to_Chest,30423,0.012809788518760775,0.004371214847129881,0.05335475697101029,0.11615992482330496,0.6147616972386494
651_T1_P1_R1,651,Chest_to_Neck,30423,0.021627078555769026,0.008819410695270489,0.08157536074044798,0.1673027071941564,1.9499871389827632
651_T1_P1_R1,651,Neck_to_Head,30423,0.02162722044115977,0.008812633222774266,0.0815569526751807,0.16719421762684822,1.9500009150762896
651_T1_P1_R1,651,Chest_to_LShoulder,30423,0.025829153427381256,0.009735393903499728,0.10523905505723465,0.2120338965507353,1.1214287445075652
651_T1_P1_R1,651,LShoulder_to_LUArm,30423,0.03921929095104782,0.01353237146910976,0.165603002149222,0.34182963463647165,1.3379672417220707
651_T1_P1_R1,651,LUArm_to_LFArm,30423,0.07726409706243884,0.022292898777156924,0.3344110625342661,0.738945424882343,3.5433688886485464
651_T1_P1_R1,651,LFArm_to_LHand,30423,0.12946803335846557,0.037303523789771115,0.5758961869483205,1.1840761072600976,5.954612244484051
651_T1_P1_R1,651,Chest_to_RShoulder,30423,0.02873191226048562,0.010446158562613187,0.12074471213385392,0.239939951727545,1.1680162289926204
651_T1_P1_R1,651,RShoulder_to_RUArm,30423,0.044058865953257816,0.014869804286194556,0.1856019637887113,0.38292138731151276,1.5267257621585166
651_T1_P1_R1,651,RUArm_to_RFArm,30423,0.09430866330581289,0.027845222349900844,0.41542890443215574,0.8578959208318746,2.6471064677348646
651_T1_P1_R1,651,RFArm_to_RHand,30423,0.17773265393560192,0.04985544813057597,0.8127497015995584,1.727238687236157,5.410217423495919
651_T1_P1_R1,651,LThigh_to_LShin,30423,0.021993361443328106,0.003938143460152127,0.10547214115232828,0.3015160931664022,1.0757838397299775
651_T1_P1_R1,651,LShin_to_LFoot,30423,0.04852972302794404,0.007180988280531674,0.2490273607824013,0.5682840919273098,2.155321862776777
651_T1_P1_R1,651,RThigh_to_RShin,30423,0.023740219634387764,0.004022232669622383,0.11478036309727191,0.2982739348632816,1.7809262986727734
651_T1_P1_R1,651,RShin_to_RFoot,30423,0.058784859424027204,0.0074411506074393355,0.30801732712985885,0.7377904516095892,2.9476117023256028
651_T2_P1_R1,651,pelvis_to_Ab,32110,0.005704125036627048,0.0018756541893861054,0.023936223841089063,0.04731684095151808,0.6439815657443586
651_T2_P1_R1,651,pelvis_to_LThigh,32110,0.035342833882072204,0.010100404424304335,0.1619091308891303,0.33503208250933914,2.9179596389007725
651_T2_P1_R1,651,pelvis_to_RThigh,32110,0.035905866212083117,0.009023295455286556,0.1682966574821168,0.3518433822010552,2.9409564862892266
651_T2_P1_R1,651,Ab_to_Chest,32110,0.027791857626504712,0.009313877824638123,0.11812785290500522,0.22063861706892682,2.6069189628154024
651_T2_P1_R1,651,Chest_to_Neck,32110,0.017076262089597477,0.0069390190914339735,0.06626731452628339,0.12193606715824158,1.0644421530079637
651_T2_P1_R1,651,Neck_to_Head,32110,0.033902701878985954,0.013754118123309157,0.13152324992205483,0.24249525922400617,2.046186426672182
651_T2_P1_R1,651,Chest_to_LShoulder,32110,0.03933579660229423,0.01408598548265603,0.15342925726739204,0.3219229721603288,5.3929861935957835
651_T2_P1_R1,651,LShoulder_to_LUArm,32110,0.06278092274268984,0.022313157512409795,0.25126240454379434,0.5321840321184317,8.058256688126574
651_T2_P1_R1,651,LUArm_to_LFArm,32110,0.0951500123625498,0.030871920068616977,0.38481173843292876,0.8633711699624813,6.41156882639417
651_T2_P1_R1,651,LFArm_to_LHand,32110,0.1444250011563287,0.043309607667080384,0.6191974222807167,1.360258785985964,6.384291073036231
651_T2_P1_R1,651,Chest_to_RShoulder,32110,0.04127332083468156,0.013616530193191239,0.1701380201418498,0.3436920632409823,2.999829427475228
651_T2_P1_R1,651,RShoulder_to_RUArm,32110,0.07808208640491664,0.02222809472766951,0.34514588906084026,0.7552617476717112,4.539051236402497
651_T2_P1_R1,651,RUArm_to_RFArm,32110,0.1363047144219977,0.03041212676890577,0.6463547829755552,1.3029506143837182,9.529999968870017
651_T2_P1_R1,651,RFArm_to_RHand,32110,0.2174979125599348,0.0427020449841705,1.0448485043572653,2.1910373700834525,10.329071498397063
651_T2_P1_R1,651,LThigh_to_LShin,32110,0.023616528400471282,0.0052913672677344205,0.11738298572261709,0.2890934068710713,1.3275225636945502
651_T2_P1_R1,651,LShin_to_LFoot,32110,0.07181030022808337,0.01069381098093023,0.3798922077437475,0.9106723748225224,4.118028042446894
651_T2_P1_R1,651,RThigh_to_RShin,32110,0.02398462343837745,0.003668697732517944,0.12692434817410697,0.30298604747079794,1.0921272204428245
651_T2_P1_R1,651,RShin_to_RFoot,32110,0.07520770426975595,0.008988632671222366,0.3963673263945574,0.9786115464854327,4.292351472392109
671_T1_P1_R1,671,pelvis_to_Ab,30604,0.02010619202977481,0.0054650787914605585,0.08830866099262405,0.17795597257762485,0.6251330051655466
671_T1_P1_R1,671,pelvis_to_LThigh,30604,0.03634758821560747,0.00806221492640487,0.17003286117654062,0.3763611005520576,1.1518072434650168
671_T1_P1_R1,671,pelvis_to_RThigh,30604,0.0346856120719349,0.008233857245924557,0.1553053138667332,0.34173521968228665,0.9531856749480137
671_T1_P1_R1,671,Ab_to_Chest,30604,0.024050608758280245,0.006689224115970335,0.10335801508670941,0.20303210995273127,0.6973713986945659
671_T1_P1_R1,671,Chest_to_Neck,30604,0.038203576996034175,0.010477987722264291,0.1617848614328412,0.31050998910518035,2.522221864490586
671_T1_P1_R1,671,Neck_to_Head,30604,0.03820315501465831,0.010487576756607248,0.16179414555040855,0.3105317065950021,2.5222373095699635
671_T1_P1_R1,671,Chest_to_LShoulder,30604,0.075385224711722,0.016000022921922166,0.33469526187733023,0.6852364808081107,5.711715469985075
671_T1_P1_R1,671,LShoulder_to_LUArm,30604,0.12366515060870534,0.02284246574881281,0.581039989364435,1.1379323043988925,10.328696098458892
671_T1_P1_R1,671,LUArm_to_LFArm,30604,0.24377932727072826,0.03270902752360986,1.2881990560678216,2.658651911999974,15.842980868599973
671_T1_P1_R1,671,LFArm_to_LHand,30604,0.39365786282406434,0.043760085068782734,2.2603900864360784,4.034301149978773,37.21298090022607
671_T1_P1_R1,671,Chest_to_RShoulder,30604,0.06394653099463643,0.016298389499245468,0.276945407292516,0.5191270275166112,5.504042226550643
671_T1_P1_R1,671,RShoulder_to_RUArm,30604,0.09893659126454224,0.020988774367023337,0.4563687557204646,0.8557363011352538,4.533793487509748
671_T1_P1_R1,671,RUArm_to_RFArm,30604,0.17641936604548258,0.029277025212355336,0.9044909937217144,1.7432591385563616,14.202629053269396
671_T1_P1_R1,671,RFArm_to_RHand,30604,0.27269205980171385,0.03961885805304084,1.4403562344434657,2.7940864714461093,12.842532248872475
671_T1_P1_R1,671,LThigh_to_LShin,30604,0.03535404832957779,0.004396321829306667,0.17577441191794593,0.4697229935283854,2.2144276416293125
671_T1_P1_R1,671,LShin_to_LFoot,30604,0.05818084487677314,0.009750329271636986,0.2735563622029183,0.6157803871642763,4.273228324492876
671_T1_P1_R1,671,RThigh_to_RShin,30604,0.020465648790920846,0.0036236303978824883,0.09892052419170068,0.22720126834098628,1.8281145829936096
671_T1_P1_R1,671,RShin_to_RFoot,30604,0.07147348054823519,0.008990570924079289,0.31731989605754085,0.9268503900486756,7.446273198111764
790_T1_P1_R1,790,pelvis_to_Ab,31258,0.00862708227024159,0.0020835353564728786,0.03632247728025314,0.0743600092721441,2.2758224295528087
790_T1_P1_R1,790,pelvis_to_LThigh,31258,0.054480965387747105,0.009532759631512264,0.2614588705959702,0.5808884171732721,9.024126479785192
790_T1_P1_R1,790,pelvis_to_RThigh,31258,0.05527009621903969,0.009341384408969653,0.245829876485505,0.5359535856321785,15.595052138067773
790_T1_P1_R1,790,Ab_to_Chest,31258,0.044220509143845795,0.00979866493178783,0.18533825176336796,0.3589262372182548,11.93890268836325
790_T1_P1_R1,790,Chest_to_Neck,31258,0.01948289989034693,0.005654912111554029,0.08733576332459281,0.16510536534775366,1.6922539594591033
790_T1_P1_R1,790,Neck_to_Head,31258,0.038818710812223024,0.011246990636062208,0.17418816495130612,0.3295635979148113,3.3743005123389365
790_T1_P1_R1,790,Chest_to_LShoulder,31258,0.08606222462940832,0.016103636266420904,0.4251004191492592,0.9083599363619466,5.9935767468975145
790_T1_P1_R1,790,LShoulder_to_LUArm,31258,0.16081856711540185,0.024878788964576855,0.7974449716889676,2.038316096186258,9.474981852306847
790_T1_P1_R1,790,LUArm_to_LFArm,31258,0.2687467606089117,0.034549389431435734,1.477767836030628,3.50962895686076,24.358085964061623
790_T1_P1_R1,790,LFArm_to_LHand,31258,0.3527510871505743,0.03191097221246866,2.008261904940868,5.594827036146229,35.133038376284084
790_T1_P1_R1,790,Chest_to_RShoulder,31258,0.0739671839497535,0.015485472392942616,0.3425357751066367,0.7032635736083996,10.682260374375423
790_T1_P1_R1,790,RShoulder_to_RUArm,31258,0.19934201858912728,0.025477548801056814,0.8722215013413467,2.1250781593768937,147.768415557251
790_T1_P1_R1,790,RUArm_to_RFArm,31258,0.29448320884497414,0.03270966858527996,1.7703568448536233,4.061665798418254,43.83267831755209
790_T1_P1_R1,790,RFArm_to_RHand,31258,0.3317241555766311,0.029400513305964437,2.0667983251207436,5.017255836267675,34.96058585813748
790_T1_P1_R1,790,LThigh_to_LShin,31258,0.03422548040487734,0.003936122349633308,0.17662457815698196,0.5177997319696657,4.264116683346839
790_T1_P1_R1,790,LShin_to_LFoot,31258,0.08550891073733251,0.008567157525450553,0.49691623930121714,1.1790805935833855,12.135895835893596
790_T1_P1_R1,790,RThigh_to_RShin,31258,0.040818825305170454,0.004228238648279179,0.1913086168099646,0.5471593888368391,14.42635565851631
790_T1_P1_R1,790,RShin_to_RFoot,31258,0.08045509596394067,0.00831010420433578,0.43644365204023544,1.1153359182813418,7.925044874613982
