recording_id,link_id,primary_lo,primary_hi,direct_lo,direct_hi,hf_ratio,lf_ratio
252_T1_P1_R1,Ab_to_Chest,1704.5384582245688,43.73724407124384,1725.871015008317,98.59246210286167,2.2541992344616832,1.012515151348341
252_T1_P1_R1,Chest_to_LShoulder,770.0441516282478,22.762640228942104,850.4618891155677,135.59823498949817,5.957052153251034,1.1044326319695794
252_T1_P1_R1,Chest_to_Neck,458.7586216411808,2.8471685739030197,459.84998184516166,12.876189989705829,4.522454380723443,1.00237894211138
252_T1_P1_R1,Chest_to_RShoulder,828.2365638792791,30.698351015212832,905.6998561682267,158.1721948257605,5.152465510195545,1.093527979404974
252_T1_P1_R1,LFArm_to_LHand,5961.868343358764,778.9832147001398,7065.078771843588,1578.182907844921,2.0259523928926035,1.1850444130846578
252_T1_P1_R1,LShin_to_LFoot,4020.595113614108,394.81299916943607,5274.967620270763,1023.7768348295126,2.593067697829659,1.311986775890274
252_T1_P1_R1,LShoulder_to_LUArm,8228.409093288594,201.25991674161176,8534.553368435623,868.0663848676542,4.313160806789582,1.0372057674425463
252_T1_P1_R1,LThigh_to_LShin,9346.190673769299,261.9846141175429,9251.913112068103,404.77090188006065,1.5450178371866325,0.9899127286193944
252_T1_P1_R1,LUArm_to_LFArm,16447.835240411892,589.6510125453053,17562.8489275457,1808.1205977965365,3.0664249858429797,1.067790908094352
252_T1_P1_R1,Neck_to_Head,1807.4137968618052,11.252472919425065,1811.7116005914716,50.84034292755567,4.518148436490821,1.0023778748049443
252_T1_P1_R1,RFArm_to_RHand,6556.037396521106,926.5689088543666,8185.874069243047,2212.6097949385853,2.3879603273914216,1.2486008810118743
252_T1_P1_R1,RShin_to_RFoot,4761.91391078679,658.0786395134822,7208.807191965629,1397.6385525656983,2.123816924978712,1.5138466018119485
252_T1_P1_R1,RShoulder_to_RUArm,12088.112043879926,344.00277000005076,12389.506765459822,1222.346862598352,3.553305290530572,1.0249331508912087
252_T1_P1_R1,RThigh_to_RShin,8570.254830506768,428.43798307428716,8526.470179342808,654.2990424441704,1.5271732859659202,0.9948910911017367
252_T1_P1_R1,RUArm_to_RFArm,21991.113046952883,878.9847474624692,23682.631140921938,2817.152652121842,3.2050074364255434,1.076918257405049
252_T1_P1_R1,pelvis_to_Ab,87.04803195473306,3.4957162598844955,87.72687539990739,5.841713508466113,1.6711063124611645,1.0077984927393573
252_T1_P1_R1,pelvis_to_LThigh,2475.2317196235867,77.7918830029712,2530.5947885869527,202.31518271725724,2.6007235576175725,1.022366822679448
252_T1_P1_R1,pelvis_to_RThigh,3489.3208290088346,208.1922977494905,3657.840263057058,435.8498303555544,2.0934964216591485,1.0482957693793071
252_T3_P1_R1,Ab_to_Chest,1544.715869924037,21.51683138960882,1556.868480760818,85.83985764141462,3.9894283729373594,1.0078672143359146
252_T3_P1_R1,Chest_to_LShoulder,753.3461685558847,29.418764446760804,856.1767837246507,140.31770363441717,4.769666784896776,1.1364984909472435
252_T3_P1_R1,Chest_to_Neck,315.5927125715343,2.955333331497394,318.557317400438,17.086286970594315,5.781509242457303,1.0093937683311738
252_T3_P1_R1,Chest_to_RShoulder,1203.5618619361403,61.033255678384606,1423.0989835194066,348.12170184674767,5.703803573598936,1.1824061799616201
252_T3_P1_R1,LFArm_to_LHand,7687.454255517808,850.7694611610916,9216.10807567761,2120.5864444050094,2.492551203602124,1.1988504606791752
252_T3_P1_R1,LShin_to_LFoot,2886.320909837468,308.6551201209722,3785.4056138768456,1110.8812699973107,3.599102031944001,1.311498524289181
252_T3_P1_R1,LShoulder_to_LUArm,7760.036778028979,202.52072375925832,8075.605262602147,762.1191325188654,3.763166150960513,1.0406658490932206
252_T3_P1_R1,LThigh_to_LShin,6288.822359646358,191.98725166576978,6241.731876951424,317.8578659150231,1.6556196474356601,0.9925120348450133
252_T3_P1_R1,LUArm_to_LFArm,21487.63446235966,407.82095276200926,22941.791621827753,2373.5358738045043,5.820043962257184,1.067674138910701
252_T3_P1_R1,Neck_to_Head,1251.3921386200445,11.690841273309461,1263.11910873852,67.55864777403409,5.778767001847206,1.0093711393547726
252_T3_P1_R1,RFArm_to_RHand,8107.28332125781,799.0918919005784,9420.362807282889,2680.8880825638525,3.354918388907147,1.1619629454150322
252_T3_P1_R1,RShin_to_RFoot,3711.393999493512,529.6964971739915,5361.451804726356,1225.4514319168775,2.3134973299896084,1.4445924645720785
252_T3_P1_R1,RShoulder_to_RUArm,12277.338142280965,201.78035384948436,12741.491312541857,1335.8935480599735,6.620533280739845,1.0378056843333516
252_T3_P1_R1,RThigh_to_RShin,8997.339149577423,628.0949625733614,9023.789301324596,816.1878497616384,1.2994656833699854,1.0029397748942714
252_T3_P1_R1,RUArm_to_RFArm,18294.811662770484,804.3251555021127,19021.851000310344,3966.8392978268957,4.931885159491914,1.039740192516951
252_T3_P1_R1,pelvis_to_Ab,65.35791748843386,1.324264944260315,65.42722196778895,3.9014842684583853,2.94615083285891,1.0010603838374648
252_T3_P1_R1,pelvis_to_LThigh,2174.2270310240833,83.22136785193771,2207.698815876225,219.60912751789527,2.638855058338024,1.0153947974956306
252_T3_P1_R1,pelvis_to_RThigh,2700.9210883791898,133.0951280474588,2740.9965880372188,316.2458734698014,2.376089028270329,1.0148377158556965
651_T1_P1_R1,Ab_to_Chest,83.21834764665581,1.0172151836074736,84.49588866581534,4.502575332956138,4.426374483507127,1.0153516749044809
651_T1_P1_R1,Chest_to_LShoulder,272.6057215384197,2.0404898829006743,278.1814968089351,14.400850610428995,7.057545705621119,1.0204536252542653
651_T1_P1_R1,Chest_to_Neck,212.34434529126608,2.915629218907903,218.23427429647984,16.887614581826778,5.792099513995237,1.0277376305789294
651_T1_P1_R1,Chest_to_RShoulder,280.72721588988,3.1384440918855856,286.91131913652174,16.214730203647385,5.166486873406603,1.0220288696521238
651_T1_P1_R1,LFArm_to_LHand,5279.528196960162,153.09641407325347,5504.881505386673,603.3042317529186,3.940681663936622,1.042684364969632
651_T1_P1_R1,LShin_to_LFoot,876.8514824118975,19.214054346373143,908.3885832484979,73.75800343223543,3.838752722491286,1.0359662969946215
651_T1_P1_R1,LShoulder_to_LUArm,1126.6620478368477,12.548182830534776,1136.434267379412,56.233370190975364,4.481395509645983,1.008673603199226
651_T1_P1_R1,LThigh_to_LShin,1889.8005543559498,19.49593179576612,1893.3908990411699,53.30857544653988,2.7343435545931056,1.0018998537580828
651_T1_P1_R1,LUArm_to_LFArm,3935.05489483211,97.68454265235462,3986.4441640750897,267.07321841996185,2.7340376600875063,1.0130593525672205
651_T1_P1_R1,Neck_to_Head,212.34436612821727,2.915607201613802,218.23431879001976,16.887694117644465,5.792170532538487,1.0277377392638052
651_T1_P1_R1,RFArm_to_RHand,8103.04466118973,251.96414668506833,8626.343031001103,939.8348233466709,3.73003395805109,1.0645804622449828
651_T1_P1_R1,RShin_to_RFoot,1030.0796446508602,37.708304204071204,1111.580029312458,91.37946911885555,2.4233248099496794,1.0791204690674399
651_T1_P1_R1,RShoulder_to_RUArm,1141.3423821725669,24.929988927633303,1155.0806505541227,65.4581550141547,2.6256792654086785,1.012036938780285
651_T1_P1_R1,RThigh_to_RShin,2753.027065150434,15.635972144964894,2751.449387557025,51.980243757599126,3.3244011485616416,0.9994269298644464
651_T1_P1_R1,RUArm_to_RFArm,5099.085866940907,199.70490132013595,5141.964404959481,398.0334045611046,1.9931078402679718,1.00840906372975
651_T1_P1_R1,pelvis_to_Ab,84.34514667330076,1.1818998249699557,84.78405491067207,4.412016101247157,3.73298650869951,1.0052037165703365
651_T1_P1_R1,pelvis_to_LThigh,564.3492113864288,3.5646193659100356,568.5526110734519,23.893998448283263,6.7030995445942105,1.007448224613793
651_T1_P1_R1,pelvis_to_RThigh,851.9540978266951,3.194245338828841,853.4802843196112,26.4544373146679,8.281905272926634,1.0017913952134385
651_T2_P1_R1,Ab_to_Chest,527.3555292961694,6.906784968302303,533.8876342300618,28.060237131359806,4.062706057903674,1.0123865297148027
651_T2_P1_R1,Chest_to_LShoulder,291.02370996296895,6.4321857375475355,318.96330319371697,77.71582622007872,12.082335521876615,1.096004525659793
651_T2_P1_R1,Chest_to_Neck,123.07943201300584,1.2314376645550642,123.55582349547312,7.061298570455087,5.7341908353976105,1.003870601892418
651_T2_P1_R1,Chest_to_RShoulder,240.3107800785095,5.598997110436293,273.30874088378016,39.084936991081236,6.980703190260372,1.1373136935200752
651_T2_P1_R1,LFArm_to_LHand,6072.592277985765,157.13790551032486,6402.054837384103,650.5074984187536,4.1397236160565445,1.054254022716575
651_T2_P1_R1,LShin_to_LFoot,1545.4710678534586,66.74781969356556,1645.8367993255101,131.99924459158868,1.9775813681643493,1.064941837838124
651_T2_P1_R1,LShoulder_to_LUArm,2654.659690467232,38.050123670094266,2685.2930429304297,221.27035736182043,5.815233592413505,1.0115394649540959
651_T2_P1_R1,LThigh_to_LShin,3146.0899700273617,32.48348578132328,3142.48131865276,58.19799211575018,1.7916178241317846,0.9988529726075919
651_T2_P1_R1,LUArm_to_LFArm,5322.051986883016,98.86304634220627,5419.385032864496,340.4434391764537,3.443586372991551,1.0182886311936394
651_T2_P1_R1,Neck_to_Head,488.07220332171886,4.8652822674562985,489.73285743547046,27.654339016118726,5.684015334752029,1.003402476318974
651_T2_P1_R1,RFArm_to_RHand,7814.2788198131875,608.5403516021426,8677.56476824548,1429.215869302524,2.348596712674414,1.1104754473622598
651_T2_P1_R1,RShin_to_RFoot,1890.5512864067657,78.64206287142542,1966.3806616216668,160.21722221150105,2.0372967895494503,1.0401096631231965
651_T2_P1_R1,RShoulder_to_RUArm,3761.7843489988477,132.76095050583717,3824.7189518982505,287.0473645648774,2.162137009950502,1.016729986905324
651_T2_P1_R1,RThigh_to_RShin,2450.8830556860385,44.4992851352869,2466.2319601982044,69.89157374782519,1.5706223939404995,1.0062626017494212
651_T2_P1_R1,RUArm_to_RFArm,6412.812177322828,681.8538578272901,6672.685813697934,1123.9727372128878,1.6484070953186336,1.0405241303174415
651_T2_P1_R1,pelvis_to_Ab,27.59141580266647,0.4246304927437352,27.809061678853602,1.6269578519241386,3.8314673103469485,1.0078881735443999
651_T2_P1_R1,pelvis_to_LThigh,1403.5463831667232,14.240943984219232,1410.9978392368441,46.19528619589875,3.2438359596870106,1.005309020178805
651_T2_P1_R1,pelvis_to_RThigh,1152.794960181041,16.945062771690257,1162.033012005946,52.569267996273176,3.1023353943603853,1.0080136122589
671_T1_P1_R1,Ab_to_Chest,281.84986534006464,5.003694147335648,281.22345825060535,17.089979801435142,3.415472508553538,0.997777515030197
671_T1_P1_R1,Chest_to_LShoulder,561.5275533791081,19.634082365109382,632.9058460267171,159.66160113684612,8.131859598418092,1.1271144972638927
671_T1_P1_R1,Chest_to_Neck,397.2070739384897,4.726797242568979,403.0182485088389,39.627640880153564,8.38361343771459,1.0146300883132033
671_T1_P1_R1,Chest_to_RShoulder,648.446345441617,19.326940511553083,684.1666415022088,101.57636121633394,5.255687580536327,1.0550859701989141
671_T1_P1_R1,LFArm_to_LHand,15065.288949677608,1215.0905699448936,17292.3720866132,5345.0758503442885,4.398911474217677,1.1478287701201542
671_T1_P1_R1,LShin_to_LFoot,1680.344943642318,32.39165680948242,1714.7532623882528,108.83861737233639,3.360081826394094,1.0204769377121767
671_T1_P1_R1,LShoulder_to_LUArm,3283.754091797967,121.34956693538746,3413.8957121944686,611.592726359591,5.039925084242232,1.0396319629175537
671_T1_P1_R1,LThigh_to_LShin,1966.9215423384692,34.59478936426195,1985.742787822323,120.30295355531649,3.477487672741697,1.0095688847158983
671_T1_P1_R1,LUArm_to_LFArm,12132.59752656752,961.8578322423922,12299.12619426752,2716.651961167634,2.824379934438197,1.0137257225697416
671_T1_P1_R1,Neck_to_Head,397.20720969489037,4.726833647834766,403.0193144770728,39.62834394119086,8.383697606820483,1.0146324251935077
671_T1_P1_R1,RFArm_to_RHand,11813.471217668133,710.4609752823944,12951.049343384986,2097.0739022824832,2.951708785199549,1.096294992788868
671_T1_P1_R1,RShin_to_RFoot,2457.8696722741574,75.37429687325744,2635.611491708416,176.97658865146354,2.3479700109050605,1.0723153963122063
671_T1_P1_R1,RShoulder_to_RUArm,2629.6196486770077,84.17730462646483,2698.299793227055,301.5519712509099,3.582342919971612,1.0261179005810217
671_T1_P1_R1,RThigh_to_RShin,1601.0525137836923,21.441276499463623,1601.4804251094245,38.40657571309488,1.7912448316244447,1.0002672687635465
671_T1_P1_R1,RUArm_to_RFArm,10016.881177900683,643.1411469980898,10081.707064311298,1554.7830258135102,2.417483367485626,1.0064716637104207
671_T1_P1_R1,pelvis_to_Ab,275.4525511942531,5.239407664357943,273.77972681620616,15.452538579175004,2.949291135388034,0.9939269962438386
671_T1_P1_R1,pelvis_to_LThigh,700.9067342657386,5.641175529340841,712.0378676003991,62.37336123275642,11.056802063389192,1.0158810477778064
671_T1_P1_R1,pelvis_to_RThigh,805.3804172430874,4.487495016749585,813.7223383801735,53.68691528592463,11.963671287775941,1.0103577402162838
790_T1_P1_R1,Ab_to_Chest,701.774416141237,19.75264038056632,778.830491230036,352.0521019720878,17.823040119661933,1.1098017729293952
790_T1_P1_R1,Chest_to_LShoulder,929.9311208236826,51.04118203729025,1079.3678123286545,240.46553361939687,4.711206206856942,1.160696516288872
790_T1_P1_R1,Chest_to_Neck,194.33940272742245,2.6909132529909017,196.7661364164334,19.157502683979523,7.119331202031988,1.0124870903941938
790_T1_P1_R1,Chest_to_RShoulder,699.8342736345824,27.545332061840103,826.0302705144567,272.10360818195466,9.878392737145946,1.1803226872906305
790_T1_P1_R1,LFArm_to_LHand,14447.159737429785,2266.068636171477,19042.451809815153,6568.9400936968195,2.8988266237138536,1.3180758125404994
790_T1_P1_R1,LShin_to_LFoot,1105.8868419686905,105.29809310087475,1325.262568202345,409.13106320836033,3.8854555781595774,1.1983708621065818
790_T1_P1_R1,LShoulder_to_LUArm,14254.347925185893,489.19311962674385,14954.167839835183,1521.3767228230922,3.109971628349778,1.0490951896447527
790_T1_P1_R1,LThigh_to_LShin,3304.7932365848324,80.50129385203947,3315.004766186011,207.89746079917978,2.5825356444741514,1.003089914820732
790_T1_P1_R1,LUArm_to_LFArm,20692.37686489586,853.8807923892291,22275.756673239015,3780.303636081562,4.42720303557123,1.0765199579865241
790_T1_P1_R1,Neck_to_Head,773.3289625800295,10.712152021073987,783.0365067943474,76.2058978985287,7.113967179387396,1.0125529298449278
790_T1_P1_R1,RFArm_to_RHand,12509.643931361881,1704.4094025770826,15960.943907799163,4926.459679216535,2.8904203836048326,1.2758911440944227
790_T1_P1_R1,RShin_to_RFoot,1024.7188673788096,106.62024483867657,1219.1576242725407,424.9819140916986,3.985940144244877,1.1897483915672382
790_T1_P1_R1,RShoulder_to_RUArm,22076.489730876714,1516.5628608123334,16128.432706187454,7852.652112512147,5.177927216486064,0.7305705256044324
790_T1_P1_R1,RThigh_to_RShin,2512.8603918220224,79.93990870571264,2573.4302741671227,661.5723480156033,8.27587069746461,1.0241039583982547
790_T1_P1_R1,RUArm_to_RFArm,14711.854084702662,941.0722062655773,15673.677670611216,5405.613027453529,5.744100177928352,1.0653774555111075
790_T1_P1_R1,pelvis_to_Ab,39.27985253600331,0.9607288549128172,41.2020916165204,10.849426158751278,11.292911733910422,1.0489370238535185
790_T1_P1_R1,pelvis_to_LThigh,1498.6732834627667,33.84311846056459,1547.6794706672615,284.4817604522493,8.40589677880126,1.0326997136368932
790_T1_P1_R1,pelvis_to_RThigh,1309.2105338403746,39.85131643301796,1430.6683842283735,747.2267800519721,18.75036628483553,1.0927718248887903
