participant,timepoint,task_part,repetition,exercise_id,source_sheet,source_end_column,start_frame,end_frame,merged_with,n_frames,duration_s,block_id
252,1,1,1,1,252 - T1P1R1,end_frame,2040,2760,,720,6.0,252_T1_R1_ex01
252,1,1,1,2,252 - T1P1R1,end_frame,3840,4920,,1080,9.0,252_T1_R1_ex02
252,1,1,1,3,252 - T1P1R1,end_frame,5400,6840,,1440,12.0,252_T1_R1_ex03
252,1,1,1,4,252 - T1P1R1,end_frame,7800,8280,,480,4.0,252_T1_R1_ex04
252,1,1,1,5,252 - T1P1R1,end_frame,8520,9000,,480,4.0,252_T1_R1_ex05
252,1,1,1,6,252 - T1P1R1,end_frame,9960,10560,,600,5.0,252_T1_R1_ex06
252,1,1,1,7,252 - T1P1R1,end_frame,10680,11280,,600,5.0,252_T1_R1_ex07
252,1,1,1,8,252 - T1P1R1,end_frame,12480,14280,,1800,15.0,252_T1_R1_ex08
252,1,1,1,9,252 - T1P1R1,end_frame,15120,16200,,1080,9.0,252_T1_R1_ex09
252,1,1,1,10,252 - T1P1R1,end_frame,16320,17640,,1320,11.0,252_T1_R1_ex10
252,1,1,1,11,252 - T1P1R1,end_frame,17760,19080,,1320,11.0,252_T1_R1_ex11
252,1,1,1,12,252 - T1P1R1,end_frame,19200,20280,,1080,9.0,252_T1_R1_ex12
252,1,1,1,13,252 - T1P1R1,end_frame,20400,21720,,1320,11.0,252_T1_R1_ex13
252,1,1,1,14,252 - T1P1R1,end_frame,22680,24480,,1800,15.0,252_T1_R1_ex14
252,1,1,1,15,252 - T1P1R1,end_frame,24720,26640,,1920,16.0,252_T1_R1_ex15
252,1,1,1,16,252 - T1P1R1,end_frame,27240,28680,,1440,12.0,252_T1_R1_ex16
252,1,1,1,17,252 - T1P1R1,end_frame,28800,31080,,2280,19.0,252_T1_R1_ex17
252,1,1,2,1,252 - T1P1R2,end_frame,1680,2880,,1200,10.0,252_T1_R2_ex01
252,1,1,2,2,252 - T1P1R2,end_frame,3360,4440,,1080,9.0,252_T1_R2_ex02
252,1,1,2,3,252 - T1P1R2,end_frame,5160,6720,,1560,13.0,252_T1_R2_ex03
252,1,1,2,4,252 - T1P1R2,end_frame,7560,8040,,480,4.0,252_T1_R2_ex04
252,1,1,2,5,252 - T1P1R2,end_frame,8160,8760,,600,5.0,252_T1_R2_ex05
252,1,1,2,6,252 - T1P1R2,end_frame,9600,10320,,720,6.0,252_T1_R2_ex06
252,1,1,2,7,252 - T1P1R2,end_frame,10440,11040,,600,5.0,252_T1_R2_ex07
252,1,1,2,8,252 - T1P1R2,end_frame,12120,14160,,2040,17.0,252_T1_R2_ex08
252,1,1,2,9,252 - T1P1R2,end_frame,14880,15960,,1080,9.0,252_T1_R2_ex09
252,1,1,2,10,252 - T1P1R2,end_frame,16080,17400,,1320,11.0,252_T1_R2_ex10
252,1,1,2,11,252 - T1P1R2,end_frame,17520,18720,,1200,10.0,252_T1_R2_ex11
252,1,1,2,12,252 - T1P1R2,end_frame,18726,19680,,954,7.95,252_T1_R2_ex12
252,1,1,2,13,252 - T1P1R2,end_frame,19800,21840,,2040,17.0,252_T1_R2_ex13
252,1,1,2,14,252 - T1P1R2,end_frame,22440,24120,,1680,14.0,252_T1_R2_ex14
252,1,1,2,15,252 - T1P1R2,end_frame,24600,26160,,1560,13.0,252_T1_R2_ex15
252,2,1,1,1,252 - T2P1R1,end_frame,1920,2880,,960,8.0,252_T2_R1_ex01
252,2,1,1,2,252 - T2P1R1,end_frame,3600,4680,,1080,9.0,252_T2_R1_ex02
252,2,1,1,3,252 - T2P1R1,end_frame,5280,6720,,1440,12.0,252_T2_R1_ex03
252,2,1,1,4,252 - T2P1R1,end_frame,7800,8280,,480,4.0,252_T2_R1_ex04
252,2,1,1,5,252 - T2P1R1,end_frame,8400,8880,,480,4.0,252_T2_R1_ex05
252,2,1,1,6,252 - T2P1R1,end_frame,9840,10560,,720,6.0,252_T2_R1_ex06
252,2,1,1,7,252 - T2P1R1,end_frame,10680,11400,,720,6.0,252_T2_R1_ex07
252,2,1,1,8,252 - T2P1R1,end_frame,12480,14400,,1920,16.0,252_T2_R1_ex08
252,2,1,1,9,252 - T2P1R1,end_frame,15120,16080,,960,8.0,252_T2_R1_ex09
252,2,1,1,10,252 - T2P1R1,end_frame,16200,17640,,1440,12.0,252_T2_R1_ex10
252,2,1,1,11,252 - T2P1R1,end_frame,17640,18960,,1320,11.0,252_T2_R1_ex11
252,2,1,1,12,252 - T2P1R1,end_frame,19080,20160,,1080,9.0,252_T2_R1_ex12
252,2,1,1,13,252 - T2P1R1,end_frame,20280,21840,,1560,13.0,252_T2_R1_ex13
252,2,1,1,14,252 - T2P1R1,end_frame,22440,24360,,1920,16.0,252_T2_R1_ex14
252,2,1,1,15,252 - T2P1R1,end_frame,24840,26520,,1680,14.0,252_T2_R1_ex15
252,2,1,2,1,252 - T2P1R2,end_frame,1680,2760,,1080,9.0,252_T2_R2_ex01
252,2,1,2,2,252 - T2P1R2,end_frame,3360,4680,,1320,11.0,252_T2_R2_ex02
252,2,1,2,3,252 - T2P1R2,end_frame,5160,6720,,1560,13.0,252_T2_R2_ex03
252,2,1,2,4,252 - T2P1R2,end_frame,7800,8160,,360,3.0,252_T2_R2_ex04
252,2,1,2,5,252 - T2P1R2,end_frame,8280,8880,,600,5.0,252_T2_R2_ex05
252,2,1,2,6,252 - T2P1R2,end_frame,9720,10440,,720,6.0,252_T2_R2_ex06
252,2,1,2,7,252 - T2P1R2,end_frame,10560,11280,,720,6.0,252_T2_R2_ex07
252,2,1,2,8,252 - T2P1R2,end_frame,12360,14400,,2040,17.0,252_T2_R2_ex08
252,2,1,2,9,252 - T2P1R2,end_frame,15000,16080,,1080,9.0,252_T2_R2_ex09
252,2,1,2,10,252 - T2P1R2,end_frame,16200,17520,,1320,11.0,252_T2_R2_ex10
252,2,1,2,11,252 - T2P1R2,end_frame,17640,18720,,1080,9.0,252_T2_R2_ex11
252,2,1,2,12,252 - T2P1R2,end_frame,18840,19920,,1080,9.0,252_T2_R2_ex12
252,2,1,2,13,252 - T2P1R2,end_frame,20040,22080,,2040,17.0,252_T2_R2_ex13
252,2,1,2,14,252 - T2P1R2,end_frame,22440,24240,,1800,15.0,252_T2_R2_ex14
252,2,1,2,15,252 - T2P1R2,end_frame,24600,26280,,1680,14.0,252_T2_R2_ex15
252,3,1,1,1,252 - T3P1R1,end_frame,1800,2520,,720,6.0,252_T3_R1_ex01
252,3,1,1,2,252 - T3P1R1,end_frame,3600,4440,,840,7.0,252_T3_R1_ex02
252,3,1,1,3,252 - T3P1R1,end_frame,5280,6840,,1560,13.0,252_T3_R1_ex03
252,3,1,1,4,252 - T3P1R1,end_frame,7800,8040,,240,2.0,252_T3_R1_ex04
252,3,1,1,5,252 - T3P1R1,end_frame,8160,8520,,360,3.0,252_T3_R1_ex05
252,3,1,1,6,252 - T3P1R1,end_frame,9720,10560,,840,7.0,252_T3_R1_ex06
252,3,1,1,7,252 - T3P1R1,end_frame,10680,11280,,600,5.0,252_T3_R1_ex07
252,3,1,1,8,252 - T3P1R1,end_frame,12240,14280,,2040,17.0,252_T3_R1_ex08
252,3,1,1,9,252 - T3P1R1,end_frame,15000,16200,,1200,10.0,252_T3_R1_ex09
252,3,1,1,10,252 - T3P1R1,end_frame,16320,17520,,1200,10.0,252_T3_R1_ex10
252,3,1,1,11,252 - T3P1R1,end_frame,17640,18840,,1200,10.0,252_T3_R1_ex11
252,3,1,1,12,252 - T3P1R1,end_frame,18960,20040,,1080,9.0,252_T3_R1_ex12
252,3,1,1,13,252 - T3P1R1,end_frame,20160,21600,,1440,12.0,252_T3_R1_ex13
252,3,1,1,14,252 - T3P1R1,end_frame,22440,24720,,2280,19.0,252_T3_R1_ex14
252,3,1,1,15,252 - T3P1R1,end_frame,24840,26640,,1800,15.0,252_T3_R1_ex15
252,3,1,2,1,252 - T3P1R2,end_frame,2400,3360,,960,8.0,252_T3_R2_ex01
252,3,1,2,2,252 - T3P1R2,end_frame,4080,4920,,840,7.0,252_T3_R2_ex02
252,3,1,2,3,252 - T3P1R2,end_frame,5760,7200,,1440,12.0,252_T3_R2_ex03
252,3,1,2,4,252 - T3P1R2,end_frame,8280,8640,,360,3.0,252_T3_R2_ex04
252,3,1,2,5,252 - T3P1R2,end_frame,8760,9240,,480,4.0,252_T3_R2_ex05
252,3,1,2,6,252 - T3P1R2,end_frame,10200,11040,,840,7.0,252_T3_R2_ex06
252,3,1,2,7,252 - T3P1R2,end_frame,11280,11880,,600,5.0,252_T3_R2_ex07
252,3,1,2,8,252 - T3P1R2,end_frame,12840,14760,,1920,16.0,252_T3_R2_ex08
252,3,1,2,9,252 - T3P1R2,end_frame,15600,16680,,1080,9.0,252_T3_R2_ex09
252,3,1,2,10,252 - T3P1R2,end_frame,16800,18000,,1200,10.0,252_T3_R2_ex10
252,3,1,2,11,252 - T3P1R2,end_frame,18120,19320,,1200,10.0,252_T3_R2_ex11
252,3,1,2,12,252 - T3P1R2,end_frame,19440,20520,,1080,9.0,252_T3_R2_ex12
252,3,1,2,13,252 - T3P1R2,end_frame,20640,22200,,1560,13.0,252_T3_R2_ex13
252,3,1,2,14,252 - T3P1R2,end_frame,22920,24720,,1800,15.0,252_T3_R2_ex14
252,3,1,2,15,252 - T3P1R2,end_frame,25200,26880,,1680,14.0,252_T3_R2_ex15
651,1,1,1,1,651- T1P1R1,end_frame,1080,2160,,1080,9.0,651_T1_R1_ex01
651,1,1,1,2,651- T1P1R1,end_frame,3000,4440,,1440,12.0,651_T1_R1_ex02
651,1,1,1,3,651- T1P1R1,end_frame,4560,5880,,1320,11.0,651_T1_R1_ex03
651,1,1,1,4,651- T1P1R1,end_frame,7080,7440,,360,3.0,651_T1_R1_ex04
651,1,1,1,5,651- T1P1R1,end_frame,7680,8040,,360,3.0,651_T1_R1_ex05
651,1,1,1,6,651- T1P1R1,end_frame,9120,9600,,480,4.0,651_T1_R1_ex06
651,1,1,1,7,651- T1P1R1,end_frame,9960,10440,,480,4.0,651_T1_R1_ex07
651,1,1,1,8,651- T1P1R1,end_frame,11640,13440,,1800,15.0,651_T1_R1_ex08
651,1,1,1,9,651- T1P1R1,end_frame,14400,15480,,1080,9.0,651_T1_R1_ex09
651,1,1,1,10,651- T1P1R1,end_frame,15600,16800,,1200,10.0,651_T1_R1_ex10
651,1,1,1,11,651- T1P1R1,end_frame,16920,18240,,1320,11.0,651_T1_R1_ex11
651,1,1,1,12,651- T1P1R1,end_frame,18360,19320,,960,8.0,651_T1_R1_ex12
651,1,1,1,13,651- T1P1R1,end_frame,19440,20880,,1440,12.0,651_T1_R1_ex13
651,1,1,1,14,651- T1P1R1,end_frame,21720,23520,,1800,15.0,651_T1_R1_ex14
651,1,1,1,15,651- T1P1R1,end_frame,23880,25680,,1800,15.0,651_T1_R1_ex15
651,1,1,2,1,651- T1P1R2,end_frame,720,1560,,840,7.0,651_T1_R2_ex01
651,1,1,2,2,651- T1P1R2,end_frame,2400,3960,,1560,13.0,651_T1_R2_ex02
651,1,1,2,3,651- T1P1R2,end_frame,4200,5640,,1440,12.0,651_T1_R2_ex03
651,1,1,2,4,651- T1P1R2,end_frame,6720,7080,,360,3.0,651_T1_R2_ex04
651,1,1,2,5,651- T1P1R2,end_frame,7320,7680,,360,3.0,651_T1_R2_ex05
651,1,1,2,6,651- T1P1R2,end_frame,8760,9360,,600,5.0,651_T1_R2_ex06
651,1,1,2,7,651- T1P1R2,end_frame,9600,10080,,480,4.0,651_T1_R2_ex07
651,1,1,2,8,651- T1P1R2,end_frame,11280,13200,,1920,16.0,651_T1_R2_ex08
651,1,1,2,9,651- T1P1R2,end_frame,14040,15120,,1080,9.0,651_T1_R2_ex09
651,1,1,2,10,651- T1P1R2,end_frame,15240,16560,,1320,11.0,651_T1_R2_ex10
651,1,1,2,11,651- T1P1R2,end_frame,16680,17880,,1200,10.0,651_T1_R2_ex11
651,1,1,2,12,651- T1P1R2,end_frame,18000,18840,,840,7.0,651_T1_R2_ex12
651,1,1,2,13,651- T1P1R2,end_frame,18960,20640,,1680,14.0,651_T1_R2_ex13
651,1,1,2,14,651- T1P1R2,end_frame,21360,23160,,1800,15.0,651_T1_R2_ex14
651,1,1,2,15,651- T1P1R2,end_frame,23520,25320,,1800,15.0,651_T1_R2_ex15
651,2,1,1,1,651- T2P1R1,end_frame,2640,3360,,720,6.0,651_T2_R1_ex01
651,2,1,1,2,651- T2P1R1,end_frame,4200,6000,,1800,15.0,651_T2_R1_ex02
651,2,1,1,3,651- T2P1R1,end_frame,6120,7440,,1320,11.0,651_T2_R1_ex03
651,2,1,1,4,651- T2P1R1,end_frame,8520,8880,,360,3.0,651_T2_R1_ex04
651,2,1,1,5,651- T2P1R1,end_frame,9240,9600,,360,3.0,651_T2_R1_ex05
651,2,1,1,6,651- T2P1R1,end_frame,10560,11280,,720,6.0,651_T2_R1_ex06
651,2,1,1,7,651- T2P1R1,end_frame,11400,12120,,720,6.0,651_T2_R1_ex07
651,2,1,1,8,651- T2P1R1,end_frame,13080,15000,,1920,16.0,651_T2_R1_ex08
651,2,1,1,9,651- T2P1R1,end_frame,15840,16920,,1080,9.0,651_T2_R1_ex09
651,2,1,1,10,651- T2P1R1,end_frame,17040,18240,,1200,10.0,651_T2_R1_ex10
651,2,1,1,11,651- T2P1R1,end_frame,18360,19680,,1320,11.0,651_T2_R1_ex11
651,2,1,1,12,651- T2P1R1,end_frame,19800,20760,,960,8.0,651_T2_R1_ex12
651,2,1,1,13,651- T2P1R1,end_frame,20880,22560,,1680,14.0,651_T2_R1_ex13
651,2,1,1,14,651- T2P1R1,end_frame,23160,24960,,1800,15.0,651_T2_R1_ex14
651,2,1,1,15,651- T2P1R1,end_frame,25440,27120,,1680,14.0,651_T2_R1_ex15
651,2,1,2,1,651- T2P1R2,end_frame,1800,2520,,720,6.0,651_T2_R2_ex01
651,2,1,2,2,651- T2P1R2,end_frame,3480,4920,,1440,12.0,651_T2_R2_ex02
651,2,1,2,3,651- T2P1R2,end_frame,5280,6720,,1440,12.0,651_T2_R2_ex03
651,2,1,2,4,651- T2P1R2,end_frame,7800,8160,,360,3.0,651_T2_R2_ex04
651,2,1,2,5,651- T2P1R2,end_frame,8400,8760,,360,3.0,651_T2_R2_ex05
651,2,1,2,6,651- T2P1R2,end_frame,9720,10440,,720,6.0,651_T2_R2_ex06
651,2,1,2,7,651- T2P1R2,end_frame,10680,11280,,600,5.0,651_T2_R2_ex07
651,2,1,2,8,651- T2P1R2,end_frame,12360,14040,,1680,14.0,651_T2_R2_ex08
651,2,1,2,9,651- T2P1R2,end_frame,15000,16200,,1200,10.0,651_T2_R2_ex09
651,2,1,2,10,651- T2P1R2,end_frame,16320,17520,,1200,10.0,651_T2_R2_ex10
651,2,1,2,11,651- T2P1R2,end_frame,17640,18960,,1320,11.0,651_T2_R2_ex11
651,2,1,2,12,651- T2P1R2,end_frame,19080,20160,,1080,9.0,651_T2_R2_ex12
651,2,1,2,13,651- T2P1R2,end_frame,20280,21960,,1680,14.0,651_T2_R2_ex13
651,2,1,2,14,651- T2P1R2,end_frame,22560,24240,,1680,14.0,651_T2_R2_ex14
651,2,1,2,15,651- T2P1R2,end_frame,24600,26400,,1800,15.0,651_T2_R2_ex15
651,3,1,1,1,651- T3P1R1,end_frame,1440,2160,,720,6.0,651_T3_R1_ex01
651,3,1,1,2,651- T3P1R1,end_frame,3000,4320,,1320,11.0,651_T3_R1_ex02
651,3,1,1,3,651- T3P1R1,end_frame,4920,6240,,1320,11.0,651_T3_R1_ex03
651,3,1,1,4,651- T3P1R1,end_frame,7440,7920,,480,4.0,651_T3_R1_ex04
651,3,1,1,5,651- T3P1R1,end_frame,8040,8400,,360,3.0,651_T3_R1_ex05
651,3,1,1,6,651- T3P1R1,end_frame,9480,9960,,480,4.0,651_T3_R1_ex06
651,3,1,1,7,651- T3P1R1,end_frame,10320,10920,,600,5.0,651_T3_R1_ex07
651,3,1,1,8,651- T3P1R1,end_frame,12000,13680,,1680,14.0,651_T3_R1_ex08
651,3,1,1,9,651- T3P1R1,end_frame,14640,15720,,1080,9.0,651_T3_R1_ex09
651,3,1,1,10,651- T3P1R1,end_frame,15840,17160,,1320,11.0,651_T3_R1_ex10
651,3,1,1,11,651- T3P1R1,end_frame,17280,18480,,1200,10.0,651_T3_R1_ex11
651,3,1,1,12,651- T3P1R1,end_frame,18600,19680,,1080,9.0,651_T3_R1_ex12
651,3,1,1,13,651- T3P1R1,end_frame,19800,21360,,1560,13.0,651_T3_R1_ex13
651,3,1,1,14,651- T3P1R1,end_frame,22080,23880,,1800,15.0,651_T3_R1_ex14
651,3,1,1,15,651- T3P1R1,end_frame,24120,26040,,1920,16.0,651_T3_R1_ex15
651,3,1,2,1,651- T3P1R2,end_frame,1680,2400,,720,6.0,651_T3_R2_ex01
651,3,1,2,2,651- T3P1R2,end_frame,3000,4560,,1560,13.0,651_T3_R2_ex02
651,3,1,2,3,651- T3P1R2,end_frame,5160,6480,,1320,11.0,651_T3_R2_ex03
651,3,1,2,4,651- T3P1R2,end_frame,7680,8040,,360,3.0,651_T3_R2_ex04
651,3,1,2,5,651- T3P1R2,end_frame,8280,8760,,480,4.0,651_T3_R2_ex05
651,3,1,2,6,651- T3P1R2,end_frame,9600,10200,,600,5.0,651_T3_R2_ex06
651,3,1,2,7,651- T3P1R2,end_frame,10560,11040,,480,4.0,651_T3_R2_ex07
651,3,1,2,8,651- T3P1R2,end_frame,12240,14040,,1800,15.0,651_T3_R2_ex08
651,3,1,2,9,651- T3P1R2,end_frame,14880,15960,,1080,9.0,651_T3_R2_ex09
651,3,1,2,10,651- T3P1R2,end_frame,16080,17280,,1200,10.0,651_T3_R2_ex10
651,3,1,2,11,651- T3P1R2,end_frame,17400,18720,,1320,11.0,651_T3_R2_ex11
651,3,1,2,12,651- T3P1R2,end_frame,18840,19920,,1080,9.0,651_T3_R2_ex12
651,3,1,2,13,651- T3P1R2,end_frame,20040,21600,,1560,13.0,651_T3_R2_ex13
651,3,1,2,14,651- T3P1R2,end_frame,22320,24360,,2040,17.0,651_T3_R2_ex14
651,3,1,2,15,651- T3P1R2,end_frame,24600,26280,,1680,14.0,651_T3_R2_ex15
671,1,1,1,1,671 - T1P1R1,end_frame_exclusive,840,1680,,840,7.0,671_T1_R1_ex01
671,1,1,1,2,671 - T1P1R1,end_frame_exclusive,2520,4320,,1800,15.0,671_T1_R1_ex02
671,1,1,1,3,671 - T1P1R1,end_frame_exclusive,4440,6000,,1560,13.0,671_T1_R1_ex03
671,1,1,1,4,671 - T1P1R1,end_frame_exclusive,7080,7320,,240,2.0,671_T1_R1_ex04
671,1,1,1,5,671 - T1P1R1,end_frame_exclusive,7440,7800,,360,3.0,671_T1_R1_ex05
671,1,1,1,6,671 - T1P1R1,end_frame_exclusive,9000,9720,,720,6.0,671_T1_R1_ex06
671,1,1,1,7,671 - T1P1R1,end_frame_exclusive,9840,10440,,600,5.0,671_T1_R1_ex07
671,1,1,1,8,671 - T1P1R1,end_frame_exclusive,11520,13440,,1920,16.0,671_T1_R1_ex08
671,1,1,1,9,671 - T1P1R1,end_frame_exclusive,14280,15240,,960,8.0,671_T1_R1_ex09
671,1,1,1,10,671 - T1P1R1,end_frame_exclusive,15360,16560,,1200,10.0,671_T1_R1_ex10
671,1,1,1,11,671 - T1P1R1,end_frame_exclusive,16680,18120,,1440,12.0,671_T1_R1_ex11
671,1,1,1,12,671 - T1P1R1,end_frame_exclusive,18240,19440,,1200,10.0,671_T1_R1_ex12
671,1,1,1,13,671 - T1P1R1,end_frame_exclusive,19560,21000,,1440,12.0,671_T1_R1_ex13
671,1,1,1,14,671 - T1P1R1,end_frame_exclusive,21600,23520,,1920,16.0,671_T1_R1_ex14
671,1,1,1,15,671 - T1P1R1,end_frame_exclusive,23760,25680,,1920,16.0,671_T1_R1_ex15
671,1,1,2,1,671 - T1P1R2,end_frame,720,1560,,840,7.0,671_T1_R2_ex01
671,1,1,2,2,671 - T1P1R2,end_frame,2400,3720,,1320,11.0,671_T1_R2_ex02
671,1,1,2,3,671 - T1P1R2,end_frame,4320,5760,,1440,12.0,671_T1_R2_ex03
671,1,1,2,4,671 - T1P1R2,end_frame,6840,7080,,240,2.0,671_T1_R2_ex04
671,1,1,2,5,671 - T1P1R2,end_frame,7320,7680,,360,3.0,671_T1_R2_ex05
671,1,1,2,6,671 - T1P1R2,end_frame,8760,9480,,720,6.0,671_T1_R2_ex06
671,1,1,2,7,671 - T1P1R2,end_frame,9600,10440,,840,7.0,671_T1_R2_ex07
671,1,1,2,8,671 - T1P1R2,end_frame,11400,13320,,1920,16.0,671_T1_R2_ex08
671,1,1,2,9,671 - T1P1R2,end_frame,14040,15120,,1080,9.0,671_T1_R2_ex09
671,1,1,2,10,671 - T1P1R2,end_frame,15240,16560,,1320,11.0,671_T1_R2_ex10
671,1,1,2,11,671 - T1P1R2,end_frame,16680,18000,,1320,11.0,671_T1_R2_ex11
671,1,1,2,12,671 - T1P1R2,end_frame,18120,19200,,1080,9.0,671_T1_R2_ex12
671,1,1,2,13,671 - T1P1R2,end_frame,19320,20880,,1560,13.0,671_T1_R2_ex13
671,1,1,2,14,671 - T1P1R2,end_frame,21360,23160,,1800,15.0,671_T1_R2_ex14
671,1,1,2,15,671 - T1P1R2,end_frame,23520,25560,,2040,17.0,671_T1_R2_ex15
671,1,1,2,16,671 - T1P1R2,end_frame,26160,28320,,2160,18.0,671_T1_R2_ex16
671,2,1,1,1,671 - T2P1R1,end_frame,720,1560,,840,7.0,671_T2_R1_ex01
671,2,1,1,2,671 - T2P1R1,end_frame,2400,3720,,1320,11.0,671_T2_R1_ex02
671,2,1,1,3,671 - T2P1R1,end_frame,4320,5760,,1440,12.0,671_T2_R1_ex03
671,2,1,1,4,671 - T2P1R1,end_frame,6840,7080,,240,2.0,671_T2_R1_ex04
671,2,1,1,5,671 - T2P1R1,end_frame,7320,7680,,360,3.0,671_T2_R1_ex05
671,2,1,1,6,671 - T2P1R1,end_frame,8760,9480,,720,6.0,671_T2_R1_ex06
671,2,1,1,7,671 - T2P1R1,end_frame,9600,10440,,840,7.0,671_T2_R1_ex07
671,2,1,1,8,671 - T2P1R1,end_frame,11400,13320,,1920,16.0,671_T2_R1_ex08
671,2,1,1,9,671 - T2P1R1,end_frame,14040,15120,,1080,9.0,671_T2_R1_ex09
671,2,1,1,10,671 - T2P1R1,end_frame,15240,16560,,1320,11.0,671_T2_R1_ex10
671,2,1,1,11,671 - T2P1R1,end_frame,16680,18000,,1320,11.0,671_T2_R1_ex11
671,2,1,1,12,671 - T2P1R1,end_frame,18120,19200,,1080,9.0,671_T2_R1_ex12
671,2,1,1,13,671 - T2P1R1,end_frame,19320,20880,,1560,13.0,671_T2_R1_ex13
671,2,1,1,14,671 - T2P1R1,end_frame,21360,23160,,1800,15.0,671_T2_R1_ex14
671,2,1,1,15,671 - T2P1R1,end_frame,23520,25560,,2040,17.0,671_T2_R1_ex15
671,2,1,1,16,671 - T2P1R1,end_frame,26160,28320,,2160,18.0,671_T2_R1_ex16
671,2,1,2,1,671 - T2P1R2,end_frame,720,1680,,960,8.0,671_T2_R2_ex01
671,2,1,2,2,671 - T2P1R2,end_frame,2280,3840,,1560,13.0,671_T2_R2_ex02
671,2,1,2,3,671 - T2P1R2,end_frame,4200,6120,,1920,16.0,671_T2_R2_ex03
671,2,1,2,4,671 - T2P1R2,end_frame,6720,7080,,360,3.0,671_T2_R2_ex04
671,2,1,2,5,671 - T2P1R2,end_frame,7320,7680,,360,3.0,671_T2_R2_ex05
671,2,1,2,6,671 - T2P1R2,end_frame,8640,9480,,840,7.0,671_T2_R2_ex06
671,2,1,2,7,671 - T2P1R2,end_frame,9600,10440,,840,7.0,671_T2_R2_ex07
671,2,1,2,8,671 - T2P1R2,end_frame,11280,13320,,2040,17.0,671_T2_R2_ex08
671,2,1,2,9,671 - T2P1R2,end_frame,14040,15120,,1080,9.0,671_T2_R2_ex09
671,2,1,2,10,671 - T2P1R2,end_frame,15240,16560,,1320,11.0,671_T2_R2_ex10
671,2,1,2,11,671 - T2P1R2,end_frame,16680,17880,,1200,10.0,671_T2_R2_ex11
671,2,1,2,12,671 - T2P1R2,end_frame,18000,19200,,1200,10.0,671_T2_R2_ex12
671,2,1,2,13,671 - T2P1R2,end_frame,19320,21360,,2040,17.0,671_T2_R2_ex13
671,2,1,2,14,671 - T2P1R2,end_frame,21480,23280,,1800,15.0,671_T2_R2_ex14
671,2,1,2,15,671 - T2P1R2,end_frame,23640,25560,,1920,16.0,671_T2_R2_ex15
671,3,1,1,1,671 - T3P1R1,end_frame,1920,2640,,720,6.0,671_T3_R1_ex01
671,3,1,1,2,671 - T3P1R1,end_frame,3600,4680,,1080,9.0,671_T3_R1_ex02
671,3,1,1,3,671 - T3P1R1,end_frame,5400,6840,,1440,12.0,671_T3_R1_ex03
671,3,1,1,4,671 - T3P1R1,end_frame,7920,8280,,360,3.0,671_T3_R1_ex04
671,3,1,1,5,671 - T3P1R1,end_frame,8520,8760,,240,2.0,671_T3_R1_ex05
671,3,1,1,6,671 - T3P1R1,end_frame,9840,10680,,840,7.0,671_T3_R1_ex06
671,3,1,1,7,671 - T3P1R1,end_frame,10800,11520,,720,6.0,671_T3_R1_ex07
671,3,1,1,8,671 - T3P1R1,end_frame,12480,14520,,2040,17.0,671_T3_R1_ex08
671,3,1,1,9,671 - T3P1R1,end_frame,15120,16440,,1320,11.0,671_T3_R1_ex09
671,3,1,1,10,671 - T3P1R1,end_frame,16560,17760,,1200,10.0,671_T3_R1_ex10
671,3,1,1,11,671 - T3P1R1,end_frame,17880,19080,,1200,10.0,671_T3_R1_ex11
671,3,1,1,12,671 - T3P1R1,end_frame,19200,20400,,1200,10.0,671_T3_R1_ex12
671,3,1,1,13,671 - T3P1R1,end_frame,20520,22200,,1680,14.0,671_T3_R1_ex13
671,3,1,1,14,671 - T3P1R1,end_frame,22800,24360,,1560,13.0,671_T3_R1_ex14
671,3,1,1,15,671 - T3P1R1,end_frame,24720,26520,,1800,15.0,671_T3_R1_ex15
671,3,1,2,1,671 - T3P1R2,end_frame,1680,2520,,840,7.0,671_T3_R2_ex01
671,3,1,2,2,671 - T3P1R2,end_frame,3480,4560,,1080,9.0,671_T3_R2_ex02
671,3,1,2,3,671 - T3P1R2,end_frame,5280,6600,,1320,11.0,671_T3_R2_ex03
671,3,1,2,4,671 - T3P1R2,end_frame,7680,8160,,480,4.0,671_T3_R2_ex04
671,3,1,2,5,671 - T3P1R2,end_frame,8400,8640,,240,2.0,671_T3_R2_ex05
671,3,1,2,6,671 - T3P1R2,end_frame,9720,10320,,600,5.0,671_T3_R2_ex06
671,3,1,2,7,671 - T3P1R2,end_frame,10440,11400,,960,8.0,671_T3_R2_ex07
671,3,1,2,8,671 - T3P1R2,end_frame,12360,14280,,1920,16.0,671_T3_R2_ex08
671,3,1,2,9,671 - T3P1R2,end_frame,15000,16200,,1200,10.0,671_T3_R2_ex09
671,3,1,2,10,671 - T3P1R2,end_frame,16320,17520,,1200,10.0,671_T3_R2_ex10
671,3,1,2,11,671 - T3P1R2,end_frame,17640,18840,,1200,10.0,671_T3_R2_ex11
671,3,1,2,12,671 - T3P1R2,end_frame,18960,19920,,960,8.0,671_T3_R2_ex12
671,3,1,2,13,671 - T3P1R2,end_frame,20040,22320,,2280,19.0,671_T3_R2_ex13
671,3,1,2,14,671 - T3P1R2,end_frame,22440,24240,,1800,15.0,671_T3_R2_ex14
671,3,1,2,15,671 - T3P1R2,end_frame,24600,26640,,2040,17.0,671_T3_R2_ex15
790,1,1,1,1,790- T1P1R1,end_frame,1680,2760,,1080,9.0,790_T1_R1_ex01
790,1,1,1,2,790- T1P1R1,end_frame,3360,4440,,1080,9.0,790_T1_R1_ex02
790,1,1,1,3,790- T1P1R1,end_frame,5160,6720,,1560,13.0,790_T1_R1_ex03
790,1,1,1,4,790- T1P1R1,end_frame,7800,8760,5.0,960,8.0,790_T1_R1_ex04
790,1,1,1,6,790- T1P1R1,end_frame,9720,10320,,600,5.0,790_T1_R1_ex06
790,1,1,1,7,790- T1P1R1,end_frame,10560,11040,,480,4.0,790_T1_R1_ex07
790,1,1,1,8,790- T1P1R1,end_frame,12240,14280,,2040,17.0,790_T1_R1_ex08
790,1,1,1,9,790- T1P1R1,end_frame,15000,15960,,960,8.0,790_T1_R1_ex09
790,1,1,1,10,790- T1P1R1,end_frame,16080,17280,,1200,10.0,790_T1_R1_ex10
790,1,1,1,11,790- T1P1R1,end_frame,17400,18720,,1320,11.0,790_T1_R1_ex11
790,1,1,1,12,790- T1P1R1,end_frame,18840,19800,,960,8.0,790_T1_R1_ex12
790,1,1,1,13,790- T1P1R1,end_frame,19920,21720,,1800,15.0,790_T1_R1_ex13
790,1,1,1,14,790- T1P1R1,end_frame,22320,24240,,1920,16.0,790_T1_R1_ex14
790,1,1,1,15,790- T1P1R1,end_frame,24480,26280,,1800,15.0,790_T1_R1_ex15
790,1,1,2,1,790- T1P1R2,end_frame,1680,2520,,840,7.0,790_T1_R2_ex01
790,1,1,2,2,790- T1P1R2,end_frame,3360,4440,,1080,9.0,790_T1_R2_ex02
790,1,1,2,3,790- T1P1R2,end_frame,5160,6600,,1440,12.0,790_T1_R2_ex03
790,1,1,2,4,790- T1P1R2,end_frame,7800,8280,,480,4.0,790_T1_R2_ex04
790,1,1,2,5,790- T1P1R2,end_frame,8400,8880,,480,4.0,790_T1_R2_ex05
790,1,1,2,6,790- T1P1R2,end_frame,9600,10320,,720,6.0,790_T1_R2_ex06
790,1,1,2,7,790- T1P1R2,end_frame,10680,11280,,600,5.0,790_T1_R2_ex07
790,1,1,2,8,790- T1P1R2,end_frame,12480,14280,,1800,15.0,790_T1_R2_ex08
790,1,1,2,9,790- T1P1R2,end_frame,15000,15960,,960,8.0,790_T1_R2_ex09
790,1,1,2,10,790- T1P1R2,end_frame,16080,17400,,1320,11.0,790_T1_R2_ex10
790,1,1,2,11,790- T1P1R2,end_frame,17520,18840,,1320,11.0,790_T1_R2_ex11
790,1,1,2,12,790- T1P1R2,end_frame,18960,20160,,1200,10.0,790_T1_R2_ex12
790,1,1,2,13,790- T1P1R2,end_frame,20280,22080,,1800,15.0,790_T1_R2_ex13
790,1,1,2,14,790- T1P1R2,end_frame,22560,24600,,2040,17.0,790_T1_R2_ex14
790,1,1,2,15,790- T1P1R2,end_frame,24840,26400,,1560,13.0,790_T1_R2_ex15
790,2,1,1,1,790- T2P1R1,end_frame,1920,2760,,840,7.0,790_T2_R1_ex01
790,2,1,1,2,790- T2P1R1,end_frame,3600,4560,,960,8.0,790_T2_R1_ex02
790,2,1,1,3,790- T2P1R1,end_frame,5400,6840,,1440,12.0,790_T2_R1_ex03
790,2,1,1,4,790- T2P1R1,end_frame,8040,8520,,480,4.0,790_T2_R1_ex04
790,2,1,1,5,790- T2P1R1,end_frame,8640,9000,,360,3.0,790_T2_R1_ex05
790,2,1,1,6,790- T2P1R1,end_frame,9960,10560,,600,5.0,790_T2_R1_ex06
790,2,1,1,7,790- T2P1R1,end_frame,10800,11280,,480,4.0,790_T2_R1_ex07
790,2,1,1,8,790- T2P1R1,end_frame,12480,14400,,1920,16.0,790_T2_R1_ex08
790,2,1,1,9,790- T2P1R1,end_frame,15120,16440,,1320,11.0,790_T2_R1_ex09
790,2,1,1,10,790- T2P1R1,end_frame,16560,17760,,1200,10.0,790_T2_R1_ex10
790,2,1,1,11,790- T2P1R1,end_frame,17880,18960,,1080,9.0,790_T2_R1_ex11
790,2,1,1,12,790- T2P1R1,end_frame,19080,20040,,960,8.0,790_T2_R1_ex12
790,2,1,1,13,790- T2P1R1,end_frame,20160,21960,,1800,15.0,790_T2_R1_ex13
790,2,1,1,14,790- T2P1R1,end_frame,22800,24480,,1680,14.0,790_T2_R1_ex14
790,2,1,1,15,790- T2P1R1,end_frame,24720,27000,,2280,19.0,790_T2_R1_ex15
790,2,1,2,1,790- T2P1R2,end_frame,1440,2160,,720,6.0,790_T2_R2_ex01
790,2,1,2,2,790- T2P1R2,end_frame,3000,3960,,960,8.0,790_T2_R2_ex02
790,2,1,2,3,790- T2P1R2,end_frame,4920,6480,,1560,13.0,790_T2_R2_ex03
790,2,1,2,4,790- T2P1R2,end_frame,7440,7920,,480,4.0,790_T2_R2_ex04
790,2,1,2,5,790- T2P1R2,end_frame,8040,8520,,480,4.0,790_T2_R2_ex05
790,2,1,2,6,790- T2P1R2,end_frame,9360,9840,,480,4.0,790_T2_R2_ex06
790,2,1,2,7,790- T2P1R2,end_frame,10200,10680,,480,4.0,790_T2_R2_ex07
790,2,1,2,8,790- T2P1R2,end_frame,11880,14040,,2160,18.0,790_T2_R2_ex08
790,2,1,2,9,790- T2P1R2,end_frame,14640,15720,,1080,9.0,790_T2_R2_ex09
790,2,1,2,10,790- T2P1R2,end_frame,15840,17040,,1200,10.0,790_T2_R2_ex10
790,2,1,2,11,790- T2P1R2,end_frame,17160,18360,,1200,10.0,790_T2_R2_ex11
790,2,1,2,12,790- T2P1R2,end_frame,18480,19440,,960,8.0,790_T2_R2_ex12
790,2,1,2,13,790- T2P1R2,end_frame,19560,21600,,2040,17.0,790_T2_R2_ex13
790,2,1,2,14,790- T2P1R2,end_frame,22200,24000,,1800,15.0,790_T2_R2_ex14
790,2,1,2,15,790- T2P1R2,end_frame,24240,26040,,1800,15.0,790_T2_R2_ex15
790,3,1,1,1,790- T3P1R1,end_frame,1800,2640,,840,7.0,790_T3_R1_ex01
790,3,1,1,2,790- T3P1R1,end_frame,3480,4320,,840,7.0,790_T3_R1_ex02
790,3,1,1,3,790- T3P1R1,end_frame,5280,6840,,1560,13.0,790_T3_R1_ex03
790,3,1,1,4,790- T3P1R1,end_frame,7920,8400,,480,4.0,790_T3_R1_ex04
790,3,1,1,5,790- T3P1R1,end_frame,8520,8880,,360,3.0,790_T3_R1_ex05
790,3,1,1,6,790- T3P1R1,end_frame,9720,10320,,600,5.0,790_T3_R1_ex06
790,3,1,1,7,790- T3P1R1,end_frame,10680,11160,,480,4.0,790_T3_R1_ex07
790,3,1,1,8,790- T3P1R1,end_frame,12360,14280,,1920,16.0,790_T3_R1_ex08
790,3,1,1,9,790- T3P1R1,end_frame,15000,16080,,1080,9.0,790_T3_R1_ex09
790,3,1,1,10,790- T3P1R1,end_frame,16200,17400,,1200,10.0,790_T3_R1_ex10
790,3,1,1,11,790- T3P1R1,end_frame,17520,18840,,1320,11.0,790_T3_R1_ex11
790,3,1,1,12,790- T3P1R1,end_frame,18960,19920,,960,8.0,790_T3_R1_ex12
790,3,1,1,13,790- T3P1R1,end_frame,20040,22320,,2280,19.0,790_T3_R1_ex13
790,3,1,1,14,790- T3P1R1,end_frame,22680,24360,,1680,14.0,790_T3_R1_ex14
790,3,1,1,15,790- T3P1R1,end_frame,24720,26520,,1800,15.0,790_T3_R1_ex15
790,3,1,2,1,790- T3P1R2,end_frame,1800,2400,,600,5.0,790_T3_R2_ex01
790,3,1,2,2,790- T3P1R2,end_frame,3480,4200,,720,6.0,790_T3_R2_ex02
790,3,1,2,3,790- T3P1R2,end_frame,5280,6720,,1440,12.0,790_T3_R2_ex03
790,3,1,2,4,790- T3P1R2,end_frame,7800,8280,,480,4.0,790_T3_R2_ex04
790,3,1,2,5,790- T3P1R2,end_frame,8400,8760,,360,3.0,790_T3_R2_ex05
790,3,1,2,6,790- T3P1R2,end_frame,9720,10320,,600,5.0,790_T3_R2_ex06
790,3,1,2,7,790- T3P1R2,end_frame,10800,11160,,360,3.0,790_T3_R2_ex07
790,3,1,2,8,790- T3P1R2,end_frame,12360,14040,,1680,14.0,790_T3_R2_ex08
790,3,1,2,9,790- T3P1R2,end_frame,15000,16080,,1080,9.0,790_T3_R2_ex09
790,3,1,2,10,790- T3P1R2,end_frame,16200,17400,,1200,10.0,790_T3_R2_ex10
790,3,1,2,11,790- T3P1R2,end_frame,17520,18840,,1320,11.0,790_T3_R2_ex11
790,3,1,2,12,790- T3P1R2,end_frame,18960,20160,,1200,10.0,790_T3_R2_ex12
790,3,1,2,13,790- T3P1R2,end_frame,20280,21840,,1560,13.0,790_T3_R2_ex13
790,3,1,2,14,790- T3P1R2,end_frame,22560,24360,,1800,15.0,790_T3_R2_ex14
790,3,1,2,15,790- T3P1R2,end_frame,24840,26280,,1440,12.0,790_T3_R2_ex15
