participant,timepoint,repetition,recording_id,total_energy_deg2_s2,active_link_count,active_region_count,participation_entropy_bits,effective_dimensionality,lr_symmetry,regional_coupling,trunk_arm_lagged_coupling,energy_head_neck,energy_left_arm,energy_left_leg,energy_right_arm,energy_right_leg,energy_trunk_spine,total_energy_log,energy_share_head_neck,energy_share_left_arm,energy_share_left_leg,energy_share_right_arm,energy_share_right_leg,energy_share_trunk_spine,participation_entropy_bits_amp_residual,effective_dimensionality_amp_residual,lr_symmetry_amp_residual,regional_coupling_amp_residual,trunk_arm_lagged_coupling_amp_residual,active_link_count_amp_residual,active_region_count_amp_residual
252,1,1,252_T1_P1_R1,348673.49906348425,9.0,4.016666666666667,2.79541635071935,5.918949926324102,0.7558849561324367,0.1569043233550404,0.2861988313978786,10450.7730102411,130706.1172348902,20884.42584356558,155035.29163071953,25013.450222461466,6583.4411216063845,12.640549133763452,0.03174428073438933,0.3746276729449417,0.05134954898029868,0.46813425287129684,0.057738952701253156,0.016405291767820362,0.07030828595537342,0.3033913714590719,0.01681425053731167,0.030646985198918814,-0.006196927405605068,-1.7763568394002505e-15,0.23448764696897628
252,1,2,252_T1_P1_R2,514899.55295683834,9.0,3.499285714285714,2.6869621122421856,5.53706746651674,0.7645441559847534,0.1476536501868559,0.2526020517262475,17826.387163109808,214335.89344798424,26197.05524353454,228976.27886717004,21498.382504165573,6065.555730874123,13.061504040309874,0.04390931518876213,0.4212690491005725,0.03654888777151598,0.45581980087202406,0.031200541867781706,0.011252405199343654,-0.031366694481193225,-0.0023444859491803527,0.026636211325059778,0.010671397617545292,-0.04407101725386481,-1.7763568394002505e-15,-0.23566806011214458
252,2,1,252_T2_P1_R1,219055.6971668345,9.0,3.7833333333333337,2.6986682283147605,5.684701977104903,0.7342676396189558,0.12348041401767611,0.29147006651894675,7859.245579050717,77228.28020531482,18676.27202122619,95282.78234263271,16594.137844925746,3414.979173684308,12.11829935906069,0.030362748984959616,0.36033200137425664,0.05851715949638335,0.49071052116523434,0.048118947464749165,0.011958621514416883,-0.03485039522711597,-0.025326425548755083,-0.0062456234261919485,0.010528738888377256,0.004380872008548031,-1.7763568394002505e-15,-0.05743479729897372
252,2,2,252_T2_P1_R2,338329.245404693,9.0,3.65,2.7224218166833025,5.455116197331671,0.7322118521211705,0.07329704085893536,0.2941420370483111,12042.0744278999,161578.94699384237,22709.6085054098,117543.37341920103,18673.24949156523,5781.992566774627,12.604703817160972,0.03720312265797664,0.46894480848444253,0.042731561764449734,0.40009758227948844,0.03743694613808136,0.013585978675561342,-0.0032635181089264442,-0.16692642275923486,-0.006957865347234415,-0.0520470451965533,0.0021105014314536374,-1.7763568394002505e-15,-0.1362003622288661
252,3,1,252_T3_P1_R1,402214.54559682147,9.0,3.896666666666667,2.73364180968494,5.451213781997016,0.7292448391280649,0.13447443758042021,0.3090173441155666,12172.440639110131,173601.47933547533,15631.336933757959,175088.4946229079,17603.578772249246,8117.215293320929,12.862210837235764,0.027386750245747882,0.4284177642144996,0.03294566923629279,0.45695272584915936,0.03601184422251852,0.018285246231781817,0.012103490426214059,-0.12424835080729668,-0.009213592882239996,0.0025696945325823506,0.014369287393026786,-1.7763568394002505e-15,0.13935498586268347
252,3,2,252_T3_P1_R2,587049.6447195436,9.0,3.7700000000000005,2.70246712458579,5.521949883400789,0.7163719302881126,0.1392486094161013,0.3279293332487337,12362.345401052711,245901.35624349053,23382.32235528263,278221.4215246817,20208.56681186092,6973.632383175223,13.243472931295855,0.022265019500962213,0.4128974405321518,0.03661539878431696,0.4834759150354799,0.03258480803234736,0.012161418114741702,-0.012931168564350948,0.0154543136053924,-0.02103338020670531,-0.002369771040870189,0.02940728382644109,-1.7763568394002505e-15,0.055460586808319334
651,1,1,651_T1_P1_R1,152336.64501588885,9.0,3.245454545454545,2.765261392281383,5.615310194043138,0.8106312544855954,0.14199198962437226,0.24427481591172628,1670.2827879811819,65677.48575661873,5603.349184603396,69960.31213152155,8739.641530462934,685.5736247010811,11.868813584440812,0.012268339534315578,0.43440019633126303,0.03420498981864526,0.4626105999553876,0.051419060215317905,0.00509681414507072,-0.10319524154249615,-0.594075996790723,-0.002106675492053678,0.02323589374003565,-0.026971719770566227,0.0,-0.2613743132644175
651,1,2,651_T1_P1_R2,244565.8617766885,9.0,3.193650793650794,2.7547003547411877,5.547791784504358,0.811351298827341,0.13100203465674778,0.2695205835077278,4377.010463976418,97645.73132523867,8511.632682616033,123988.04444860734,9108.913887694334,934.5289685557098,12.338981526356745,0.01732934748805234,0.40821020423593113,0.0292737061577865,0.509811409205349,0.031910181664756745,0.0034651512481242526,-0.11386515617973902,-0.748794797811529,-0.0021975282655184447,-0.00808275530251426,-0.05138244913982226,0.0,-0.5080417223586955
651,2,1,651_T2_P1_R1,223735.82917874906,9.0,3.8714285714285714,2.9231882928604094,6.73305597629524,0.8252446821610036,0.14443298743336577,0.3643885826825052,4364.2909058205605,93876.59040759229,10183.974786532935,100724.09595826853,11493.51616919417,3093.3609513405636,12.238452474073998,0.018752498647148553,0.43508461355882666,0.03927696511711829,0.44872054633568814,0.04523565446144892,0.012929721879769516,0.054646061517705125,0.4551141630774982,0.011869237196578286,0.009694781252594459,0.05410286383830876,0.0,0.21140086717111206
651,2,2,651_T2_P1_R2,282896.68933004775,9.0,3.8785714285714286,2.870636362827001,6.362226213615122,0.8056559146925197,0.14809318080371237,0.3432860660991637,4118.471144777986,120211.87025349052,10698.279535120286,131665.10831006212,13010.66379996885,3192.2962866280486,12.507872265390166,0.014835340101420829,0.4334800540267598,0.035893790733353505,0.4630791132745295,0.040869312694471756,0.011842389169464618,0.002031741767452022,0.03431606104178897,-0.008184197706840868,0.0017060465971848182,0.004545742299651878,0.0,0.10688122842286063
651,3,1,651_T3_P1_R1,205220.77485243703,9.0,3.8766666666666665,2.9556893804169158,6.6354788416236605,0.8305580177325502,0.15811838788119054,0.28190460176064774,4231.941641299016,88299.09230486139,8025.666321362065,92294.27868427642,9648.691707426955,2721.1041932111452,12.115464705701521,0.01850787606485027,0.45427142914323787,0.02982863061972979,0.4495124369443829,0.036293524657738475,0.011586102570060725,0.08717562943197077,0.3803471364406734,0.01739468937091382,0.0286978150295093,-0.015391839843452104,0.0,0.26761191103135307
651,3,2,651_T3_P1_R2,171930.91804329786,9.0,3.75,2.9416969268608866,6.709172267388236,0.7962106260859951,0.06972706832421699,0.3215441352166627,2946.370316684389,78414.33894160032,8269.110746529352,71389.2320276403,8343.300204224364,2568.565806619098,12.012735240994337,0.016145070920033616,0.4673201019295858,0.04167404264227354,0.4185863798678974,0.042140824151495976,0.014133580488713687,0.0732069650051046,0.47309343404228077,-0.016775525103078892,-0.055251781316810744,0.035097402615876794,0.0,0.18352202899778147
671,1,1,671_T1_P1_R1,235026.32668928755,9.0,3.300840336134454,2.7907456619850812,5.872371047774789,0.8034036727289366,0.16375720007247233,0.26001299230563363,4608.489840370855,122507.89971580447,9479.816006745315,87996.6740976272,8778.091164020632,1655.3558647190407,12.25257026706817,0.017098872850294926,0.548259794210509,0.031353358215811034,0.36863244808648366,0.028758121067407695,0.00589740556949377,-0.03670423447442728,-0.11723852246000188,0.03312281246087534,0.023637802940526004,-0.0071250308814014285,1.7763568394002505e-15,-0.01859074598681376
671,1,2,671_T1_P1_R2,260134.89448751547,9.0,3.2944444444444443,2.839273233821083,5.924588686251477,0.7369543197242099,0.15889306132124512,0.2403565280647788,6916.617950650881,122570.28514709996,9006.982060967875,113390.3255751875,7157.237367573005,1093.4463860362653,12.37924757440804,0.027486127354898936,0.4748665263290742,0.02589044807754487,0.44624311986634957,0.021888135339653635,0.003625643032478793,0.029390489520488394,0.03411911575317639,-0.027185409798685334,-0.001514654999885262,-0.010698896753536857,1.7763568394002505e-15,0.09614750588256094
671,2,1,671_T2_P1_R1,182440.15251847496,9.0,3.3299999999999996,2.907464322798093,6.397868722629641,0.8041243647780643,0.13963174985209337,0.3200480453130385,3778.9783545977566,76948.06183202926,10311.311821174653,77270.81136993454,13100.593414475772,1030.3957262629842,11.947299548947267,0.018506630008355056,0.4622934941944341,0.03501073755898167,0.4359585174163262,0.04354840808268371,0.004682212739219304,0.03768058401508956,0.1693486517724656,0.019044426190304553,0.04840374375462497,0.014153701389749862,0.0,-0.2813437203818947
671,2,2,671_T2_P1_R2,203770.48038457017,9.0,3.285,2.8229470656395326,6.0669848896040675,0.7755348344126143,0.08615946063665392,0.30366593753425064,4274.4537331280535,97944.76494579951,7960.761417205521,83683.95586746193,8766.748902305035,1139.7955186701147,12.166748356868426,0.018515968754023206,0.49096039470184527,0.02794059784290125,0.4250034549097773,0.032729605040762534,0.004849978750690558,-0.016404303835996448,0.010209507802412254,0.001093453350386575,-0.04021491503784713,0.025632203489740157,1.7763568394002505e-15,-0.1164975848673695
671,3,1,671_T3_P1_R1,169747.9234249004,9.0,3.8742857142857146,2.879919264700894,6.345266062628954,0.7717477680470698,0.08033740729378695,0.2958010097986362,4682.7917740653165,89668.06577784129,7427.5301998603045,58112.800655045314,7353.540006558961,2503.1950115292107,11.934065250242407,0.024089945877661355,0.5463963385095291,0.0366609733719391,0.34356976704518816,0.036670868277283476,0.012612106918398789,0.008300241098952554,0.10638858524282302,-0.013973750002503671,-0.00877102678239712,-0.011773523854221701,0.0,0.2502868035395247
671,3,2,671_T3_P1_R2,165631.37382082085,9.0,3.7766666666666664,2.8613452428996755,6.103709883554673,0.7778111028242698,0.05372138281072446,0.30836191742077157,4411.689538247831,79396.9364404681,8357.74546870148,63114.927263135396,7323.0002210110515,3027.0748892569964,11.847612211676745,0.024321045311052197,0.486709599661059,0.03224401882024182,0.4128392827421016,0.029209970040077988,0.01467608342546747,-0.022262776324100564,-0.20282733811085585,-0.012101532200376242,-0.021540949875025986,-0.010188453390327923,0.0,0.06999774181399676
790,1,1,790_T1_P1_R1,246273.05313434298,9.0,3.9,2.7719701123739204,5.552370268181583,0.7419674475096395,0.21191525420168628,0.34890514550398094,2924.2075354130566,133302.62898929726,7372.0651321059195,91326.30192104922,7392.839071695116,3955.010484782404,12.327767811932898,0.012546972284510868,0.5453086752010572,0.023508605319906124,0.37713242616111753,0.025146887631758576,0.01635643340164967,-0.09738565646758612,-0.5293957998689187,0.0042142724958343925,0.07569702254937288,-0.007521673898055636,1.7763568394002505e-15,-0.09490967347763446
790,1,2,790_T1_P1_R2,250999.22575455563,9.0,3.88952380952381,2.7825505428569484,5.606818296527524,0.7290958995119052,0.11930462180070707,0.3598600653459557,5155.694824537442,128227.3233983872,5995.028853044448,101215.40572684056,5789.6656403466895,4616.107311399309,12.358946277902428,0.024180031400403004,0.503477270013249,0.02486939237226875,0.4026307395900294,0.024867796933880595,0.019974769690169248,-0.0709966785785161,-0.4337640215652856,-0.010773860526250512,-0.018808661748262276,0.00691276733837809,1.7763568394002505e-15,-0.07915301645883455
790,2,1,790_T2_P1_R1,178863.17762464104,9.0,4.134285714285714,3.0068401868372896,6.489669651812626,0.7309945508839221,0.13440107003925614,0.3874274741582525,7401.338356845683,87733.43102474391,8690.756615910886,62171.15760343707,9148.439871537124,3718.054152166369,12.011542038253392,0.036771931854172116,0.5124269164610635,0.039324273943450574,0.35480655455916293,0.03893232155905934,0.01773800162309148,-0.022852852577763816,-0.009800199551712296,0.014708716102245556,0.017403291784761715,-0.004290188163140196,1.7763568394002505e-15,-0.12668908577725535
790,2,2,790_T2_P1_R2,208349.58808433288,9.0,4.51,3.0910201189654978,6.7840580950119405,0.7111846639334312,0.08827138533333756,0.40820717553496266,9772.743607271776,99359.37304875697,14909.404724315677,65392.41285656144,14973.273106917579,3942.380740509457,12.139286986166061,0.04488233510331174,0.501846469841623,0.056186698435617966,0.3257487061086329,0.05369934268574641,0.017636447825068024,0.1260981323319803,0.45332701348750337,-0.013773279474521227,-0.03649083220007132,0.03074586821610803,1.7763568394002505e-15,0.35650687463274444
790,3,1,790_T3_P1_R1,236294.5763338847,9.0,3.8244444444444445,2.8544532832563787,6.159533978933444,0.7312945294406193,0.1035941123108753,0.3153230735482526,5878.974340449882,124562.81467218357,9814.737820115668,77917.94299461738,14068.868918424021,4051.2375880942286,12.31220077438237,0.02850633527803187,0.5461140479852915,0.030447931799473048,0.33437735243642613,0.04336720021361608,0.017187132287161334,-0.0227955054447202,0.05720535393452231,-0.0054018598228813275,-0.03167794244921156,-0.042841029537283415,1.7763568394002505e-15,-0.1835629780504382
790,3,2,790_T3_P1_R2,307074.5753764418,9.0,3.9466666666666668,2.8511958141991776,6.267806048950731,0.7629837695878108,0.14281320927360014,0.3500697094051547,4838.823913586774,138745.54129615615,15144.66837115891,132664.25170204847,12038.064886121652,3643.225207369824,12.537009166967218,0.02146970436623117,0.4627936803307878,0.05246418598054714,0.4075872540186317,0.04104608860322968,0.014639086700572419,0.08793256073662148,0.4624276535639096,0.01102601122557223,-0.006122877936589555,0.016994256043994516,1.7763568394002505e-15,0.12780787913142033
