fold,objective,seed,control,value,chance
A,masked_6d,0,identity_probe,0.4666666666666667,0.25
A,masked_6d,0,shuffle_time_skill,0.4648181874200876,0.0
A,masked_6d,0,shuffle_link_skill,0.20015598133404733,0.0
A,masked_6d,0,overshoot_skill_baseline,0.5833195682692949,
A,masked_6d,0,overshoot_exclude_link_skill,0.460353263829846,
A,masked_6d,0,overshoot_exclude_790T1_windows_skill,0.5864345182069519,
A,masked_6d,1,identity_probe,0.2916666666666667,0.25
A,masked_6d,1,shuffle_time_skill,0.4800564798485214,0.0
A,masked_6d,1,shuffle_link_skill,0.1678167302054869,0.0
A,masked_6d,1,overshoot_skill_baseline,0.5902828571149799,
A,masked_6d,1,overshoot_exclude_link_skill,0.4658855349385708,
A,masked_6d,1,overshoot_exclude_790T1_windows_skill,0.5946943902077477,
A,masked_6d,2,identity_probe,0.5,0.25
A,masked_6d,2,shuffle_time_skill,0.4516223817428452,0.0
A,masked_6d,2,shuffle_link_skill,0.14127498910862143,0.0
A,masked_6d,2,overshoot_skill_baseline,0.585076766357619,
A,masked_6d,2,overshoot_exclude_link_skill,0.46663762980701384,
A,masked_6d,2,overshoot_exclude_790T1_windows_skill,0.5854305193140685,
A,masked_angular_velocity,0,identity_probe,0.4166666666666667,0.25
A,masked_angular_velocity,0,shuffle_time_skill,-0.012660090441050452,0.0
A,masked_angular_velocity,0,shuffle_link_skill,0.024742278779163292,0.0
A,masked_angular_velocity,0,overshoot_skill_baseline,0.03624465998086286,
A,masked_angular_velocity,0,overshoot_exclude_link_skill,0.03593176337764583,
A,masked_angular_velocity,0,overshoot_exclude_790T1_windows_skill,0.042665745553294186,
A,masked_angular_velocity,1,identity_probe,0.5166666666666667,0.25
A,masked_angular_velocity,1,shuffle_time_skill,-0.008062389541643464,0.0
A,masked_angular_velocity,1,shuffle_link_skill,0.018697623510022483,0.0
A,masked_angular_velocity,1,overshoot_skill_baseline,0.035504845819839384,
A,masked_angular_velocity,1,overshoot_exclude_link_skill,0.03366820470947642,
A,masked_angular_velocity,1,overshoot_exclude_790T1_windows_skill,0.03910042630825082,
A,masked_angular_velocity,2,identity_probe,0.4,0.25
A,masked_angular_velocity,2,shuffle_time_skill,-0.008759761100130355,0.0
A,masked_angular_velocity,2,shuffle_link_skill,0.025262296627225865,0.0
A,masked_angular_velocity,2,overshoot_skill_baseline,0.03530816668053585,
A,masked_angular_velocity,2,overshoot_exclude_link_skill,0.03448977844457533,
A,masked_angular_velocity,2,overshoot_exclude_790T1_windows_skill,0.04054923285297113,
B,masked_6d,0,identity_probe,0.5054945054945055,0.25
B,masked_6d,0,shuffle_time_skill,0.45768176079482437,0.0
B,masked_6d,0,shuffle_link_skill,0.19688658384050448,0.0
B,masked_6d,0,overshoot_skill_baseline,0.6127045313597623,
B,masked_6d,0,overshoot_exclude_link_skill,0.5051601514224925,
B,masked_6d,0,overshoot_exclude_790T1_windows_skill,0.6127045313597623,
B,masked_6d,1,identity_probe,0.3076923076923077,0.25
B,masked_6d,1,shuffle_time_skill,0.4697016914637086,0.0
B,masked_6d,1,shuffle_link_skill,0.18022874058587074,0.0
B,masked_6d,1,overshoot_skill_baseline,0.6157825414476036,
B,masked_6d,1,overshoot_exclude_link_skill,0.4947368092686209,
B,masked_6d,1,overshoot_exclude_790T1_windows_skill,0.6157825414476036,
B,masked_6d,2,identity_probe,0.4835164835164835,0.25
B,masked_6d,2,shuffle_time_skill,0.46516720930869193,0.0
B,masked_6d,2,shuffle_link_skill,0.14301688463319048,0.0
B,masked_6d,2,overshoot_skill_baseline,0.5986477445343186,
B,masked_6d,2,overshoot_exclude_link_skill,0.48013132441697526,
B,masked_6d,2,overshoot_exclude_790T1_windows_skill,0.5986477445343186,
B,masked_angular_velocity,0,identity_probe,0.4835164835164835,0.25
B,masked_angular_velocity,0,shuffle_time_skill,-0.006797921864885044,0.0
B,masked_angular_velocity,0,shuffle_link_skill,0.022803683994999897,0.0
B,masked_angular_velocity,0,overshoot_skill_baseline,0.04196955128293425,
B,masked_angular_velocity,0,overshoot_exclude_link_skill,0.04063434840193681,
B,masked_angular_velocity,0,overshoot_exclude_790T1_windows_skill,0.04196955128293425,
B,masked_angular_velocity,1,identity_probe,0.42857142857142855,0.25
B,masked_angular_velocity,1,shuffle_time_skill,-0.0071998235468061595,0.0
B,masked_angular_velocity,1,shuffle_link_skill,0.021457825357384698,0.0
B,masked_angular_velocity,1,overshoot_skill_baseline,0.03154481666807951,
B,masked_angular_velocity,1,overshoot_exclude_link_skill,0.029299378336606466,
B,masked_angular_velocity,1,overshoot_exclude_790T1_windows_skill,0.03154481666807951,
B,masked_angular_velocity,2,identity_probe,0.42857142857142855,0.25
B,masked_angular_velocity,2,shuffle_time_skill,-0.006047140584141311,0.0
B,masked_angular_velocity,2,shuffle_link_skill,0.022920392126095746,0.0
B,masked_angular_velocity,2,overshoot_skill_baseline,0.03256552425678098,
B,masked_angular_velocity,2,overshoot_exclude_link_skill,0.030249026380685124,
B,masked_angular_velocity,2,overshoot_exclude_790T1_windows_skill,0.03256552425678098,
