epoch,train_loss,val_loss,trivial_best,skill
0,0.16011145897633938,0.08211960807278916,0.017159670141044553,-3.7856169377268887
1,0.07240548422708598,0.0672067852465661,0.01768356363115075,-2.8005227141082
2,0.06219735812047891,0.05893947134961139,0.017648828707144154,-2.3395684397884713
3,0.05512745542651157,0.0551876867046723,0.018566912183394797,-1.9723675191413392
4,0.04850693170940143,0.04805234004999255,0.017431092008457078,-1.7567027944479268
5,0.04396491175292565,0.043976158190232054,0.016407562010399588,-1.6802372078410364
6,0.043018953972294556,0.04098825868996945,0.016640943546707813,-1.463097033826452
7,0.04078946002930878,0.040139510736360656,0.017664292520219154,-1.2723531491802231
8,0.038373637545624735,0.03757780769860351,0.016372689291589207,-1.2951518244414226
9,0.038987445905974354,0.03756435395597101,0.016702449849837427,-1.2490325846622221
10,0.03758020063433669,0.03674613418323653,0.018206728949815364,-1.0182721610522563
11,0.036752003365979106,0.03946598697003428,0.01819661777507473,-1.1688638766756863
12,0.03673097116189557,0.036746724866903745,0.01741099351464392,-1.110547272101219
13,0.035705238911652074,0.03676423483661243,0.017621264168685608,-1.086356261654905
14,0.03500555776449977,0.03756006954462974,0.01751149609521195,-1.1448806738391435
15,0.0346933050772731,0.03778879156151971,0.016856256381168472,-1.241825866135776
16,0.03509838675447911,0.03766043762584309,0.019249391414552598,-0.9564482229485803
17,0.03471210988446357,0.03540911967610265,0.01670131435269838,-1.1201397044767143
18,0.03442636043987404,0.037510502428471384,0.01983856233757931,-0.8907873358049189
19,0.03439056593288322,0.03509904186312969,0.017668905186947886,-0.9864865135536263
20,0.03396831430359012,0.03500398895242712,0.0183106312671533,-0.9116757058627116
21,0.03343693915423608,0.03768729655952244,0.018047930969559884,-1.088178230683995
22,0.03323972395754892,0.03359342657111503,0.016963414909256683,-0.9803457470573097
23,0.033267606058261935,0.035388573431051694,0.016943184331386953,-1.0886613011401276
24,0.033845031757018015,0.03459064052491398,0.017712058765547618,-0.9529429629150462
25,0.03245220710109741,0.03541633065094005,0.01853571185371378,-0.9107078773370173
26,0.03242448573096195,0.03458415937947703,0.01821961043054586,-0.8981832521235136
27,0.03285405205261463,0.0340407279084672,0.018638128455687356,-0.8264026878771615
28,0.03256203089936176,0.03514043229458096,0.01883855932852724,-0.8653460533666067
29,0.031860134740421604,0.03348693996667862,0.01807431047679959,-0.8527367895811502
30,0.031291851498067784,0.033157585127340565,0.018906683538231876,-0.7537494114338685
31,0.03202612291605706,0.0330912777028241,0.01965794331588588,-0.6833540096782423
32,0.03190787060182024,0.03514522064354394,0.018420826766517136,-0.9079067996788354
33,0.03120681000258222,0.032621190402206485,0.018971918355468867,-0.719446067129161
34,0.03190238587133977,0.0343799848150421,0.017798970361332316,-0.9315715525731476
35,0.030918069697220666,0.03218740061089233,0.01706371032684059,-0.8863072564155482
36,0.030785518564742084,0.03347312781836961,0.017479353512708958,-0.9150094878527304
37,0.030863959893821857,0.03208279806179005,0.018515706389814944,-0.7327342196049319
38,0.03097654625366109,0.03208605486613054,0.016752534371974704,-0.915295569833736
39,0.03106504595989111,0.032312426347653946,0.017188246413082867,-0.8799140744840195
40,0.030371616532970942,0.033857961277385336,0.01852907737778438,-0.8272880288135485
41,0.03033655426191306,0.031714450486086225,0.01668908088826216,-0.9003113891305887
42,0.02996967637440474,0.02955183112523058,0.01611305170457114,-0.834030676935454
43,0.03078329869055938,0.03336800336019023,0.017609255255333016,-0.8949128101306063
44,0.030336603395012898,0.03167335521225091,0.0197322017789542,-0.6051607198763191
45,0.03031414873677397,0.03267001982901122,0.01782758742734626,-0.8325541783010817
46,0.02985558752182676,0.033453156905514855,0.019240952741641264,-0.7386434733616669
47,0.0302093706448013,0.032013925058501105,0.017612079936233194,-0.8177254006574832
48,0.02989439056138243,0.03095703817658372,0.018076840767657365,-0.7125248031155579
49,0.02969287698218654,0.032214682057991134,0.01822302310348867,-0.7678011971473525
50,0.030180153863373,0.03273075769890796,0.016927254283903063,-0.9336129268190414
